[0.000000] (-) TimerEvent: {}
[0.001058] (quadruped_interfaces) JobQueued: {'identifier': 'quadruped_interfaces', 'dependencies': OrderedDict()}
[0.001366] (quadruped_control) JobQueued: {'identifier': 'quadruped_control', 'dependencies': OrderedDict([('quadruped_interfaces', '/home/jonnydang2004/QUADRAPED/install/quadruped_interfaces')])}
[0.001875] (quadruped_interfaces) JobStarted: {'identifier': 'quadruped_interfaces'}
[0.024336] (quadruped_interfaces) JobProgress: {'identifier': 'quadruped_interfaces', 'progress': 'cmake'}
[0.026147] (quadruped_interfaces) JobProgress: {'identifier': 'quadruped_interfaces', 'progress': 'build'}
[0.028814] (quadruped_interfaces) Command: {'cmd': ['/usr/bin/cmake', '--build', '/home/jonnydang2004/QUADRAPED/build/quadruped_interfaces', '--', '-j4', '-l4'], 'cwd': '/home/jonnydang2004/QUADRAPED/build/quadruped_interfaces', 'env': OrderedDict([('LESSOPEN', '| /usr/bin/lesspipe %s'), ('USER', 'jonnydang2004'), ('GIT_ASKPASS', '/home/jonnydang2004/.vscode-server/bin/38c31bc77e0dd6ae88a4e9cc93428cc27a56ba40/extensions/git/dist/askpass.sh'), ('SHLVL', '1'), ('LD_LIBRARY_PATH', '/opt/ros/iron/opt/rviz_ogre_vendor/lib:/opt/ros/iron/lib/x86_64-linux-gnu:/opt/ros/iron/lib'), ('HOME', '/home/jonnydang2004'), ('OLDPWD', '/home/jonnydang2004/QUADRAPED/pigpio-74'), ('TERM_PROGRAM_VERSION', '1.93.1'), ('NVM_BIN', '/home/jonnydang2004/.nvm/versions/node/v18.19.0/bin'), ('VSCODE_IPC_HOOK_CLI', '/run/user/1000/vscode-ipc-aeaa321f-954c-44ec-865c-68b87d92bff0.sock'), ('NVM_INC', '/home/jonnydang2004/.nvm/versions/node/v18.19.0/include/node'), ('ROS_PYTHON_VERSION', '3'), ('VSCODE_GIT_ASKPASS_MAIN', '/home/jonnydang2004/.vscode-server/bin/38c31bc77e0dd6ae88a4e9cc93428cc27a56ba40/extensions/git/dist/askpass-main.js'), ('VSCODE_GIT_ASKPASS_NODE', '/home/jonnydang2004/.vscode-server/bin/38c31bc77e0dd6ae88a4e9cc93428cc27a56ba40/node'), ('DBUS_SESSION_BUS_ADDRESS', 'unix:path=/run/user/1000/bus'), ('COLORTERM', 'truecolor'), ('WSL_DISTRO_NAME', 'Ubuntu'), ('NVM_DIR', '/home/jonnydang2004/.nvm'), ('WAYLAND_DISPLAY', 'wayland-0'), ('ROS_DISTRO', 'iron'), ('LOGNAME', 'jonnydang2004'), ('NAME', 'DESKTOP-JO2E52O'), ('WSL_INTEROP', '/run/WSL/33065_interop'), ('PULSE_SERVER', 'unix:/mnt/wslg/PulseServer'), ('_', '/usr/bin/colcon'), ('ROS_VERSION', '2'), ('TERM', 'xterm-256color'), ('_colcon_cd_rott', '/opt/ros/iron/'), ('PATH', '/home/jonnydang2004/.vscode-server/bin/38c31bc77e0dd6ae88a4e9cc93428cc27a56ba40/bin/remote-cli:/home/jonnydang2004/.local/bin:/opt/ros/iron/bin:/home/jonnydang2004/.nvm/versions/node/v18.19.0/bin:/usr/local/sbin:/usr/local/bin:/usr/sbin:/usr/bin:/sbin:/bin:/usr/games:/usr/local/games:/usr/lib/wsl/lib:/mnt/c/Windows/system32:/mnt/c/Windows:/mnt/c/Windows/System32/Wbem:/mnt/c/Windows/System32/WindowsPowerShell/v1.0/:/mnt/c/Windows/System32/OpenSSH/:/mnt/c/Program Files (x86)/Intel/Intel(R) Management Engine Components/DAL:/mnt/c/Program Files/Intel/Intel(R) Management Engine Components/DAL:/mnt/c/Program Files/MATLAB/R2023b/bin:/mnt/c/Program Files/MATLAB/R2022a/bin:/mnt/c/Program Files/Docker/Docker/resources/bin:/mnt/c/Program Files/dotnet/:/mnt/c/Program Files/:/mnt/c/Program Files/Git/cmd:/mnt/c/Program Files (x86)/IVI Foundation/VISA/WinNT/Bin/:/mnt/c/Program Files/IVI Foundation/VISA/Win64/Bin/:/mnt/c/Program Files (x86)/National Instruments/Shared/LabVIEW CLI:/mnt/c/Program Files (x86)/IVI Foundation/IVI/Bin/:/mnt/c/Program Files/IVI Foundation/IVI/Bin/:/mnt/c/Program Files (x86)/IVI Foundation/VISA/WinNT/Bin:/mnt/c/Users/User/AppData/Local/Programs/Python/Python310/Scripts/:/mnt/c/Users/User/AppData/Local/Programs/Python/Python310/:/mnt/c/Users/User/AppData/Local/Microsoft/WindowsApps:/mnt/c/Users/User/AppData/Local/Programs/Microsoft VS Code/bin:/mnt/c/Users/User/AppData/Roaming/npm:/snap/bin:/opt/gradle/gradle-8.5/bin:/opt/gradle/gradle-8.5/bin'), ('XDG_RUNTIME_DIR', '/run/user/1000/'), ('DISPLAY', ':0'), ('LANG', 'en_US.UTF-8'), ('LS_COLORS', 'rs=0:di=01;34:ln=01;36:mh=00:pi=40;33:so=01;35:do=01;35:bd=40;33;01:cd=40;33;01:or=40;31;01:mi=00:su=37;41:sg=30;43:ca=30;41:tw=30;42:ow=34;42:st=37;44:ex=01;32:*.tar=01;31:*.tgz=01;31:*.arc=01;31:*.arj=01;31:*.taz=01;31:*.lha=01;31:*.lz4=01;31:*.lzh=01;31:*.lzma=01;31:*.tlz=01;31:*.txz=01;31:*.tzo=01;31:*.t7z=01;31:*.zip=01;31:*.z=01;31:*.dz=01;31:*.gz=01;31:*.lrz=01;31:*.lz=01;31:*.lzo=01;31:*.xz=01;31:*.zst=01;31:*.tzst=01;31:*.bz2=01;31:*.bz=01;31:*.tbz=01;31:*.tbz2=01;31:*.tz=01;31:*.deb=01;31:*.rpm=01;31:*.jar=01;31:*.war=01;31:*.ear=01;31:*.sar=01;31:*.rar=01;31:*.alz=01;31:*.ace=01;31:*.zoo=01;31:*.cpio=01;31:*.7z=01;31:*.rz=01;31:*.cab=01;31:*.wim=01;31:*.swm=01;31:*.dwm=01;31:*.esd=01;31:*.jpg=01;35:*.jpeg=01;35:*.mjpg=01;35:*.mjpeg=01;35:*.gif=01;35:*.bmp=01;35:*.pbm=01;35:*.pgm=01;35:*.ppm=01;35:*.tga=01;35:*.xbm=01;35:*.xpm=01;35:*.tif=01;35:*.tiff=01;35:*.png=01;35:*.svg=01;35:*.svgz=01;35:*.mng=01;35:*.pcx=01;35:*.mov=01;35:*.mpg=01;35:*.mpeg=01;35:*.m2v=01;35:*.mkv=01;35:*.webm=01;35:*.webp=01;35:*.ogm=01;35:*.mp4=01;35:*.m4v=01;35:*.mp4v=01;35:*.vob=01;35:*.qt=01;35:*.nuv=01;35:*.wmv=01;35:*.asf=01;35:*.rm=01;35:*.rmvb=01;35:*.flc=01;35:*.avi=01;35:*.fli=01;35:*.flv=01;35:*.gl=01;35:*.dl=01;35:*.xcf=01;35:*.xwd=01;35:*.yuv=01;35:*.cgm=01;35:*.emf=01;35:*.ogv=01;35:*.ogx=01;35:*.aac=00;36:*.au=00;36:*.flac=00;36:*.m4a=00;36:*.mid=00;36:*.midi=00;36:*.mka=00;36:*.mp3=00;36:*.mpc=00;36:*.ogg=00;36:*.ra=00;36:*.wav=00;36:*.oga=00;36:*.opus=00;36:*.spx=00;36:*.xspf=00;36:'), ('VSCODE_GIT_IPC_HANDLE', '/run/user/1000/vscode-git-f95bf93406.sock'), ('TERM_PROGRAM', 'vscode'), ('AMENT_PREFIX_PATH', '/opt/ros/iron'), ('SHELL', '/bin/bash'), ('LESSCLOSE', '/usr/bin/lesspipe %s %s'), ('ROS_AUTOMATIC_DISCOVERY_RANGE', 'SUBNET'), ('VSCODE_GIT_ASKPASS_EXTRA_ARGS', ''), ('PWD', '/home/jonnydang2004/QUADRAPED/build/quadruped_interfaces'), ('NVM_CD_FLAGS', ''), ('XDG_DATA_DIRS', '/usr/local/share:/usr/share:/var/lib/snapd/desktop'), ('PYTHONPATH', '/opt/ros/iron/lib/python3.10/site-packages'), ('COLCON', '1'), ('WSL2_GUI_APPS_ENABLED', '1'), ('HOSTTYPE', 'x86_64'), ('WSLENV', 'VSCODE_WSL_EXT_LOCATION/up'), ('CMAKE_PREFIX_PATH', '/opt/ros/iron')]), 'shell': False}
[0.098377] (-) TimerEvent: {}
[0.164997] (quadruped_interfaces) StdoutLine: {'line': b'[  2%] Built target quadruped_interfaces__rosidl_generator_type_description\n'}
[0.189786] (quadruped_interfaces) StdoutLine: {'line': b'[  2%] Built target ament_cmake_python_copy_quadruped_interfaces\n'}
[0.198515] (-) TimerEvent: {}
[0.240079] (quadruped_interfaces) StdoutLine: {'line': b'[  5%] Built target quadruped_interfaces__cpp\n'}
[0.242426] (quadruped_interfaces) StdoutLine: {'line': b'[ 20%] Built target quadruped_interfaces__rosidl_generator_c\n'}
[0.298632] (-) TimerEvent: {}
[0.328731] (quadruped_interfaces) StdoutLine: {'line': b'[ 29%] Built target quadruped_interfaces__rosidl_typesupport_cpp\n'}
[0.336329] (quadruped_interfaces) StdoutLine: {'line': b'[ 38%] Built target quadruped_interfaces__rosidl_typesupport_introspection_cpp\n'}
[0.350096] (quadruped_interfaces) StdoutLine: {'line': b'[ 47%] Built target quadruped_interfaces__rosidl_typesupport_fastrtps_cpp\n'}
[0.398800] (-) TimerEvent: {}
[0.403491] (quadruped_interfaces) StdoutLine: {'line': b'[ 55%] Built target quadruped_interfaces__rosidl_typesupport_fastrtps_c\n'}
[0.407242] (quadruped_interfaces) StdoutLine: {'line': b'[ 64%] Built target quadruped_interfaces__rosidl_typesupport_introspection_c\n'}
[0.430115] (quadruped_interfaces) StdoutLine: {'line': b'[ 73%] Built target quadruped_interfaces__rosidl_typesupport_c\n'}
[0.482639] (quadruped_interfaces) StdoutLine: {'line': b'[ 73%] Built target quadruped_interfaces\n'}
[0.498944] (-) TimerEvent: {}
[0.553048] (quadruped_interfaces) StdoutLine: {'line': b'[ 76%] Built target quadruped_interfaces__py\n'}
[0.599112] (-) TimerEvent: {}
[0.620039] (quadruped_interfaces) StdoutLine: {'line': b'[ 82%] Built target quadruped_interfaces__rosidl_generator_py\n'}
[0.700175] (quadruped_interfaces) StdoutLine: {'line': b'[ 88%] Built target quadruped_interfaces__rosidl_typesupport_introspection_c__pyext\n'}
[0.700544] (-) TimerEvent: {}
[0.725637] (quadruped_interfaces) StdoutLine: {'line': b'[ 94%] Built target quadruped_interfaces__rosidl_typesupport_fastrtps_c__pyext\n'}
[0.734331] (quadruped_interfaces) StdoutLine: {'line': b'[100%] Built target quadruped_interfaces__rosidl_typesupport_c__pyext\n'}
[0.800744] (-) TimerEvent: {}
[0.901295] (-) TimerEvent: {}
[1.001824] (-) TimerEvent: {}
[1.102360] (-) TimerEvent: {}
[1.202911] (-) TimerEvent: {}
[1.289586] (quadruped_interfaces) StdoutLine: {'line': b'running egg_info\n'}
[1.295468] (quadruped_interfaces) StdoutLine: {'line': b'writing quadruped_interfaces.egg-info/PKG-INFO\n'}
[1.299695] (quadruped_interfaces) StdoutLine: {'line': b'writing dependency_links to quadruped_interfaces.egg-info/dependency_links.txt\n'}
[1.299976] (quadruped_interfaces) StdoutLine: {'line': b'writing top-level names to quadruped_interfaces.egg-info/top_level.txt\n'}
[1.303392] (-) TimerEvent: {}
[1.310427] (quadruped_interfaces) StdoutLine: {'line': b"reading manifest file 'quadruped_interfaces.egg-info/SOURCES.txt'\n"}
[1.315658] (quadruped_interfaces) StdoutLine: {'line': b"writing manifest file 'quadruped_interfaces.egg-info/SOURCES.txt'\n"}
[1.403592] (-) TimerEvent: {}
[1.417318] (quadruped_interfaces) StdoutLine: {'line': b'[100%] Built target ament_cmake_python_build_quadruped_interfaces_egg\n'}
[1.463862] (quadruped_interfaces) CommandEnded: {'returncode': 0}
[1.503799] (-) TimerEvent: {}
[1.604390] (-) TimerEvent: {}
[1.704741] (quadruped_interfaces) JobProgress: {'identifier': 'quadruped_interfaces', 'progress': 'install'}
[1.705776] (-) TimerEvent: {}
[1.734172] (quadruped_interfaces) Command: {'cmd': ['/usr/bin/cmake', '--install', '/home/jonnydang2004/QUADRAPED/build/quadruped_interfaces'], 'cwd': '/home/jonnydang2004/QUADRAPED/build/quadruped_interfaces', 'env': OrderedDict([('LESSOPEN', '| /usr/bin/lesspipe %s'), ('USER', 'jonnydang2004'), ('GIT_ASKPASS', '/home/jonnydang2004/.vscode-server/bin/38c31bc77e0dd6ae88a4e9cc93428cc27a56ba40/extensions/git/dist/askpass.sh'), ('SHLVL', '1'), ('LD_LIBRARY_PATH', '/opt/ros/iron/opt/rviz_ogre_vendor/lib:/opt/ros/iron/lib/x86_64-linux-gnu:/opt/ros/iron/lib'), ('HOME', '/home/jonnydang2004'), ('OLDPWD', '/home/jonnydang2004/QUADRAPED/pigpio-74'), ('TERM_PROGRAM_VERSION', '1.93.1'), ('NVM_BIN', '/home/jonnydang2004/.nvm/versions/node/v18.19.0/bin'), ('VSCODE_IPC_HOOK_CLI', '/run/user/1000/vscode-ipc-aeaa321f-954c-44ec-865c-68b87d92bff0.sock'), ('NVM_INC', '/home/jonnydang2004/.nvm/versions/node/v18.19.0/include/node'), ('ROS_PYTHON_VERSION', '3'), ('VSCODE_GIT_ASKPASS_MAIN', '/home/jonnydang2004/.vscode-server/bin/38c31bc77e0dd6ae88a4e9cc93428cc27a56ba40/extensions/git/dist/askpass-main.js'), ('VSCODE_GIT_ASKPASS_NODE', '/home/jonnydang2004/.vscode-server/bin/38c31bc77e0dd6ae88a4e9cc93428cc27a56ba40/node'), ('DBUS_SESSION_BUS_ADDRESS', 'unix:path=/run/user/1000/bus'), ('COLORTERM', 'truecolor'), ('WSL_DISTRO_NAME', 'Ubuntu'), ('NVM_DIR', '/home/jonnydang2004/.nvm'), ('WAYLAND_DISPLAY', 'wayland-0'), ('ROS_DISTRO', 'iron'), ('LOGNAME', 'jonnydang2004'), ('NAME', 'DESKTOP-JO2E52O'), ('WSL_INTEROP', '/run/WSL/33065_interop'), ('PULSE_SERVER', 'unix:/mnt/wslg/PulseServer'), ('_', '/usr/bin/colcon'), ('ROS_VERSION', '2'), ('TERM', 'xterm-256color'), ('_colcon_cd_rott', '/opt/ros/iron/'), ('PATH', '/home/jonnydang2004/.vscode-server/bin/38c31bc77e0dd6ae88a4e9cc93428cc27a56ba40/bin/remote-cli:/home/jonnydang2004/.local/bin:/opt/ros/iron/bin:/home/jonnydang2004/.nvm/versions/node/v18.19.0/bin:/usr/local/sbin:/usr/local/bin:/usr/sbin:/usr/bin:/sbin:/bin:/usr/games:/usr/local/games:/usr/lib/wsl/lib:/mnt/c/Windows/system32:/mnt/c/Windows:/mnt/c/Windows/System32/Wbem:/mnt/c/Windows/System32/WindowsPowerShell/v1.0/:/mnt/c/Windows/System32/OpenSSH/:/mnt/c/Program Files (x86)/Intel/Intel(R) Management Engine Components/DAL:/mnt/c/Program Files/Intel/Intel(R) Management Engine Components/DAL:/mnt/c/Program Files/MATLAB/R2023b/bin:/mnt/c/Program Files/MATLAB/R2022a/bin:/mnt/c/Program Files/Docker/Docker/resources/bin:/mnt/c/Program Files/dotnet/:/mnt/c/Program Files/:/mnt/c/Program Files/Git/cmd:/mnt/c/Program Files (x86)/IVI Foundation/VISA/WinNT/Bin/:/mnt/c/Program Files/IVI Foundation/VISA/Win64/Bin/:/mnt/c/Program Files (x86)/National Instruments/Shared/LabVIEW CLI:/mnt/c/Program Files (x86)/IVI Foundation/IVI/Bin/:/mnt/c/Program Files/IVI Foundation/IVI/Bin/:/mnt/c/Program Files (x86)/IVI Foundation/VISA/WinNT/Bin:/mnt/c/Users/User/AppData/Local/Programs/Python/Python310/Scripts/:/mnt/c/Users/User/AppData/Local/Programs/Python/Python310/:/mnt/c/Users/User/AppData/Local/Microsoft/WindowsApps:/mnt/c/Users/User/AppData/Local/Programs/Microsoft VS Code/bin:/mnt/c/Users/User/AppData/Roaming/npm:/snap/bin:/opt/gradle/gradle-8.5/bin:/opt/gradle/gradle-8.5/bin'), ('XDG_RUNTIME_DIR', '/run/user/1000/'), ('DISPLAY', ':0'), ('LANG', 'en_US.UTF-8'), ('LS_COLORS', 'rs=0:di=01;34:ln=01;36:mh=00:pi=40;33:so=01;35:do=01;35:bd=40;33;01:cd=40;33;01:or=40;31;01:mi=00:su=37;41:sg=30;43:ca=30;41:tw=30;42:ow=34;42:st=37;44:ex=01;32:*.tar=01;31:*.tgz=01;31:*.arc=01;31:*.arj=01;31:*.taz=01;31:*.lha=01;31:*.lz4=01;31:*.lzh=01;31:*.lzma=01;31:*.tlz=01;31:*.txz=01;31:*.tzo=01;31:*.t7z=01;31:*.zip=01;31:*.z=01;31:*.dz=01;31:*.gz=01;31:*.lrz=01;31:*.lz=01;31:*.lzo=01;31:*.xz=01;31:*.zst=01;31:*.tzst=01;31:*.bz2=01;31:*.bz=01;31:*.tbz=01;31:*.tbz2=01;31:*.tz=01;31:*.deb=01;31:*.rpm=01;31:*.jar=01;31:*.war=01;31:*.ear=01;31:*.sar=01;31:*.rar=01;31:*.alz=01;31:*.ace=01;31:*.zoo=01;31:*.cpio=01;31:*.7z=01;31:*.rz=01;31:*.cab=01;31:*.wim=01;31:*.swm=01;31:*.dwm=01;31:*.esd=01;31:*.jpg=01;35:*.jpeg=01;35:*.mjpg=01;35:*.mjpeg=01;35:*.gif=01;35:*.bmp=01;35:*.pbm=01;35:*.pgm=01;35:*.ppm=01;35:*.tga=01;35:*.xbm=01;35:*.xpm=01;35:*.tif=01;35:*.tiff=01;35:*.png=01;35:*.svg=01;35:*.svgz=01;35:*.mng=01;35:*.pcx=01;35:*.mov=01;35:*.mpg=01;35:*.mpeg=01;35:*.m2v=01;35:*.mkv=01;35:*.webm=01;35:*.webp=01;35:*.ogm=01;35:*.mp4=01;35:*.m4v=01;35:*.mp4v=01;35:*.vob=01;35:*.qt=01;35:*.nuv=01;35:*.wmv=01;35:*.asf=01;35:*.rm=01;35:*.rmvb=01;35:*.flc=01;35:*.avi=01;35:*.fli=01;35:*.flv=01;35:*.gl=01;35:*.dl=01;35:*.xcf=01;35:*.xwd=01;35:*.yuv=01;35:*.cgm=01;35:*.emf=01;35:*.ogv=01;35:*.ogx=01;35:*.aac=00;36:*.au=00;36:*.flac=00;36:*.m4a=00;36:*.mid=00;36:*.midi=00;36:*.mka=00;36:*.mp3=00;36:*.mpc=00;36:*.ogg=00;36:*.ra=00;36:*.wav=00;36:*.oga=00;36:*.opus=00;36:*.spx=00;36:*.xspf=00;36:'), ('VSCODE_GIT_IPC_HANDLE', '/run/user/1000/vscode-git-f95bf93406.sock'), ('TERM_PROGRAM', 'vscode'), ('AMENT_PREFIX_PATH', '/opt/ros/iron'), ('SHELL', '/bin/bash'), ('LESSCLOSE', '/usr/bin/lesspipe %s %s'), ('ROS_AUTOMATIC_DISCOVERY_RANGE', 'SUBNET'), ('VSCODE_GIT_ASKPASS_EXTRA_ARGS', ''), ('PWD', '/home/jonnydang2004/QUADRAPED/build/quadruped_interfaces'), ('NVM_CD_FLAGS', ''), ('XDG_DATA_DIRS', '/usr/local/share:/usr/share:/var/lib/snapd/desktop'), ('PYTHONPATH', '/opt/ros/iron/lib/python3.10/site-packages'), ('COLCON', '1'), ('WSL2_GUI_APPS_ENABLED', '1'), ('HOSTTYPE', 'x86_64'), ('WSLENV', 'VSCODE_WSL_EXT_LOCATION/up'), ('CMAKE_PREFIX_PATH', '/opt/ros/iron')]), 'shell': False}
[1.762320] (quadruped_interfaces) StdoutLine: {'line': b'-- Install configuration: ""\n'}
[1.765520] (quadruped_interfaces) StdoutLine: {'line': b'-- Up-to-date: /home/jonnydang2004/QUADRAPED/install/quadruped_interfaces/share/ament_index/resource_index/rosidl_interfaces/quadruped_interfaces\n'}
[1.766051] (quadruped_interfaces) StdoutLine: {'line': b'-- Up-to-date: /home/jonnydang2004/QUADRAPED/install/quadruped_interfaces/share/quadruped_interfaces/msg/Pos.json\n'}
[1.766303] (quadruped_interfaces) StdoutLine: {'line': b'-- Up-to-date: /home/jonnydang2004/QUADRAPED/install/quadruped_interfaces/include/quadruped_interfaces/quadruped_interfaces\n'}
[1.766724] (quadruped_interfaces) StdoutLine: {'line': b'-- Up-to-date: /home/jonnydang2004/QUADRAPED/install/quadruped_interfaces/include/quadruped_interfaces/quadruped_interfaces/msg\n'}
[1.766929] (quadruped_interfaces) StdoutLine: {'line': b'-- Up-to-date: /home/jonnydang2004/QUADRAPED/install/quadruped_interfaces/include/quadruped_interfaces/quadruped_interfaces/msg/pos.h\n'}
[1.767088] (quadruped_interfaces) StdoutLine: {'line': b'-- Up-to-date: /home/jonnydang2004/QUADRAPED/install/quadruped_interfaces/include/quadruped_interfaces/quadruped_interfaces/msg/rosidl_generator_c__visibility_control.h\n'}
[1.767532] (quadruped_interfaces) StdoutLine: {'line': b'-- Up-to-date: /home/jonnydang2004/QUADRAPED/install/quadruped_interfaces/include/quadruped_interfaces/quadruped_interfaces/msg/detail\n'}
[1.767949] (quadruped_interfaces) StdoutLine: {'line': b'-- Up-to-date: /home/jonnydang2004/QUADRAPED/install/quadruped_interfaces/include/quadruped_interfaces/quadruped_interfaces/msg/detail/pos__functions.c\n'}
[1.768410] (quadruped_interfaces) StdoutLine: {'line': b'-- Up-to-date: /home/jonnydang2004/QUADRAPED/install/quadruped_interfaces/include/quadruped_interfaces/quadruped_interfaces/msg/detail/pos__description.c\n'}
[1.768691] (quadruped_interfaces) StdoutLine: {'line': b'-- Installing: /home/jonnydang2004/QUADRAPED/install/quadruped_interfaces/include/quadruped_interfaces/quadruped_interfaces/msg/detail/pos__type_support.c\n'}
[1.769084] (quadruped_interfaces) StdoutLine: {'line': b'-- Up-to-date: /home/jonnydang2004/QUADRAPED/install/quadruped_interfaces/include/quadruped_interfaces/quadruped_interfaces/msg/detail/pos__functions.h\n'}
[1.769476] (quadruped_interfaces) StdoutLine: {'line': b'-- Up-to-date: /home/jonnydang2004/QUADRAPED/install/quadruped_interfaces/include/quadruped_interfaces/quadruped_interfaces/msg/detail/pos__type_support.h\n'}
[1.769755] (quadruped_interfaces) StdoutLine: {'line': b'-- Up-to-date: /home/jonnydang2004/QUADRAPED/install/quadruped_interfaces/include/quadruped_interfaces/quadruped_interfaces/msg/detail/pos__struct.h\n'}
[1.770093] (quadruped_interfaces) StdoutLine: {'line': b'-- Up-to-date: /home/jonnydang2004/QUADRAPED/install/quadruped_interfaces/share/quadruped_interfaces/environment/library_path.sh\n'}
[1.770477] (quadruped_interfaces) StdoutLine: {'line': b'-- Up-to-date: /home/jonnydang2004/QUADRAPED/install/quadruped_interfaces/share/quadruped_interfaces/environment/library_path.dsv\n'}
[1.771042] (quadruped_interfaces) StdoutLine: {'line': b'-- Up-to-date: /home/jonnydang2004/QUADRAPED/install/quadruped_interfaces/lib/libquadruped_interfaces__rosidl_generator_c.so\n'}
[1.771497] (quadruped_interfaces) StdoutLine: {'line': b'-- Up-to-date: /home/jonnydang2004/QUADRAPED/install/quadruped_interfaces/include/quadruped_interfaces/quadruped_interfaces\n'}
[1.772803] (quadruped_interfaces) StdoutLine: {'line': b'-- Up-to-date: /home/jonnydang2004/QUADRAPED/install/quadruped_interfaces/include/quadruped_interfaces/quadruped_interfaces/msg\n'}
[1.773751] (quadruped_interfaces) StdoutLine: {'line': b'-- Up-to-date: /home/jonnydang2004/QUADRAPED/install/quadruped_interfaces/include/quadruped_interfaces/quadruped_interfaces/msg/rosidl_typesupport_fastrtps_c__visibility_control.h\n'}
[1.778944] (quadruped_interfaces) StdoutLine: {'line': b'-- Up-to-date: /home/jonnydang2004/QUADRAPED/install/quadruped_interfaces/include/quadruped_interfaces/quadruped_interfaces/msg/detail\n'}
[1.779223] (quadruped_interfaces) StdoutLine: {'line': b'-- Up-to-date: /home/jonnydang2004/QUADRAPED/install/quadruped_interfaces/include/quadruped_interfaces/quadruped_interfaces/msg/detail/pos__rosidl_typesupport_fastrtps_c.h\n'}
[1.779528] (quadruped_interfaces) StdoutLine: {'line': b'-- Up-to-date: /home/jonnydang2004/QUADRAPED/install/quadruped_interfaces/lib/libquadruped_interfaces__rosidl_typesupport_fastrtps_c.so\n'}
[1.779751] (quadruped_interfaces) StdoutLine: {'line': b'-- Up-to-date: /home/jonnydang2004/QUADRAPED/install/quadruped_interfaces/include/quadruped_interfaces/quadruped_interfaces\n'}
[1.779967] (quadruped_interfaces) StdoutLine: {'line': b'-- Up-to-date: /home/jonnydang2004/QUADRAPED/install/quadruped_interfaces/include/quadruped_interfaces/quadruped_interfaces/msg\n'}
[1.780164] (quadruped_interfaces) StdoutLine: {'line': b'-- Up-to-date: /home/jonnydang2004/QUADRAPED/install/quadruped_interfaces/include/quadruped_interfaces/quadruped_interfaces/msg/rosidl_typesupport_introspection_c__visibility_control.h\n'}
[1.780399] (quadruped_interfaces) StdoutLine: {'line': b'-- Up-to-date: /home/jonnydang2004/QUADRAPED/install/quadruped_interfaces/include/quadruped_interfaces/quadruped_interfaces/msg/detail\n'}
[1.780639] (quadruped_interfaces) StdoutLine: {'line': b'-- Up-to-date: /home/jonnydang2004/QUADRAPED/install/quadruped_interfaces/include/quadruped_interfaces/quadruped_interfaces/msg/detail/pos__rosidl_typesupport_introspection_c.h\n'}
[1.780844] (quadruped_interfaces) StdoutLine: {'line': b'-- Installing: /home/jonnydang2004/QUADRAPED/install/quadruped_interfaces/include/quadruped_interfaces/quadruped_interfaces/msg/detail/pos__type_support.c\n'}
[1.781040] (quadruped_interfaces) StdoutLine: {'line': b'-- Up-to-date: /home/jonnydang2004/QUADRAPED/install/quadruped_interfaces/lib/libquadruped_interfaces__rosidl_typesupport_introspection_c.so\n'}
[1.781222] (quadruped_interfaces) StdoutLine: {'line': b'-- Up-to-date: /home/jonnydang2004/QUADRAPED/install/quadruped_interfaces/lib/libquadruped_interfaces__rosidl_typesupport_c.so\n'}
[1.781447] (quadruped_interfaces) StdoutLine: {'line': b'-- Up-to-date: /home/jonnydang2004/QUADRAPED/install/quadruped_interfaces/include/quadruped_interfaces/quadruped_interfaces\n'}
[1.781640] (quadruped_interfaces) StdoutLine: {'line': b'-- Up-to-date: /home/jonnydang2004/QUADRAPED/install/quadruped_interfaces/include/quadruped_interfaces/quadruped_interfaces/msg\n'}
[1.781835] (quadruped_interfaces) StdoutLine: {'line': b'-- Up-to-date: /home/jonnydang2004/QUADRAPED/install/quadruped_interfaces/include/quadruped_interfaces/quadruped_interfaces/msg/pos.hpp\n'}
[1.782030] (quadruped_interfaces) StdoutLine: {'line': b'-- Up-to-date: /home/jonnydang2004/QUADRAPED/install/quadruped_interfaces/include/quadruped_interfaces/quadruped_interfaces/msg/detail\n'}
[1.782236] (quadruped_interfaces) StdoutLine: {'line': b'-- Up-to-date: /home/jonnydang2004/QUADRAPED/install/quadruped_interfaces/include/quadruped_interfaces/quadruped_interfaces/msg/detail/pos__struct.hpp\n'}
[1.782482] (quadruped_interfaces) StdoutLine: {'line': b'-- Up-to-date: /home/jonnydang2004/QUADRAPED/install/quadruped_interfaces/include/quadruped_interfaces/quadruped_interfaces/msg/detail/pos__builder.hpp\n'}
[1.782710] (quadruped_interfaces) StdoutLine: {'line': b'-- Up-to-date: /home/jonnydang2004/QUADRAPED/install/quadruped_interfaces/include/quadruped_interfaces/quadruped_interfaces/msg/detail/pos__traits.hpp\n'}
[1.782913] (quadruped_interfaces) StdoutLine: {'line': b'-- Up-to-date: /home/jonnydang2004/QUADRAPED/install/quadruped_interfaces/include/quadruped_interfaces/quadruped_interfaces\n'}
[1.783150] (quadruped_interfaces) StdoutLine: {'line': b'-- Up-to-date: /home/jonnydang2004/QUADRAPED/install/quadruped_interfaces/include/quadruped_interfaces/quadruped_interfaces/msg\n'}
[1.783441] (quadruped_interfaces) StdoutLine: {'line': b'-- Up-to-date: /home/jonnydang2004/QUADRAPED/install/quadruped_interfaces/include/quadruped_interfaces/quadruped_interfaces/msg/rosidl_typesupport_fastrtps_cpp__visibility_control.h\n'}
[1.783693] (quadruped_interfaces) StdoutLine: {'line': b'-- Up-to-date: /home/jonnydang2004/QUADRAPED/install/quadruped_interfaces/include/quadruped_interfaces/quadruped_interfaces/msg/detail\n'}
[1.783904] (quadruped_interfaces) StdoutLine: {'line': b'-- Up-to-date: /home/jonnydang2004/QUADRAPED/install/quadruped_interfaces/include/quadruped_interfaces/quadruped_interfaces/msg/detail/dds_fastrtps\n'}
[1.784145] (quadruped_interfaces) StdoutLine: {'line': b'-- Up-to-date: /home/jonnydang2004/QUADRAPED/install/quadruped_interfaces/include/quadruped_interfaces/quadruped_interfaces/msg/detail/pos__rosidl_typesupport_fastrtps_cpp.hpp\n'}
[1.784350] (quadruped_interfaces) StdoutLine: {'line': b'-- Up-to-date: /home/jonnydang2004/QUADRAPED/install/quadruped_interfaces/lib/libquadruped_interfaces__rosidl_typesupport_fastrtps_cpp.so\n'}
[1.784589] (quadruped_interfaces) StdoutLine: {'line': b'-- Up-to-date: /home/jonnydang2004/QUADRAPED/install/quadruped_interfaces/include/quadruped_interfaces/quadruped_interfaces\n'}
[1.784786] (quadruped_interfaces) StdoutLine: {'line': b'-- Up-to-date: /home/jonnydang2004/QUADRAPED/install/quadruped_interfaces/include/quadruped_interfaces/quadruped_interfaces/msg\n'}
[1.785006] (quadruped_interfaces) StdoutLine: {'line': b'-- Up-to-date: /home/jonnydang2004/QUADRAPED/install/quadruped_interfaces/include/quadruped_interfaces/quadruped_interfaces/msg/detail\n'}
[1.785220] (quadruped_interfaces) StdoutLine: {'line': b'-- Up-to-date: /home/jonnydang2004/QUADRAPED/install/quadruped_interfaces/include/quadruped_interfaces/quadruped_interfaces/msg/detail/pos__rosidl_typesupport_introspection_cpp.hpp\n'}
[1.785461] (quadruped_interfaces) StdoutLine: {'line': b'-- Up-to-date: /home/jonnydang2004/QUADRAPED/install/quadruped_interfaces/include/quadruped_interfaces/quadruped_interfaces/msg/detail/pos__type_support.cpp\n'}
[1.785652] (quadruped_interfaces) StdoutLine: {'line': b'-- Up-to-date: /home/jonnydang2004/QUADRAPED/install/quadruped_interfaces/lib/libquadruped_interfaces__rosidl_typesupport_introspection_cpp.so\n'}
[1.787318] (quadruped_interfaces) StdoutLine: {'line': b'-- Up-to-date: /home/jonnydang2004/QUADRAPED/install/quadruped_interfaces/lib/libquadruped_interfaces__rosidl_typesupport_cpp.so\n'}
[1.787809] (quadruped_interfaces) StdoutLine: {'line': b'-- Up-to-date: /home/jonnydang2004/QUADRAPED/install/quadruped_interfaces/share/quadruped_interfaces/environment/pythonpath.sh\n'}
[1.788238] (quadruped_interfaces) StdoutLine: {'line': b'-- Up-to-date: /home/jonnydang2004/QUADRAPED/install/quadruped_interfaces/share/quadruped_interfaces/environment/pythonpath.dsv\n'}
[1.788504] (quadruped_interfaces) StdoutLine: {'line': b'-- Up-to-date: /home/jonnydang2004/QUADRAPED/install/quadruped_interfaces/lib/python3.10/site-packages/quadruped_interfaces-0.0.0-py3.10.egg-info\n'}
[1.788782] (quadruped_interfaces) StdoutLine: {'line': b'-- Installing: /home/jonnydang2004/QUADRAPED/install/quadruped_interfaces/lib/python3.10/site-packages/quadruped_interfaces-0.0.0-py3.10.egg-info/top_level.txt\n'}
[1.789066] (quadruped_interfaces) StdoutLine: {'line': b'-- Installing: /home/jonnydang2004/QUADRAPED/install/quadruped_interfaces/lib/python3.10/site-packages/quadruped_interfaces-0.0.0-py3.10.egg-info/dependency_links.txt\n'}
[1.789278] (quadruped_interfaces) StdoutLine: {'line': b'-- Installing: /home/jonnydang2004/QUADRAPED/install/quadruped_interfaces/lib/python3.10/site-packages/quadruped_interfaces-0.0.0-py3.10.egg-info/SOURCES.txt\n'}
[1.793271] (quadruped_interfaces) StdoutLine: {'line': b'-- Installing: /home/jonnydang2004/QUADRAPED/install/quadruped_interfaces/lib/python3.10/site-packages/quadruped_interfaces-0.0.0-py3.10.egg-info/PKG-INFO\n'}
[1.800590] (quadruped_interfaces) StdoutLine: {'line': b'-- Up-to-date: /home/jonnydang2004/QUADRAPED/install/quadruped_interfaces/lib/python3.10/site-packages/quadruped_interfaces\n'}
[1.800916] (quadruped_interfaces) StdoutLine: {'line': b'-- Up-to-date: /home/jonnydang2004/QUADRAPED/install/quadruped_interfaces/lib/python3.10/site-packages/quadruped_interfaces/quadruped_interfaces_s__rosidl_typesupport_fastrtps_c.cpython-310-x86_64-linux-gnu.so\n'}
[1.801109] (quadruped_interfaces) StdoutLine: {'line': b'-- Up-to-date: /home/jonnydang2004/QUADRAPED/install/quadruped_interfaces/lib/python3.10/site-packages/quadruped_interfaces/libquadruped_interfaces__rosidl_generator_py.so\n'}
[1.801273] (quadruped_interfaces) StdoutLine: {'line': b'-- Up-to-date: /home/jonnydang2004/QUADRAPED/install/quadruped_interfaces/lib/python3.10/site-packages/quadruped_interfaces/quadruped_interfaces_s__rosidl_typesupport_c.cpython-310-x86_64-linux-gnu.so\n'}
[1.801525] (quadruped_interfaces) StdoutLine: {'line': b'-- Up-to-date: /home/jonnydang2004/QUADRAPED/install/quadruped_interfaces/lib/python3.10/site-packages/quadruped_interfaces/msg\n'}
[1.801765] (quadruped_interfaces) StdoutLine: {'line': b'-- Up-to-date: /home/jonnydang2004/QUADRAPED/install/quadruped_interfaces/lib/python3.10/site-packages/quadruped_interfaces/msg/_pos_s.c\n'}
[1.802007] (quadruped_interfaces) StdoutLine: {'line': b'-- Up-to-date: /home/jonnydang2004/QUADRAPED/install/quadruped_interfaces/lib/python3.10/site-packages/quadruped_interfaces/msg/_pos.py\n'}
[1.802282] (quadruped_interfaces) StdoutLine: {'line': b'-- Up-to-date: /home/jonnydang2004/QUADRAPED/install/quadruped_interfaces/lib/python3.10/site-packages/quadruped_interfaces/msg/__init__.py\n'}
[1.836924] (-) TimerEvent: {}
[1.837544] (quadruped_interfaces) StdoutLine: {'line': b'-- Up-to-date: /home/jonnydang2004/QUADRAPED/install/quadruped_interfaces/lib/python3.10/site-packages/quadruped_interfaces/_quadruped_interfaces_s.ep.rosidl_typesupport_introspection_c.c\n'}
[1.837858] (quadruped_interfaces) StdoutLine: {'line': b'-- Up-to-date: /home/jonnydang2004/QUADRAPED/install/quadruped_interfaces/lib/python3.10/site-packages/quadruped_interfaces/quadruped_interfaces_s__rosidl_typesupport_introspection_c.cpython-310-x86_64-linux-gnu.so\n'}
[1.838070] (quadruped_interfaces) StdoutLine: {'line': b'-- Up-to-date: /home/jonnydang2004/QUADRAPED/install/quadruped_interfaces/lib/python3.10/site-packages/quadruped_interfaces/_quadruped_interfaces_s.ep.rosidl_typesupport_c.c\n'}
[1.838241] (quadruped_interfaces) StdoutLine: {'line': b'-- Up-to-date: /home/jonnydang2004/QUADRAPED/install/quadruped_interfaces/lib/python3.10/site-packages/quadruped_interfaces/_quadruped_interfaces_s.ep.rosidl_typesupport_fastrtps_c.c\n'}
[1.838511] (quadruped_interfaces) StdoutLine: {'line': b'-- Up-to-date: /home/jonnydang2004/QUADRAPED/install/quadruped_interfaces/lib/python3.10/site-packages/quadruped_interfaces/__init__.py\n'}
[1.911265] (quadruped_interfaces) StdoutLine: {'line': b"Listing '/home/jonnydang2004/QUADRAPED/install/quadruped_interfaces/lib/python3.10/site-packages/quadruped_interfaces'...\n"}
[1.911629] (quadruped_interfaces) StdoutLine: {'line': b"Listing '/home/jonnydang2004/QUADRAPED/install/quadruped_interfaces/lib/python3.10/site-packages/quadruped_interfaces/msg'...\n"}
[1.922334] (quadruped_interfaces) StdoutLine: {'line': b'-- Up-to-date: /home/jonnydang2004/QUADRAPED/install/quadruped_interfaces/lib/python3.10/site-packages/quadruped_interfaces/quadruped_interfaces_s__rosidl_typesupport_fastrtps_c.cpython-310-x86_64-linux-gnu.so\n'}
[1.923466] (quadruped_interfaces) StdoutLine: {'line': b'-- Up-to-date: /home/jonnydang2004/QUADRAPED/install/quadruped_interfaces/lib/python3.10/site-packages/quadruped_interfaces/quadruped_interfaces_s__rosidl_typesupport_introspection_c.cpython-310-x86_64-linux-gnu.so\n'}
[1.924330] (quadruped_interfaces) StdoutLine: {'line': b'-- Up-to-date: /home/jonnydang2004/QUADRAPED/install/quadruped_interfaces/lib/python3.10/site-packages/quadruped_interfaces/quadruped_interfaces_s__rosidl_typesupport_c.cpython-310-x86_64-linux-gnu.so\n'}
[1.930636] (quadruped_interfaces) StdoutLine: {'line': b'-- Up-to-date: /home/jonnydang2004/QUADRAPED/install/quadruped_interfaces/lib/libquadruped_interfaces__rosidl_generator_py.so\n'}
[1.931736] (quadruped_interfaces) StdoutLine: {'line': b'-- Up-to-date: /home/jonnydang2004/QUADRAPED/install/quadruped_interfaces/share/quadruped_interfaces/msg/Pos.idl\n'}
[1.932383] (quadruped_interfaces) StdoutLine: {'line': b'-- Up-to-date: /home/jonnydang2004/QUADRAPED/install/quadruped_interfaces/share/quadruped_interfaces/msg/Pos.msg\n'}
[1.936694] (quadruped_interfaces) StdoutLine: {'line': b'-- Up-to-date: /home/jonnydang2004/QUADRAPED/install/quadruped_interfaces/share/ament_index/resource_index/package_run_dependencies/quadruped_interfaces\n'}
[1.950435] (-) TimerEvent: {}
[1.951026] (quadruped_interfaces) StdoutLine: {'line': b'-- Up-to-date: /home/jonnydang2004/QUADRAPED/install/quadruped_interfaces/share/ament_index/resource_index/parent_prefix_path/quadruped_interfaces\n'}
[1.953732] (quadruped_interfaces) StdoutLine: {'line': b'-- Up-to-date: /home/jonnydang2004/QUADRAPED/install/quadruped_interfaces/share/quadruped_interfaces/environment/ament_prefix_path.sh\n'}
[1.954031] (quadruped_interfaces) StdoutLine: {'line': b'-- Up-to-date: /home/jonnydang2004/QUADRAPED/install/quadruped_interfaces/share/quadruped_interfaces/environment/ament_prefix_path.dsv\n'}
[1.954226] (quadruped_interfaces) StdoutLine: {'line': b'-- Up-to-date: /home/jonnydang2004/QUADRAPED/install/quadruped_interfaces/share/quadruped_interfaces/environment/path.sh\n'}
[1.954406] (quadruped_interfaces) StdoutLine: {'line': b'-- Up-to-date: /home/jonnydang2004/QUADRAPED/install/quadruped_interfaces/share/quadruped_interfaces/environment/path.dsv\n'}
[1.954564] (quadruped_interfaces) StdoutLine: {'line': b'-- Up-to-date: /home/jonnydang2004/QUADRAPED/install/quadruped_interfaces/share/quadruped_interfaces/local_setup.bash\n'}
[1.954717] (quadruped_interfaces) StdoutLine: {'line': b'-- Up-to-date: /home/jonnydang2004/QUADRAPED/install/quadruped_interfaces/share/quadruped_interfaces/local_setup.sh\n'}
[1.954915] (quadruped_interfaces) StdoutLine: {'line': b'-- Up-to-date: /home/jonnydang2004/QUADRAPED/install/quadruped_interfaces/share/quadruped_interfaces/local_setup.zsh\n'}
[1.955091] (quadruped_interfaces) StdoutLine: {'line': b'-- Up-to-date: /home/jonnydang2004/QUADRAPED/install/quadruped_interfaces/share/quadruped_interfaces/local_setup.dsv\n'}
[1.955780] (quadruped_interfaces) StdoutLine: {'line': b'-- Installing: /home/jonnydang2004/QUADRAPED/install/quadruped_interfaces/share/quadruped_interfaces/package.dsv\n'}
[1.956128] (quadruped_interfaces) StdoutLine: {'line': b'-- Up-to-date: /home/jonnydang2004/QUADRAPED/install/quadruped_interfaces/share/ament_index/resource_index/packages/quadruped_interfaces\n'}
[1.956315] (quadruped_interfaces) StdoutLine: {'line': b'-- Up-to-date: /home/jonnydang2004/QUADRAPED/install/quadruped_interfaces/share/quadruped_interfaces/cmake/export_quadruped_interfaces__rosidl_generator_cExport.cmake\n'}
[1.956468] (quadruped_interfaces) StdoutLine: {'line': b'-- Up-to-date: /home/jonnydang2004/QUADRAPED/install/quadruped_interfaces/share/quadruped_interfaces/cmake/export_quadruped_interfaces__rosidl_generator_cExport-noconfig.cmake\n'}
[1.957310] (quadruped_interfaces) StdoutLine: {'line': b'-- Up-to-date: /home/jonnydang2004/QUADRAPED/install/quadruped_interfaces/share/quadruped_interfaces/cmake/export_quadruped_interfaces__rosidl_typesupport_fastrtps_cExport.cmake\n'}
[1.961338] (quadruped_interfaces) StdoutLine: {'line': b'-- Up-to-date: /home/jonnydang2004/QUADRAPED/install/quadruped_interfaces/share/quadruped_interfaces/cmake/export_quadruped_interfaces__rosidl_typesupport_fastrtps_cExport-noconfig.cmake\n'}
[1.961622] (quadruped_interfaces) StdoutLine: {'line': b'-- Up-to-date: /home/jonnydang2004/QUADRAPED/install/quadruped_interfaces/share/quadruped_interfaces/cmake/quadruped_interfaces__rosidl_typesupport_introspection_cExport.cmake\n'}
[1.961807] (quadruped_interfaces) StdoutLine: {'line': b'-- Up-to-date: /home/jonnydang2004/QUADRAPED/install/quadruped_interfaces/share/quadruped_interfaces/cmake/quadruped_interfaces__rosidl_typesupport_introspection_cExport-noconfig.cmake\n'}
[1.962408] (quadruped_interfaces) StdoutLine: {'line': b'-- Up-to-date: /home/jonnydang2004/QUADRAPED/install/quadruped_interfaces/share/quadruped_interfaces/cmake/quadruped_interfaces__rosidl_typesupport_cExport.cmake\n'}
[1.962804] (quadruped_interfaces) StdoutLine: {'line': b'-- Up-to-date: /home/jonnydang2004/QUADRAPED/install/quadruped_interfaces/share/quadruped_interfaces/cmake/quadruped_interfaces__rosidl_typesupport_cExport-noconfig.cmake\n'}
[1.963400] (quadruped_interfaces) StdoutLine: {'line': b'-- Up-to-date: /home/jonnydang2004/QUADRAPED/install/quadruped_interfaces/share/quadruped_interfaces/cmake/export_quadruped_interfaces__rosidl_generator_cppExport.cmake\n'}
[1.964145] (quadruped_interfaces) StdoutLine: {'line': b'-- Up-to-date: /home/jonnydang2004/QUADRAPED/install/quadruped_interfaces/share/quadruped_interfaces/cmake/export_quadruped_interfaces__rosidl_typesupport_fastrtps_cppExport.cmake\n'}
[1.964653] (quadruped_interfaces) StdoutLine: {'line': b'-- Up-to-date: /home/jonnydang2004/QUADRAPED/install/quadruped_interfaces/share/quadruped_interfaces/cmake/export_quadruped_interfaces__rosidl_typesupport_fastrtps_cppExport-noconfig.cmake\n'}
[1.965495] (quadruped_interfaces) StdoutLine: {'line': b'-- Up-to-date: /home/jonnydang2004/QUADRAPED/install/quadruped_interfaces/share/quadruped_interfaces/cmake/quadruped_interfaces__rosidl_typesupport_introspection_cppExport.cmake\n'}
[1.966827] (quadruped_interfaces) StdoutLine: {'line': b'-- Up-to-date: /home/jonnydang2004/QUADRAPED/install/quadruped_interfaces/share/quadruped_interfaces/cmake/quadruped_interfaces__rosidl_typesupport_introspection_cppExport-noconfig.cmake\n'}
[1.967805] (quadruped_interfaces) StdoutLine: {'line': b'-- Up-to-date: /home/jonnydang2004/QUADRAPED/install/quadruped_interfaces/share/quadruped_interfaces/cmake/quadruped_interfaces__rosidl_typesupport_cppExport.cmake\n'}
[1.968337] (quadruped_interfaces) StdoutLine: {'line': b'-- Up-to-date: /home/jonnydang2004/QUADRAPED/install/quadruped_interfaces/share/quadruped_interfaces/cmake/quadruped_interfaces__rosidl_typesupport_cppExport-noconfig.cmake\n'}
[1.968824] (quadruped_interfaces) StdoutLine: {'line': b'-- Up-to-date: /home/jonnydang2004/QUADRAPED/install/quadruped_interfaces/share/quadruped_interfaces/cmake/export_quadruped_interfaces__rosidl_generator_pyExport.cmake\n'}
[1.971613] (quadruped_interfaces) StdoutLine: {'line': b'-- Up-to-date: /home/jonnydang2004/QUADRAPED/install/quadruped_interfaces/share/quadruped_interfaces/cmake/export_quadruped_interfaces__rosidl_generator_pyExport-noconfig.cmake\n'}
[1.972331] (quadruped_interfaces) StdoutLine: {'line': b'-- Up-to-date: /home/jonnydang2004/QUADRAPED/install/quadruped_interfaces/share/quadruped_interfaces/cmake/rosidl_cmake-extras.cmake\n'}
[1.973287] (quadruped_interfaces) StdoutLine: {'line': b'-- Up-to-date: /home/jonnydang2004/QUADRAPED/install/quadruped_interfaces/share/quadruped_interfaces/cmake/ament_cmake_export_include_directories-extras.cmake\n'}
[1.973612] (quadruped_interfaces) StdoutLine: {'line': b'-- Up-to-date: /home/jonnydang2004/QUADRAPED/install/quadruped_interfaces/share/quadruped_interfaces/cmake/ament_cmake_export_libraries-extras.cmake\n'}
[1.974613] (quadruped_interfaces) StdoutLine: {'line': b'-- Up-to-date: /home/jonnydang2004/QUADRAPED/install/quadruped_interfaces/share/quadruped_interfaces/cmake/ament_cmake_export_targets-extras.cmake\n'}
[1.974934] (quadruped_interfaces) StdoutLine: {'line': b'-- Up-to-date: /home/jonnydang2004/QUADRAPED/install/quadruped_interfaces/share/quadruped_interfaces/cmake/rosidl_cmake_export_typesupport_targets-extras.cmake\n'}
[1.975215] (quadruped_interfaces) StdoutLine: {'line': b'-- Up-to-date: /home/jonnydang2004/QUADRAPED/install/quadruped_interfaces/share/quadruped_interfaces/cmake/ament_cmake_export_dependencies-extras.cmake\n'}
[1.975743] (quadruped_interfaces) StdoutLine: {'line': b'-- Up-to-date: /home/jonnydang2004/QUADRAPED/install/quadruped_interfaces/share/quadruped_interfaces/cmake/rosidl_cmake_export_typesupport_libraries-extras.cmake\n'}
[1.976549] (quadruped_interfaces) StdoutLine: {'line': b'-- Up-to-date: /home/jonnydang2004/QUADRAPED/install/quadruped_interfaces/share/quadruped_interfaces/cmake/quadruped_interfacesConfig.cmake\n'}
[1.976931] (quadruped_interfaces) StdoutLine: {'line': b'-- Up-to-date: /home/jonnydang2004/QUADRAPED/install/quadruped_interfaces/share/quadruped_interfaces/cmake/quadruped_interfacesConfig-version.cmake\n'}
[1.977208] (quadruped_interfaces) StdoutLine: {'line': b'-- Up-to-date: /home/jonnydang2004/QUADRAPED/install/quadruped_interfaces/share/quadruped_interfaces/package.xml\n'}
[1.977485] (quadruped_interfaces) CommandEnded: {'returncode': 0}
[2.050560] (-) TimerEvent: {}
[2.150980] (-) TimerEvent: {}
[2.241418] (quadruped_interfaces) JobEnded: {'identifier': 'quadruped_interfaces', 'rc': 0}
[2.243045] (quadruped_control) JobStarted: {'identifier': 'quadruped_control'}
[2.251583] (-) TimerEvent: {}
[2.355885] (-) TimerEvent: {}
[2.456466] (-) TimerEvent: {}
[2.552989] (quadruped_control) JobProgress: {'identifier': 'quadruped_control', 'progress': 'cmake'}
[2.554719] (quadruped_control) JobProgress: {'identifier': 'quadruped_control', 'progress': 'build'}
[2.555759] (quadruped_control) Command: {'cmd': ['/usr/bin/cmake', '--build', '/home/jonnydang2004/QUADRAPED/build/quadruped_control', '--', '-j4', '-l4'], 'cwd': '/home/jonnydang2004/QUADRAPED/build/quadruped_control', 'env': OrderedDict([('LESSOPEN', '| /usr/bin/lesspipe %s'), ('USER', 'jonnydang2004'), ('GIT_ASKPASS', '/home/jonnydang2004/.vscode-server/bin/38c31bc77e0dd6ae88a4e9cc93428cc27a56ba40/extensions/git/dist/askpass.sh'), ('SHLVL', '1'), ('LD_LIBRARY_PATH', '/home/jonnydang2004/QUADRAPED/install/quadruped_interfaces/lib:/opt/ros/iron/opt/rviz_ogre_vendor/lib:/opt/ros/iron/lib/x86_64-linux-gnu:/opt/ros/iron/lib'), ('HOME', '/home/jonnydang2004'), ('OLDPWD', '/home/jonnydang2004/QUADRAPED/pigpio-74'), ('TERM_PROGRAM_VERSION', '1.93.1'), ('NVM_BIN', '/home/jonnydang2004/.nvm/versions/node/v18.19.0/bin'), ('VSCODE_IPC_HOOK_CLI', '/run/user/1000/vscode-ipc-aeaa321f-954c-44ec-865c-68b87d92bff0.sock'), ('NVM_INC', '/home/jonnydang2004/.nvm/versions/node/v18.19.0/include/node'), ('ROS_PYTHON_VERSION', '3'), ('VSCODE_GIT_ASKPASS_MAIN', '/home/jonnydang2004/.vscode-server/bin/38c31bc77e0dd6ae88a4e9cc93428cc27a56ba40/extensions/git/dist/askpass-main.js'), ('VSCODE_GIT_ASKPASS_NODE', '/home/jonnydang2004/.vscode-server/bin/38c31bc77e0dd6ae88a4e9cc93428cc27a56ba40/node'), ('DBUS_SESSION_BUS_ADDRESS', 'unix:path=/run/user/1000/bus'), ('COLORTERM', 'truecolor'), ('WSL_DISTRO_NAME', 'Ubuntu'), ('NVM_DIR', '/home/jonnydang2004/.nvm'), ('WAYLAND_DISPLAY', 'wayland-0'), ('ROS_DISTRO', 'iron'), ('LOGNAME', 'jonnydang2004'), ('NAME', 'DESKTOP-JO2E52O'), ('WSL_INTEROP', '/run/WSL/33065_interop'), ('PULSE_SERVER', 'unix:/mnt/wslg/PulseServer'), ('_', '/usr/bin/colcon'), ('ROS_VERSION', '2'), ('TERM', 'xterm-256color'), ('_colcon_cd_rott', '/opt/ros/iron/'), ('PATH', '/home/jonnydang2004/.vscode-server/bin/38c31bc77e0dd6ae88a4e9cc93428cc27a56ba40/bin/remote-cli:/home/jonnydang2004/.local/bin:/opt/ros/iron/bin:/home/jonnydang2004/.nvm/versions/node/v18.19.0/bin:/usr/local/sbin:/usr/local/bin:/usr/sbin:/usr/bin:/sbin:/bin:/usr/games:/usr/local/games:/usr/lib/wsl/lib:/mnt/c/Windows/system32:/mnt/c/Windows:/mnt/c/Windows/System32/Wbem:/mnt/c/Windows/System32/WindowsPowerShell/v1.0/:/mnt/c/Windows/System32/OpenSSH/:/mnt/c/Program Files (x86)/Intel/Intel(R) Management Engine Components/DAL:/mnt/c/Program Files/Intel/Intel(R) Management Engine Components/DAL:/mnt/c/Program Files/MATLAB/R2023b/bin:/mnt/c/Program Files/MATLAB/R2022a/bin:/mnt/c/Program Files/Docker/Docker/resources/bin:/mnt/c/Program Files/dotnet/:/mnt/c/Program Files/:/mnt/c/Program Files/Git/cmd:/mnt/c/Program Files (x86)/IVI Foundation/VISA/WinNT/Bin/:/mnt/c/Program Files/IVI Foundation/VISA/Win64/Bin/:/mnt/c/Program Files (x86)/National Instruments/Shared/LabVIEW CLI:/mnt/c/Program Files (x86)/IVI Foundation/IVI/Bin/:/mnt/c/Program Files/IVI Foundation/IVI/Bin/:/mnt/c/Program Files (x86)/IVI Foundation/VISA/WinNT/Bin:/mnt/c/Users/User/AppData/Local/Programs/Python/Python310/Scripts/:/mnt/c/Users/User/AppData/Local/Programs/Python/Python310/:/mnt/c/Users/User/AppData/Local/Microsoft/WindowsApps:/mnt/c/Users/User/AppData/Local/Programs/Microsoft VS Code/bin:/mnt/c/Users/User/AppData/Roaming/npm:/snap/bin:/opt/gradle/gradle-8.5/bin:/opt/gradle/gradle-8.5/bin'), ('XDG_RUNTIME_DIR', '/run/user/1000/'), ('DISPLAY', ':0'), ('LANG', 'en_US.UTF-8'), ('LS_COLORS', 'rs=0:di=01;34:ln=01;36:mh=00:pi=40;33:so=01;35:do=01;35:bd=40;33;01:cd=40;33;01:or=40;31;01:mi=00:su=37;41:sg=30;43:ca=30;41:tw=30;42:ow=34;42:st=37;44:ex=01;32:*.tar=01;31:*.tgz=01;31:*.arc=01;31:*.arj=01;31:*.taz=01;31:*.lha=01;31:*.lz4=01;31:*.lzh=01;31:*.lzma=01;31:*.tlz=01;31:*.txz=01;31:*.tzo=01;31:*.t7z=01;31:*.zip=01;31:*.z=01;31:*.dz=01;31:*.gz=01;31:*.lrz=01;31:*.lz=01;31:*.lzo=01;31:*.xz=01;31:*.zst=01;31:*.tzst=01;31:*.bz2=01;31:*.bz=01;31:*.tbz=01;31:*.tbz2=01;31:*.tz=01;31:*.deb=01;31:*.rpm=01;31:*.jar=01;31:*.war=01;31:*.ear=01;31:*.sar=01;31:*.rar=01;31:*.alz=01;31:*.ace=01;31:*.zoo=01;31:*.cpio=01;31:*.7z=01;31:*.rz=01;31:*.cab=01;31:*.wim=01;31:*.swm=01;31:*.dwm=01;31:*.esd=01;31:*.jpg=01;35:*.jpeg=01;35:*.mjpg=01;35:*.mjpeg=01;35:*.gif=01;35:*.bmp=01;35:*.pbm=01;35:*.pgm=01;35:*.ppm=01;35:*.tga=01;35:*.xbm=01;35:*.xpm=01;35:*.tif=01;35:*.tiff=01;35:*.png=01;35:*.svg=01;35:*.svgz=01;35:*.mng=01;35:*.pcx=01;35:*.mov=01;35:*.mpg=01;35:*.mpeg=01;35:*.m2v=01;35:*.mkv=01;35:*.webm=01;35:*.webp=01;35:*.ogm=01;35:*.mp4=01;35:*.m4v=01;35:*.mp4v=01;35:*.vob=01;35:*.qt=01;35:*.nuv=01;35:*.wmv=01;35:*.asf=01;35:*.rm=01;35:*.rmvb=01;35:*.flc=01;35:*.avi=01;35:*.fli=01;35:*.flv=01;35:*.gl=01;35:*.dl=01;35:*.xcf=01;35:*.xwd=01;35:*.yuv=01;35:*.cgm=01;35:*.emf=01;35:*.ogv=01;35:*.ogx=01;35:*.aac=00;36:*.au=00;36:*.flac=00;36:*.m4a=00;36:*.mid=00;36:*.midi=00;36:*.mka=00;36:*.mp3=00;36:*.mpc=00;36:*.ogg=00;36:*.ra=00;36:*.wav=00;36:*.oga=00;36:*.opus=00;36:*.spx=00;36:*.xspf=00;36:'), ('VSCODE_GIT_IPC_HANDLE', '/run/user/1000/vscode-git-f95bf93406.sock'), ('TERM_PROGRAM', 'vscode'), ('AMENT_PREFIX_PATH', '/home/jonnydang2004/QUADRAPED/install/quadruped_interfaces:/opt/ros/iron'), ('SHELL', '/bin/bash'), ('LESSCLOSE', '/usr/bin/lesspipe %s %s'), ('ROS_AUTOMATIC_DISCOVERY_RANGE', 'SUBNET'), ('VSCODE_GIT_ASKPASS_EXTRA_ARGS', ''), ('PWD', '/home/jonnydang2004/QUADRAPED/build/quadruped_control'), ('NVM_CD_FLAGS', ''), ('XDG_DATA_DIRS', '/usr/local/share:/usr/share:/var/lib/snapd/desktop'), ('PYTHONPATH', '/home/jonnydang2004/QUADRAPED/install/quadruped_interfaces/lib/python3.10/site-packages:/opt/ros/iron/lib/python3.10/site-packages'), ('COLCON', '1'), ('WSL2_GUI_APPS_ENABLED', '1'), ('HOSTTYPE', 'x86_64'), ('WSLENV', 'VSCODE_WSL_EXT_LOCATION/up'), ('CMAKE_PREFIX_PATH', '/home/jonnydang2004/QUADRAPED/install/quadruped_interfaces:/opt/ros/iron')]), 'shell': False}
[2.559537] (-) TimerEvent: {}
[2.660154] (-) TimerEvent: {}
[2.662657] (quadruped_control) StdoutLine: {'line': b'\x1b[35m\x1b[1mConsolidate compiler generated dependencies of target motor_config\x1b[0m\n'}
[2.698292] (quadruped_control) StdoutLine: {'line': b'[ 50%] Built target inverse_kinematics\n'}
[2.717035] (quadruped_control) StdoutLine: {'line': b'[ 75%] \x1b[32mBuilding CXX object CMakeFiles/motor_config.dir/src/motor_config.cpp.o\x1b[0m\n'}
[2.760359] (-) TimerEvent: {}
[2.863479] (-) TimerEvent: {}
[2.964203] (-) TimerEvent: {}
[3.064743] (-) TimerEvent: {}
[3.165307] (-) TimerEvent: {}
[3.266039] (-) TimerEvent: {}
[3.366652] (-) TimerEvent: {}
[3.467201] (-) TimerEvent: {}
[3.567773] (-) TimerEvent: {}
[3.668348] (-) TimerEvent: {}
[3.768911] (-) TimerEvent: {}
[3.869489] (-) TimerEvent: {}
[3.970100] (-) TimerEvent: {}
[4.070725] (-) TimerEvent: {}
[4.171508] (-) TimerEvent: {}
[4.272256] (-) TimerEvent: {}
[4.372893] (-) TimerEvent: {}
[4.473545] (-) TimerEvent: {}
[4.574216] (-) TimerEvent: {}
[4.674867] (-) TimerEvent: {}
[4.775454] (-) TimerEvent: {}
[4.876036] (-) TimerEvent: {}
[4.976647] (-) TimerEvent: {}
[5.077242] (-) TimerEvent: {}
[5.177813] (-) TimerEvent: {}
[5.278466] (-) TimerEvent: {}
[5.379340] (-) TimerEvent: {}
[5.479972] (-) TimerEvent: {}
[5.580504] (-) TimerEvent: {}
[5.681087] (-) TimerEvent: {}
[5.781620] (-) TimerEvent: {}
[5.882174] (-) TimerEvent: {}
[5.982689] (-) TimerEvent: {}
[6.083792] (-) TimerEvent: {}
[6.184330] (-) TimerEvent: {}
[6.284848] (-) TimerEvent: {}
[6.385377] (-) TimerEvent: {}
[6.485897] (-) TimerEvent: {}
[6.586402] (-) TimerEvent: {}
[6.686963] (-) TimerEvent: {}
[6.787484] (-) TimerEvent: {}
[6.890168] (-) TimerEvent: {}
[6.992974] (-) TimerEvent: {}
[7.094671] (-) TimerEvent: {}
[7.196064] (-) TimerEvent: {}
[7.297239] (-) TimerEvent: {}
[7.397771] (-) TimerEvent: {}
[7.498398] (-) TimerEvent: {}
[7.598926] (-) TimerEvent: {}
[7.699455] (-) TimerEvent: {}
[7.800051] (-) TimerEvent: {}
[7.900652] (-) TimerEvent: {}
[8.001209] (-) TimerEvent: {}
[8.101792] (-) TimerEvent: {}
[8.202507] (-) TimerEvent: {}
[8.303198] (-) TimerEvent: {}
[8.403996] (-) TimerEvent: {}
[8.504685] (-) TimerEvent: {}
[8.605280] (-) TimerEvent: {}
[8.705846] (-) TimerEvent: {}
[8.806395] (-) TimerEvent: {}
[8.906932] (-) TimerEvent: {}
[9.007509] (-) TimerEvent: {}
[9.108045] (-) TimerEvent: {}
[9.208571] (-) TimerEvent: {}
[9.309118] (-) TimerEvent: {}
[9.409752] (-) TimerEvent: {}
[9.510388] (-) TimerEvent: {}
[9.610890] (-) TimerEvent: {}
[9.711529] (-) TimerEvent: {}
[9.812149] (-) TimerEvent: {}
[9.912695] (-) TimerEvent: {}
[10.013160] (-) TimerEvent: {}
[10.113779] (-) TimerEvent: {}
[10.214406] (-) TimerEvent: {}
[10.314967] (-) TimerEvent: {}
[10.415496] (-) TimerEvent: {}
[10.516084] (-) TimerEvent: {}
[10.618195] (-) TimerEvent: {}
[10.719493] (-) TimerEvent: {}
[10.820038] (-) TimerEvent: {}
[10.921037] (-) TimerEvent: {}
[11.021644] (-) TimerEvent: {}
[11.122237] (-) TimerEvent: {}
[11.222793] (-) TimerEvent: {}
[11.323413] (-) TimerEvent: {}
[11.423966] (-) TimerEvent: {}
[11.524582] (-) TimerEvent: {}
[11.625110] (-) TimerEvent: {}
[11.725654] (-) TimerEvent: {}
[11.826242] (-) TimerEvent: {}
[11.926821] (-) TimerEvent: {}
[11.945112] (quadruped_control) StderrLine: {'line': b'\x1b[01m\x1b[K/home/jonnydang2004/QUADRAPED/src/quadruped_control/src/motor_config.cpp:\x1b[m\x1b[K In constructor \xe2\x80\x98\x1b[01m\x1b[KMotorConfig::MotorConfig()\x1b[m\x1b[K\xe2\x80\x99:\n'}
[11.945615] (quadruped_control) StderrLine: {'line': b'\x1b[01m\x1b[K/home/jonnydang2004/QUADRAPED/src/quadruped_control/src/motor_config.cpp:20:55:\x1b[m\x1b[K \x1b[01;31m\x1b[Kerror: \x1b[m\x1b[Kno matching function for call to \xe2\x80\x98\x1b[01m\x1b[KServo::Servo()\x1b[m\x1b[K\xe2\x80\x99\n'}
[11.945917] (quadruped_control) StderrLine: {'line': b'   20 |     : Node("motor_config"), pwm_max(2400), pwm_min(370\x1b[01;31m\x1b[K)\x1b[m\x1b[K\n'}
[11.946225] (quadruped_control) StderrLine: {'line': b'      |                                                       \x1b[01;31m\x1b[K^\x1b[m\x1b[K\n'}
[11.949299] (quadruped_control) StderrLine: {'line': b'In file included from \x1b[01m\x1b[K/home/jonnydang2004/QUADRAPED/src/quadruped_control/src/motor_config.cpp:7\x1b[m\x1b[K:\n'}
[11.949757] (quadruped_control) StderrLine: {'line': b'\x1b[01m\x1b[K/home/jonnydang2004/QUADRAPED/src/quadruped_control/src/servo.h:7:5:\x1b[m\x1b[K \x1b[01;36m\x1b[Knote: \x1b[m\x1b[Kcandidate: \xe2\x80\x98\x1b[01m\x1b[KServo::Servo(uint8_t)\x1b[m\x1b[K\xe2\x80\x99\n'}
[11.950443] (quadruped_control) StderrLine: {'line': b'    7 |     \x1b[01;36m\x1b[KServo\x1b[m\x1b[K(uint8_t gp);\n'}
[11.955261] (quadruped_control) StderrLine: {'line': b'      |     \x1b[01;36m\x1b[K^~~~~\x1b[m\x1b[K\n'}
[11.958059] (quadruped_control) StderrLine: {'line': b'\x1b[01m\x1b[K/home/jonnydang2004/QUADRAPED/src/quadruped_control/src/servo.h:7:5:\x1b[m\x1b[K \x1b[01;36m\x1b[Knote: \x1b[m\x1b[K  candidate expects 1 argument, 0 provided\n'}
[11.959468] (quadruped_control) StderrLine: {'line': b'\x1b[01m\x1b[K/home/jonnydang2004/QUADRAPED/src/quadruped_control/src/servo.h:5:7:\x1b[m\x1b[K \x1b[01;36m\x1b[Knote: \x1b[m\x1b[Kcandidate: \xe2\x80\x98\x1b[01m\x1b[Kconstexpr Servo::Servo(const Servo&)\x1b[m\x1b[K\xe2\x80\x99\n'}
[11.959734] (quadruped_control) StderrLine: {'line': b'    5 | class \x1b[01;36m\x1b[KServo\x1b[m\x1b[K {\n'}
[11.959933] (quadruped_control) StderrLine: {'line': b'      |       \x1b[01;36m\x1b[K^~~~~\x1b[m\x1b[K\n'}
[11.960109] (quadruped_control) StderrLine: {'line': b'\x1b[01m\x1b[K/home/jonnydang2004/QUADRAPED/src/quadruped_control/src/servo.h:5:7:\x1b[m\x1b[K \x1b[01;36m\x1b[Knote: \x1b[m\x1b[K  candidate expects 1 argument, 0 provided\n'}
[11.960492] (quadruped_control) StderrLine: {'line': b'\x1b[01m\x1b[K/home/jonnydang2004/QUADRAPED/src/quadruped_control/src/servo.h:5:7:\x1b[m\x1b[K \x1b[01;36m\x1b[Knote: \x1b[m\x1b[Kcandidate: \xe2\x80\x98\x1b[01m\x1b[Kconstexpr Servo::Servo(Servo&&)\x1b[m\x1b[K\xe2\x80\x99\n'}
[11.960715] (quadruped_control) StderrLine: {'line': b'\x1b[01m\x1b[K/home/jonnydang2004/QUADRAPED/src/quadruped_control/src/servo.h:5:7:\x1b[m\x1b[K \x1b[01;36m\x1b[Knote: \x1b[m\x1b[K  candidate expects 1 argument, 0 provided\n'}
[11.960897] (quadruped_control) StderrLine: {'line': b'\x1b[01m\x1b[K/home/jonnydang2004/QUADRAPED/src/quadruped_control/src/motor_config.cpp:20:55:\x1b[m\x1b[K \x1b[01;31m\x1b[Kerror: \x1b[m\x1b[Kno matching function for call to \xe2\x80\x98\x1b[01m\x1b[KServo::Servo()\x1b[m\x1b[K\xe2\x80\x99\n'}
[11.961080] (quadruped_control) StderrLine: {'line': b'   20 |     : Node("motor_config"), pwm_max(2400), pwm_min(370\x1b[01;31m\x1b[K)\x1b[m\x1b[K\n'}
[11.961594] (quadruped_control) StderrLine: {'line': b'      |                                                       \x1b[01;31m\x1b[K^\x1b[m\x1b[K\n'}
[11.961796] (quadruped_control) StderrLine: {'line': b'In file included from \x1b[01m\x1b[K/home/jonnydang2004/QUADRAPED/src/quadruped_control/src/motor_config.cpp:7\x1b[m\x1b[K:\n'}
[11.961984] (quadruped_control) StderrLine: {'line': b'\x1b[01m\x1b[K/home/jonnydang2004/QUADRAPED/src/quadruped_control/src/servo.h:7:5:\x1b[m\x1b[K \x1b[01;36m\x1b[Knote: \x1b[m\x1b[Kcandidate: \xe2\x80\x98\x1b[01m\x1b[KServo::Servo(uint8_t)\x1b[m\x1b[K\xe2\x80\x99\n'}
[11.962164] (quadruped_control) StderrLine: {'line': b'    7 |     \x1b[01;36m\x1b[KServo\x1b[m\x1b[K(uint8_t gp);\n'}
[11.962392] (quadruped_control) StderrLine: {'line': b'      |     \x1b[01;36m\x1b[K^~~~~\x1b[m\x1b[K\n'}
[11.962550] (quadruped_control) StderrLine: {'line': b'\x1b[01m\x1b[K/home/jonnydang2004/QUADRAPED/src/quadruped_control/src/servo.h:7:5:\x1b[m\x1b[K \x1b[01;36m\x1b[Knote: \x1b[m\x1b[K  candidate expects 1 argument, 0 provided\n'}
[11.962730] (quadruped_control) StderrLine: {'line': b'\x1b[01m\x1b[K/home/jonnydang2004/QUADRAPED/src/quadruped_control/src/servo.h:5:7:\x1b[m\x1b[K \x1b[01;36m\x1b[Knote: \x1b[m\x1b[Kcandidate: \xe2\x80\x98\x1b[01m\x1b[Kconstexpr Servo::Servo(const Servo&)\x1b[m\x1b[K\xe2\x80\x99\n'}
[11.962911] (quadruped_control) StderrLine: {'line': b'    5 | class \x1b[01;36m\x1b[KServo\x1b[m\x1b[K {\n'}
[11.963215] (quadruped_control) StderrLine: {'line': b'      |       \x1b[01;36m\x1b[K^~~~~\x1b[m\x1b[K\n'}
[11.963532] (quadruped_control) StderrLine: {'line': b'\x1b[01m\x1b[K/home/jonnydang2004/QUADRAPED/src/quadruped_control/src/servo.h:5:7:\x1b[m\x1b[K \x1b[01;36m\x1b[Knote: \x1b[m\x1b[K  candidate expects 1 argument, 0 provided\n'}
[11.963720] (quadruped_control) StderrLine: {'line': b'\x1b[01m\x1b[K/home/jonnydang2004/QUADRAPED/src/quadruped_control/src/servo.h:5:7:\x1b[m\x1b[K \x1b[01;36m\x1b[Knote: \x1b[m\x1b[Kcandidate: \xe2\x80\x98\x1b[01m\x1b[Kconstexpr Servo::Servo(Servo&&)\x1b[m\x1b[K\xe2\x80\x99\n'}
[11.963909] (quadruped_control) StderrLine: {'line': b'\x1b[01m\x1b[K/home/jonnydang2004/QUADRAPED/src/quadruped_control/src/servo.h:5:7:\x1b[m\x1b[K \x1b[01;36m\x1b[Knote: \x1b[m\x1b[K  candidate expects 1 argument, 0 provided\n'}
[11.964121] (quadruped_control) StderrLine: {'line': b'\x1b[01m\x1b[K/home/jonnydang2004/QUADRAPED/src/quadruped_control/src/motor_config.cpp:20:55:\x1b[m\x1b[K \x1b[01;31m\x1b[Kerror: \x1b[m\x1b[Kno matching function for call to \xe2\x80\x98\x1b[01m\x1b[KServo::Servo()\x1b[m\x1b[K\xe2\x80\x99\n'}
[11.964343] (quadruped_control) StderrLine: {'line': b'   20 |     : Node("motor_config"), pwm_max(2400), pwm_min(370\x1b[01;31m\x1b[K)\x1b[m\x1b[K\n'}
[11.964504] (quadruped_control) StderrLine: {'line': b'      |                                                       \x1b[01;31m\x1b[K^\x1b[m\x1b[K\n'}
[11.964653] (quadruped_control) StderrLine: {'line': b'In file included from \x1b[01m\x1b[K/home/jonnydang2004/QUADRAPED/src/quadruped_control/src/motor_config.cpp:7\x1b[m\x1b[K:\n'}
[11.964805] (quadruped_control) StderrLine: {'line': b'\x1b[01m\x1b[K/home/jonnydang2004/QUADRAPED/src/quadruped_control/src/servo.h:7:5:\x1b[m\x1b[K \x1b[01;36m\x1b[Knote: \x1b[m\x1b[Kcandidate: \xe2\x80\x98\x1b[01m\x1b[KServo::Servo(uint8_t)\x1b[m\x1b[K\xe2\x80\x99\n'}
[11.964994] (quadruped_control) StderrLine: {'line': b'    7 |     \x1b[01;36m\x1b[KServo\x1b[m\x1b[K(uint8_t gp);\n'}
[11.965490] (quadruped_control) StderrLine: {'line': b'      |     \x1b[01;36m\x1b[K^~~~~\x1b[m\x1b[K\n'}
[11.965716] (quadruped_control) StderrLine: {'line': b'\x1b[01m\x1b[K/home/jonnydang2004/QUADRAPED/src/quadruped_control/src/servo.h:7:5:\x1b[m\x1b[K \x1b[01;36m\x1b[Knote: \x1b[m\x1b[K  candidate expects 1 argument, 0 provided\n'}
[11.965947] (quadruped_control) StderrLine: {'line': b'\x1b[01m\x1b[K/home/jonnydang2004/QUADRAPED/src/quadruped_control/src/servo.h:5:7:\x1b[m\x1b[K \x1b[01;36m\x1b[Knote: \x1b[m\x1b[Kcandidate: \xe2\x80\x98\x1b[01m\x1b[Kconstexpr Servo::Servo(const Servo&)\x1b[m\x1b[K\xe2\x80\x99\n'}
[11.966215] (quadruped_control) StderrLine: {'line': b'    5 | class \x1b[01;36m\x1b[KServo\x1b[m\x1b[K {\n'}
[11.966455] (quadruped_control) StderrLine: {'line': b'      |       \x1b[01;36m\x1b[K^~~~~\x1b[m\x1b[K\n'}
[11.966689] (quadruped_control) StderrLine: {'line': b'\x1b[01m\x1b[K/home/jonnydang2004/QUADRAPED/src/quadruped_control/src/servo.h:5:7:\x1b[m\x1b[K \x1b[01;36m\x1b[Knote: \x1b[m\x1b[K  candidate expects 1 argument, 0 provided\n'}
[11.966880] (quadruped_control) StderrLine: {'line': b'\x1b[01m\x1b[K/home/jonnydang2004/QUADRAPED/src/quadruped_control/src/servo.h:5:7:\x1b[m\x1b[K \x1b[01;36m\x1b[Knote: \x1b[m\x1b[Kcandidate: \xe2\x80\x98\x1b[01m\x1b[Kconstexpr Servo::Servo(Servo&&)\x1b[m\x1b[K\xe2\x80\x99\n'}
[11.967101] (quadruped_control) StderrLine: {'line': b'\x1b[01m\x1b[K/home/jonnydang2004/QUADRAPED/src/quadruped_control/src/servo.h:5:7:\x1b[m\x1b[K \x1b[01;36m\x1b[Knote: \x1b[m\x1b[K  candidate expects 1 argument, 0 provided\n'}
[11.967349] (quadruped_control) StderrLine: {'line': b'\x1b[01m\x1b[K/home/jonnydang2004/QUADRAPED/src/quadruped_control/src/motor_config.cpp:20:55:\x1b[m\x1b[K \x1b[01;31m\x1b[Kerror: \x1b[m\x1b[Kno matching function for call to \xe2\x80\x98\x1b[01m\x1b[KServo::Servo()\x1b[m\x1b[K\xe2\x80\x99\n'}
[11.967527] (quadruped_control) StderrLine: {'line': b'   20 |     : Node("motor_config"), pwm_max(2400), pwm_min(370\x1b[01;31m\x1b[K)\x1b[m\x1b[K\n'}
[11.967698] (quadruped_control) StderrLine: {'line': b'      |                                                       \x1b[01;31m\x1b[K^\x1b[m\x1b[K\n'}
[11.967860] (quadruped_control) StderrLine: {'line': b'In file included from \x1b[01m\x1b[K/home/jonnydang2004/QUADRAPED/src/quadruped_control/src/motor_config.cpp:7\x1b[m\x1b[K:\n'}
[11.968034] (quadruped_control) StderrLine: {'line': b'\x1b[01m\x1b[K/home/jonnydang2004/QUADRAPED/src/quadruped_control/src/servo.h:7:5:\x1b[m\x1b[K \x1b[01;36m\x1b[Knote: \x1b[m\x1b[Kcandidate: \xe2\x80\x98\x1b[01m\x1b[KServo::Servo(uint8_t)\x1b[m\x1b[K\xe2\x80\x99\n'}
[11.968244] (quadruped_control) StderrLine: {'line': b'    7 |     \x1b[01;36m\x1b[KServo\x1b[m\x1b[K(uint8_t gp);\n'}
[11.968429] (quadruped_control) StderrLine: {'line': b'      |     \x1b[01;36m\x1b[K^~~~~\x1b[m\x1b[K\n'}
[11.968593] (quadruped_control) StderrLine: {'line': b'\x1b[01m\x1b[K/home/jonnydang2004/QUADRAPED/src/quadruped_control/src/servo.h:7:5:\x1b[m\x1b[K \x1b[01;36m\x1b[Knote: \x1b[m\x1b[K  candidate expects 1 argument, 0 provided\n'}
[11.968758] (quadruped_control) StderrLine: {'line': b'\x1b[01m\x1b[K/home/jonnydang2004/QUADRAPED/src/quadruped_control/src/servo.h:5:7:\x1b[m\x1b[K \x1b[01;36m\x1b[Knote: \x1b[m\x1b[Kcandidate: \xe2\x80\x98\x1b[01m\x1b[Kconstexpr Servo::Servo(const Servo&)\x1b[m\x1b[K\xe2\x80\x99\n'}
[11.968974] (quadruped_control) StderrLine: {'line': b'    5 | class \x1b[01;36m\x1b[KServo\x1b[m\x1b[K {\n'}
[11.969147] (quadruped_control) StderrLine: {'line': b'      |       \x1b[01;36m\x1b[K^~~~~\x1b[m\x1b[K\n'}
[11.969363] (quadruped_control) StderrLine: {'line': b'\x1b[01m\x1b[K/home/jonnydang2004/QUADRAPED/src/quadruped_control/src/servo.h:5:7:\x1b[m\x1b[K \x1b[01;36m\x1b[Knote: \x1b[m\x1b[K  candidate expects 1 argument, 0 provided\n'}
[11.969535] (quadruped_control) StderrLine: {'line': b'\x1b[01m\x1b[K/home/jonnydang2004/QUADRAPED/src/quadruped_control/src/servo.h:5:7:\x1b[m\x1b[K \x1b[01;36m\x1b[Knote: \x1b[m\x1b[Kcandidate: \xe2\x80\x98\x1b[01m\x1b[Kconstexpr Servo::Servo(Servo&&)\x1b[m\x1b[K\xe2\x80\x99\n'}
[11.969707] (quadruped_control) StderrLine: {'line': b'\x1b[01m\x1b[K/home/jonnydang2004/QUADRAPED/src/quadruped_control/src/servo.h:5:7:\x1b[m\x1b[K \x1b[01;36m\x1b[Knote: \x1b[m\x1b[K  candidate expects 1 argument, 0 provided\n'}
[11.969874] (quadruped_control) StderrLine: {'line': b'\x1b[01m\x1b[K/home/jonnydang2004/QUADRAPED/src/quadruped_control/src/motor_config.cpp:20:55:\x1b[m\x1b[K \x1b[01;31m\x1b[Kerror: \x1b[m\x1b[Kno matching function for call to \xe2\x80\x98\x1b[01m\x1b[KServo::Servo()\x1b[m\x1b[K\xe2\x80\x99\n'}
[11.970083] (quadruped_control) StderrLine: {'line': b'   20 |     : Node("motor_config"), pwm_max(2400), pwm_min(370\x1b[01;31m\x1b[K)\x1b[m\x1b[K\n'}
[11.970357] (quadruped_control) StderrLine: {'line': b'      |                                                       \x1b[01;31m\x1b[K^\x1b[m\x1b[K\n'}
[11.970596] (quadruped_control) StderrLine: {'line': b'In file included from \x1b[01m\x1b[K/home/jonnydang2004/QUADRAPED/src/quadruped_control/src/motor_config.cpp:7\x1b[m\x1b[K:\n'}
[11.970858] (quadruped_control) StderrLine: {'line': b'\x1b[01m\x1b[K/home/jonnydang2004/QUADRAPED/src/quadruped_control/src/servo.h:7:5:\x1b[m\x1b[K \x1b[01;36m\x1b[Knote: \x1b[m\x1b[Kcandidate: \xe2\x80\x98\x1b[01m\x1b[KServo::Servo(uint8_t)\x1b[m\x1b[K\xe2\x80\x99\n'}
[11.971105] (quadruped_control) StderrLine: {'line': b'    7 |     \x1b[01;36m\x1b[KServo\x1b[m\x1b[K(uint8_t gp);\n'}
[11.971406] (quadruped_control) StderrLine: {'line': b'      |     \x1b[01;36m\x1b[K^~~~~\x1b[m\x1b[K\n'}
[11.971972] (quadruped_control) StderrLine: {'line': b'\x1b[01m\x1b[K/home/jonnydang2004/QUADRAPED/src/quadruped_control/src/servo.h:7:5:\x1b[m\x1b[K \x1b[01;36m\x1b[Knote: \x1b[m\x1b[K  candidate expects 1 argument, 0 provided\n'}
[11.972297] (quadruped_control) StderrLine: {'line': b'\x1b[01m\x1b[K/home/jonnydang2004/QUADRAPED/src/quadruped_control/src/servo.h:5:7:\x1b[m\x1b[K \x1b[01;36m\x1b[Knote: \x1b[m\x1b[Kcandidate: \xe2\x80\x98\x1b[01m\x1b[Kconstexpr Servo::Servo(const Servo&)\x1b[m\x1b[K\xe2\x80\x99\n'}
[11.972614] (quadruped_control) StderrLine: {'line': b'    5 | class \x1b[01;36m\x1b[KServo\x1b[m\x1b[K {\n'}
[11.972934] (quadruped_control) StderrLine: {'line': b'      |       \x1b[01;36m\x1b[K^~~~~\x1b[m\x1b[K\n'}
[11.973376] (quadruped_control) StderrLine: {'line': b'\x1b[01m\x1b[K/home/jonnydang2004/QUADRAPED/src/quadruped_control/src/servo.h:5:7:\x1b[m\x1b[K \x1b[01;36m\x1b[Knote: \x1b[m\x1b[K  candidate expects 1 argument, 0 provided\n'}
[11.973698] (quadruped_control) StderrLine: {'line': b'\x1b[01m\x1b[K/home/jonnydang2004/QUADRAPED/src/quadruped_control/src/servo.h:5:7:\x1b[m\x1b[K \x1b[01;36m\x1b[Knote: \x1b[m\x1b[Kcandidate: \xe2\x80\x98\x1b[01m\x1b[Kconstexpr Servo::Servo(Servo&&)\x1b[m\x1b[K\xe2\x80\x99\n'}
[11.974069] (quadruped_control) StderrLine: {'line': b'\x1b[01m\x1b[K/home/jonnydang2004/QUADRAPED/src/quadruped_control/src/servo.h:5:7:\x1b[m\x1b[K \x1b[01;36m\x1b[Knote: \x1b[m\x1b[K  candidate expects 1 argument, 0 provided\n'}
[11.974575] (quadruped_control) StderrLine: {'line': b'\x1b[01m\x1b[K/home/jonnydang2004/QUADRAPED/src/quadruped_control/src/motor_config.cpp:20:55:\x1b[m\x1b[K \x1b[01;31m\x1b[Kerror: \x1b[m\x1b[Kno matching function for call to \xe2\x80\x98\x1b[01m\x1b[KServo::Servo()\x1b[m\x1b[K\xe2\x80\x99\n'}
[11.974865] (quadruped_control) StderrLine: {'line': b'   20 |     : Node("motor_config"), pwm_max(2400), pwm_min(370\x1b[01;31m\x1b[K)\x1b[m\x1b[K\n'}
[11.975071] (quadruped_control) StderrLine: {'line': b'      |                                                       \x1b[01;31m\x1b[K^\x1b[m\x1b[K\n'}
[11.975308] (quadruped_control) StderrLine: {'line': b'In file included from \x1b[01m\x1b[K/home/jonnydang2004/QUADRAPED/src/quadruped_control/src/motor_config.cpp:7\x1b[m\x1b[K:\n'}
[11.975488] (quadruped_control) StderrLine: {'line': b'\x1b[01m\x1b[K/home/jonnydang2004/QUADRAPED/src/quadruped_control/src/servo.h:7:5:\x1b[m\x1b[K \x1b[01;36m\x1b[Knote: \x1b[m\x1b[Kcandidate: \xe2\x80\x98\x1b[01m\x1b[KServo::Servo(uint8_t)\x1b[m\x1b[K\xe2\x80\x99\n'}
[11.975686] (quadruped_control) StderrLine: {'line': b'    7 |     \x1b[01;36m\x1b[KServo\x1b[m\x1b[K(uint8_t gp);\n'}
[11.975951] (quadruped_control) StderrLine: {'line': b'      |     \x1b[01;36m\x1b[K^~~~~\x1b[m\x1b[K\n'}
[11.976113] (quadruped_control) StderrLine: {'line': b'\x1b[01m\x1b[K/home/jonnydang2004/QUADRAPED/src/quadruped_control/src/servo.h:7:5:\x1b[m\x1b[K \x1b[01;36m\x1b[Knote: \x1b[m\x1b[K  candidate expects 1 argument, 0 provided\n'}
[11.976546] (quadruped_control) StderrLine: {'line': b'\x1b[01m\x1b[K/home/jonnydang2004/QUADRAPED/src/quadruped_control/src/servo.h:5:7:\x1b[m\x1b[K \x1b[01;36m\x1b[Knote: \x1b[m\x1b[Kcandidate: \xe2\x80\x98\x1b[01m\x1b[Kconstexpr Servo::Servo(const Servo&)\x1b[m\x1b[K\xe2\x80\x99\n'}
[11.976759] (quadruped_control) StderrLine: {'line': b'    5 | class \x1b[01;36m\x1b[KServo\x1b[m\x1b[K {\n'}
[11.976937] (quadruped_control) StderrLine: {'line': b'      |       \x1b[01;36m\x1b[K^~~~~\x1b[m\x1b[K\n'}
[11.977129] (quadruped_control) StderrLine: {'line': b'\x1b[01m\x1b[K/home/jonnydang2004/QUADRAPED/src/quadruped_control/src/servo.h:5:7:\x1b[m\x1b[K \x1b[01;36m\x1b[Knote: \x1b[m\x1b[K  candidate expects 1 argument, 0 provided\n'}
[11.977687] (quadruped_control) StderrLine: {'line': b'\x1b[01m\x1b[K/home/jonnydang2004/QUADRAPED/src/quadruped_control/src/servo.h:5:7:\x1b[m\x1b[K \x1b[01;36m\x1b[Knote: \x1b[m\x1b[Kcandidate: \xe2\x80\x98\x1b[01m\x1b[Kconstexpr Servo::Servo(Servo&&)\x1b[m\x1b[K\xe2\x80\x99\n'}
[11.978341] (quadruped_control) StderrLine: {'line': b'\x1b[01m\x1b[K/home/jonnydang2004/QUADRAPED/src/quadruped_control/src/servo.h:5:7:\x1b[m\x1b[K \x1b[01;36m\x1b[Knote: \x1b[m\x1b[K  candidate expects 1 argument, 0 provided\n'}
[11.978732] (quadruped_control) StderrLine: {'line': b'\x1b[01m\x1b[K/home/jonnydang2004/QUADRAPED/src/quadruped_control/src/motor_config.cpp:20:55:\x1b[m\x1b[K \x1b[01;31m\x1b[Kerror: \x1b[m\x1b[Kno matching function for call to \xe2\x80\x98\x1b[01m\x1b[KServo::Servo()\x1b[m\x1b[K\xe2\x80\x99\n'}
[11.979151] (quadruped_control) StderrLine: {'line': b'   20 |     : Node("motor_config"), pwm_max(2400), pwm_min(370\x1b[01;31m\x1b[K)\x1b[m\x1b[K\n'}
[11.979558] (quadruped_control) StderrLine: {'line': b'      |                                                       \x1b[01;31m\x1b[K^\x1b[m\x1b[K\n'}
[11.979727] (quadruped_control) StderrLine: {'line': b'In file included from \x1b[01m\x1b[K/home/jonnydang2004/QUADRAPED/src/quadruped_control/src/motor_config.cpp:7\x1b[m\x1b[K:\n'}
[11.979870] (quadruped_control) StderrLine: {'line': b'\x1b[01m\x1b[K/home/jonnydang2004/QUADRAPED/src/quadruped_control/src/servo.h:7:5:\x1b[m\x1b[K \x1b[01;36m\x1b[Knote: \x1b[m\x1b[Kcandidate: \xe2\x80\x98\x1b[01m\x1b[KServo::Servo(uint8_t)\x1b[m\x1b[K\xe2\x80\x99\n'}
[11.980031] (quadruped_control) StderrLine: {'line': b'    7 |     \x1b[01;36m\x1b[KServo\x1b[m\x1b[K(uint8_t gp);\n'}
[11.980253] (quadruped_control) StderrLine: {'line': b'      |     \x1b[01;36m\x1b[K^~~~~\x1b[m\x1b[K\n'}
[11.980436] (quadruped_control) StderrLine: {'line': b'\x1b[01m\x1b[K/home/jonnydang2004/QUADRAPED/src/quadruped_control/src/servo.h:7:5:\x1b[m\x1b[K \x1b[01;36m\x1b[Knote: \x1b[m\x1b[K  candidate expects 1 argument, 0 provided\n'}
[11.980594] (quadruped_control) StderrLine: {'line': b'\x1b[01m\x1b[K/home/jonnydang2004/QUADRAPED/src/quadruped_control/src/servo.h:5:7:\x1b[m\x1b[K \x1b[01;36m\x1b[Knote: \x1b[m\x1b[Kcandidate: \xe2\x80\x98\x1b[01m\x1b[Kconstexpr Servo::Servo(const Servo&)\x1b[m\x1b[K\xe2\x80\x99\n'}
[11.980746] (quadruped_control) StderrLine: {'line': b'    5 | class \x1b[01;36m\x1b[KServo\x1b[m\x1b[K {\n'}
[11.980890] (quadruped_control) StderrLine: {'line': b'      |       \x1b[01;36m\x1b[K^~~~~\x1b[m\x1b[K\n'}
[11.981048] (quadruped_control) StderrLine: {'line': b'\x1b[01m\x1b[K/home/jonnydang2004/QUADRAPED/src/quadruped_control/src/servo.h:5:7:\x1b[m\x1b[K \x1b[01;36m\x1b[Knote: \x1b[m\x1b[K  candidate expects 1 argument, 0 provided\n'}
[11.981279] (quadruped_control) StderrLine: {'line': b'\x1b[01m\x1b[K/home/jonnydang2004/QUADRAPED/src/quadruped_control/src/servo.h:5:7:\x1b[m\x1b[K \x1b[01;36m\x1b[Knote: \x1b[m\x1b[Kcandidate: \xe2\x80\x98\x1b[01m\x1b[Kconstexpr Servo::Servo(Servo&&)\x1b[m\x1b[K\xe2\x80\x99\n'}
[11.981455] (quadruped_control) StderrLine: {'line': b'\x1b[01m\x1b[K/home/jonnydang2004/QUADRAPED/src/quadruped_control/src/servo.h:5:7:\x1b[m\x1b[K \x1b[01;36m\x1b[Knote: \x1b[m\x1b[K  candidate expects 1 argument, 0 provided\n'}
[11.984396] (quadruped_control) StderrLine: {'line': b'\x1b[01m\x1b[K/home/jonnydang2004/QUADRAPED/src/quadruped_control/src/motor_config.cpp:20:55:\x1b[m\x1b[K \x1b[01;31m\x1b[Kerror: \x1b[m\x1b[Kno matching function for call to \xe2\x80\x98\x1b[01m\x1b[KServo::Servo()\x1b[m\x1b[K\xe2\x80\x99\n'}
[11.984781] (quadruped_control) StderrLine: {'line': b'   20 |     : Node("motor_config"), pwm_max(2400), pwm_min(370\x1b[01;31m\x1b[K)\x1b[m\x1b[K\n'}
[11.984987] (quadruped_control) StderrLine: {'line': b'      |                                                       \x1b[01;31m\x1b[K^\x1b[m\x1b[K\n'}
[11.985273] (quadruped_control) StderrLine: {'line': b'In file included from \x1b[01m\x1b[K/home/jonnydang2004/QUADRAPED/src/quadruped_control/src/motor_config.cpp:7\x1b[m\x1b[K:\n'}
[11.985509] (quadruped_control) StderrLine: {'line': b'\x1b[01m\x1b[K/home/jonnydang2004/QUADRAPED/src/quadruped_control/src/servo.h:7:5:\x1b[m\x1b[K \x1b[01;36m\x1b[Knote: \x1b[m\x1b[Kcandidate: \xe2\x80\x98\x1b[01m\x1b[KServo::Servo(uint8_t)\x1b[m\x1b[K\xe2\x80\x99\n'}
[11.985706] (quadruped_control) StderrLine: {'line': b'    7 |     \x1b[01;36m\x1b[KServo\x1b[m\x1b[K(uint8_t gp);\n'}
[11.985898] (quadruped_control) StderrLine: {'line': b'      |     \x1b[01;36m\x1b[K^~~~~\x1b[m\x1b[K\n'}
[11.986082] (quadruped_control) StderrLine: {'line': b'\x1b[01m\x1b[K/home/jonnydang2004/QUADRAPED/src/quadruped_control/src/servo.h:7:5:\x1b[m\x1b[K \x1b[01;36m\x1b[Knote: \x1b[m\x1b[K  candidate expects 1 argument, 0 provided\n'}
[11.986370] (quadruped_control) StderrLine: {'line': b'\x1b[01m\x1b[K/home/jonnydang2004/QUADRAPED/src/quadruped_control/src/servo.h:5:7:\x1b[m\x1b[K \x1b[01;36m\x1b[Knote: \x1b[m\x1b[Kcandidate: \xe2\x80\x98\x1b[01m\x1b[Kconstexpr Servo::Servo(const Servo&)\x1b[m\x1b[K\xe2\x80\x99\n'}
[11.986582] (quadruped_control) StderrLine: {'line': b'    5 | class \x1b[01;36m\x1b[KServo\x1b[m\x1b[K {\n'}
[11.986776] (quadruped_control) StderrLine: {'line': b'      |       \x1b[01;36m\x1b[K^~~~~\x1b[m\x1b[K\n'}
[11.986963] (quadruped_control) StderrLine: {'line': b'\x1b[01m\x1b[K/home/jonnydang2004/QUADRAPED/src/quadruped_control/src/servo.h:5:7:\x1b[m\x1b[K \x1b[01;36m\x1b[Knote: \x1b[m\x1b[K  candidate expects 1 argument, 0 provided\n'}
[11.987137] (quadruped_control) StderrLine: {'line': b'\x1b[01m\x1b[K/home/jonnydang2004/QUADRAPED/src/quadruped_control/src/servo.h:5:7:\x1b[m\x1b[K \x1b[01;36m\x1b[Knote: \x1b[m\x1b[Kcandidate: \xe2\x80\x98\x1b[01m\x1b[Kconstexpr Servo::Servo(Servo&&)\x1b[m\x1b[K\xe2\x80\x99\n'}
[11.987427] (quadruped_control) StderrLine: {'line': b'\x1b[01m\x1b[K/home/jonnydang2004/QUADRAPED/src/quadruped_control/src/servo.h:5:7:\x1b[m\x1b[K \x1b[01;36m\x1b[Knote: \x1b[m\x1b[K  candidate expects 1 argument, 0 provided\n'}
[12.001991] (quadruped_control) StderrLine: {'line': b'\x1b[01m\x1b[K/home/jonnydang2004/QUADRAPED/src/quadruped_control/src/motor_config.cpp:43:30:\x1b[m\x1b[K \x1b[01;31m\x1b[Kerror: \x1b[m\x1b[Kno match for \xe2\x80\x98\x1b[01m\x1b[Koperator=\x1b[m\x1b[K\xe2\x80\x99 (operand types are \xe2\x80\x98\x1b[01m\x1b[Kstd::array<std::array<int, 4>, 2>\x1b[m\x1b[K\xe2\x80\x99 and \xe2\x80\x98\x1b[01m\x1b[K<brace-enclosed initializer list>\x1b[m\x1b[K\xe2\x80\x99)\n'}
[12.003310] (quadruped_control) StderrLine: {'line': b'   43 |                 {12, 8, 0, 4}\x1b[01;31m\x1b[K}\x1b[m\x1b[K;\n'}
[12.004816] (quadruped_control) StderrLine: {'line': b'      |                              \x1b[01;31m\x1b[K^\x1b[m\x1b[K\n'}
[12.006376] (quadruped_control) StderrLine: {'line': b'In file included from \x1b[01m\x1b[K/usr/include/c++/11/tuple:39\x1b[m\x1b[K,\n'}
[12.008841] (quadruped_control) StderrLine: {'line': b'                 from \x1b[01m\x1b[K/usr/include/c++/11/bits/unique_ptr.h:37\x1b[m\x1b[K,\n'}
[12.009113] (quadruped_control) StderrLine: {'line': b'                 from \x1b[01m\x1b[K/usr/include/c++/11/memory:76\x1b[m\x1b[K,\n'}
[12.010141] (quadruped_control) StderrLine: {'line': b'                 from \x1b[01m\x1b[K/opt/ros/iron/include/rclcpp/rclcpp/rclcpp.hpp:165\x1b[m\x1b[K,\n'}
[12.010562] (quadruped_control) StderrLine: {'line': b'                 from \x1b[01m\x1b[K/home/jonnydang2004/QUADRAPED/src/quadruped_control/src/motor_config.cpp:1\x1b[m\x1b[K:\n'}
[12.010785] (quadruped_control) StderrLine: {'line': b'\x1b[01m\x1b[K/usr/include/c++/11/array:95:12:\x1b[m\x1b[K \x1b[01;36m\x1b[Knote: \x1b[m\x1b[Kcandidate: \xe2\x80\x98\x1b[01m\x1b[Kconstexpr std::array<std::array<int, 4>, 2>& std::array<std::array<int, 4>, 2>::operator=(const std::array<std::array<int, 4>, 2>&)\x1b[m\x1b[K\xe2\x80\x99\n'}
[12.011014] (quadruped_control) StderrLine: {'line': b'   95 |     struct \x1b[01;36m\x1b[Karray\x1b[m\x1b[K\n'}
[12.011251] (quadruped_control) StderrLine: {'line': b'      |            \x1b[01;36m\x1b[K^~~~~\x1b[m\x1b[K\n'}
[12.011467] (quadruped_control) StderrLine: {'line': b'\x1b[01m\x1b[K/usr/include/c++/11/array:95:12:\x1b[m\x1b[K \x1b[01;36m\x1b[Knote: \x1b[m\x1b[K  no known conversion for argument 1 from \xe2\x80\x98\x1b[01m\x1b[K<brace-enclosed initializer list>\x1b[m\x1b[K\xe2\x80\x99 to \xe2\x80\x98\x1b[01m\x1b[Kconst std::array<std::array<int, 4>, 2>&\x1b[m\x1b[K\xe2\x80\x99\n'}
[12.011666] (quadruped_control) StderrLine: {'line': b'\x1b[01m\x1b[K/usr/include/c++/11/array:95:12:\x1b[m\x1b[K \x1b[01;36m\x1b[Knote: \x1b[m\x1b[Kcandidate: \xe2\x80\x98\x1b[01m\x1b[Kconstexpr std::array<std::array<int, 4>, 2>& std::array<std::array<int, 4>, 2>::operator=(std::array<std::array<int, 4>, 2>&&)\x1b[m\x1b[K\xe2\x80\x99\n'}
[12.011890] (quadruped_control) StderrLine: {'line': b'\x1b[01m\x1b[K/usr/include/c++/11/array:95:12:\x1b[m\x1b[K \x1b[01;36m\x1b[Knote: \x1b[m\x1b[K  no known conversion for argument 1 from \xe2\x80\x98\x1b[01m\x1b[K<brace-enclosed initializer list>\x1b[m\x1b[K\xe2\x80\x99 to \xe2\x80\x98\x1b[01m\x1b[Kstd::array<std::array<int, 4>, 2>&&\x1b[m\x1b[K\xe2\x80\x99\n'}
[12.012106] (quadruped_control) StderrLine: {'line': b'\x1b[01m\x1b[K/home/jonnydang2004/QUADRAPED/src/quadruped_control/src/motor_config.cpp:48:60:\x1b[m\x1b[K \x1b[01;31m\x1b[Kerror: \x1b[m\x1b[Kambiguous overload for \xe2\x80\x98\x1b[01m\x1b[Koperator=\x1b[m\x1b[K\xe2\x80\x99 (operand types are \xe2\x80\x98\x1b[01m\x1b[KServo\x1b[m\x1b[K\xe2\x80\x99 and \xe2\x80\x98\x1b[01m\x1b[KServo*\x1b[m\x1b[K\xe2\x80\x99)\n'}
[12.012372] (quadruped_control) StderrLine: {'line': b'   48 |         front_left_upper_servo = new Servo(front_left_upper\x1b[01;31m\x1b[K)\x1b[m\x1b[K;\n'}
[12.012574] (quadruped_control) StderrLine: {'line': b'      |                                                            \x1b[01;31m\x1b[K^\x1b[m\x1b[K\n'}
[12.012754] (quadruped_control) StderrLine: {'line': b'In file included from \x1b[01m\x1b[K/home/jonnydang2004/QUADRAPED/src/quadruped_control/src/motor_config.cpp:7\x1b[m\x1b[K:\n'}
[12.012938] (quadruped_control) StderrLine: {'line': b'\x1b[01m\x1b[K/home/jonnydang2004/QUADRAPED/src/quadruped_control/src/servo.h:5:7:\x1b[m\x1b[K \x1b[01;36m\x1b[Knote: \x1b[m\x1b[Kcandidate: \xe2\x80\x98\x1b[01m\x1b[Kconstexpr Servo& Servo::operator=(const Servo&)\x1b[m\x1b[K\xe2\x80\x99 (near match)\n'}
[12.013226] (quadruped_control) StderrLine: {'line': b'    5 | class \x1b[01;36m\x1b[KServo\x1b[m\x1b[K {\n'}
[12.013433] (quadruped_control) StderrLine: {'line': b'      |       \x1b[01;36m\x1b[K^~~~~\x1b[m\x1b[K\n'}
[12.013622] (quadruped_control) StderrLine: {'line': b'\x1b[01m\x1b[K/home/jonnydang2004/QUADRAPED/src/quadruped_control/src/servo.h:5:7:\x1b[m\x1b[K \x1b[01;36m\x1b[Knote: \x1b[m\x1b[K  conversion of argument 1 would be ill-formed:\n'}
[12.013813] (quadruped_control) StderrLine: {'line': b'\x1b[01m\x1b[K/home/jonnydang2004/QUADRAPED/src/quadruped_control/src/motor_config.cpp:48:34:\x1b[m\x1b[K \x1b[01;31m\x1b[Kerror: \x1b[m\x1b[Kinvalid user-defined conversion from \xe2\x80\x98\x1b[01m\x1b[KServo*\x1b[m\x1b[K\xe2\x80\x99 to \xe2\x80\x98\x1b[01m\x1b[Kconst Servo&\x1b[m\x1b[K\xe2\x80\x99 [\x1b[01;31m\x1b[K\x1b]8;;https://gcc.gnu.org/onlinedocs/gcc/Warning-Options.html#index-fpermissive\x07-fpermissive\x1b]8;;\x07\x1b[m\x1b[K]\n'}
[12.014019] (quadruped_control) StderrLine: {'line': b'   48 |         front_left_upper_servo = \x1b[01;31m\x1b[Knew Servo(front_left_upper)\x1b[m\x1b[K;\n'}
[12.014251] (quadruped_control) StderrLine: {'line': b'      |                                  \x1b[01;31m\x1b[K^~~~~~~~~~~~~~~~~~~~~~~~~~~\x1b[m\x1b[K\n'}
[12.014561] (quadruped_control) StderrLine: {'line': b'In file included from \x1b[01m\x1b[K/home/jonnydang2004/QUADRAPED/src/quadruped_control/src/motor_config.cpp:7\x1b[m\x1b[K:\n'}
[12.014744] (quadruped_control) StderrLine: {'line': b'\x1b[01m\x1b[K/home/jonnydang2004/QUADRAPED/src/quadruped_control/src/servo.h:7:5:\x1b[m\x1b[K \x1b[01;36m\x1b[Knote: \x1b[m\x1b[Kcandidate is: \xe2\x80\x98\x1b[01m\x1b[KServo::Servo(uint8_t)\x1b[m\x1b[K\xe2\x80\x99 (near match)\n'}
[12.016676] (quadruped_control) StderrLine: {'line': b'    7 |     \x1b[01;36m\x1b[KServo\x1b[m\x1b[K(uint8_t gp);\n'}
[12.017111] (quadruped_control) StderrLine: {'line': b'      |     \x1b[01;36m\x1b[K^~~~~\x1b[m\x1b[K\n'}
[12.017630] (quadruped_control) StderrLine: {'line': b'\x1b[01m\x1b[K/home/jonnydang2004/QUADRAPED/src/quadruped_control/src/servo.h:7:5:\x1b[m\x1b[K \x1b[01;36m\x1b[Knote: \x1b[m\x1b[K  conversion of argument 1 would be ill-formed:\n'}
[12.018031] (quadruped_control) StderrLine: {'line': b'\x1b[01m\x1b[K/home/jonnydang2004/QUADRAPED/src/quadruped_control/src/motor_config.cpp:48:34:\x1b[m\x1b[K \x1b[01;31m\x1b[Kerror: \x1b[m\x1b[Kinvalid conversion from \xe2\x80\x98\x1b[01m\x1b[KServo*\x1b[m\x1b[K\xe2\x80\x99 to \xe2\x80\x98\x1b[01m\x1b[Kuint8_t\x1b[m\x1b[K\xe2\x80\x99 {aka \xe2\x80\x98\x1b[01m\x1b[Kunsigned char\x1b[m\x1b[K\xe2\x80\x99} [\x1b[01;31m\x1b[K\x1b]8;;https://gcc.gnu.org/onlinedocs/gcc/Warning-Options.html#index-fpermissive\x07-fpermissive\x1b]8;;\x07\x1b[m\x1b[K]\n'}
[12.018451] (quadruped_control) StderrLine: {'line': b'   48 |         front_left_upper_servo = \x1b[01;31m\x1b[Knew Servo(front_left_upper)\x1b[m\x1b[K;\n'}
[12.018685] (quadruped_control) StderrLine: {'line': b'      |                                  \x1b[01;31m\x1b[K^~~~~~~~~~~~~~~~~~~~~~~~~~~\x1b[m\x1b[K\n'}
[12.018858] (quadruped_control) StderrLine: {'line': b'      |                                  \x1b[01;31m\x1b[K|\x1b[m\x1b[K\n'}
[12.019014] (quadruped_control) StderrLine: {'line': b'      |                                  \x1b[01;31m\x1b[KServo*\x1b[m\x1b[K\n'}
[12.019198] (quadruped_control) StderrLine: {'line': b'\x1b[01m\x1b[K/home/jonnydang2004/QUADRAPED/src/quadruped_control/src/motor_config.cpp:48:34:\x1b[m\x1b[K \x1b[01;31m\x1b[Kerror: \x1b[m\x1b[Kinvalid conversion from \xe2\x80\x98\x1b[01m\x1b[KServo*\x1b[m\x1b[K\xe2\x80\x99 to \xe2\x80\x98\x1b[01m\x1b[Kuint8_t\x1b[m\x1b[K\xe2\x80\x99 {aka \xe2\x80\x98\x1b[01m\x1b[Kunsigned char\x1b[m\x1b[K\xe2\x80\x99} [\x1b[01;31m\x1b[K\x1b]8;;https://gcc.gnu.org/onlinedocs/gcc/Warning-Options.html#index-fpermissive\x07-fpermissive\x1b]8;;\x07\x1b[m\x1b[K]\n'}
[12.019375] (quadruped_control) StderrLine: {'line': b'   48 |         front_left_upper_servo = \x1b[01;31m\x1b[Knew Servo(front_left_upper)\x1b[m\x1b[K;\n'}
[12.019521] (quadruped_control) StderrLine: {'line': b'      |                                  \x1b[01;31m\x1b[K^~~~~~~~~~~~~~~~~~~~~~~~~~~\x1b[m\x1b[K\n'}
[12.019654] (quadruped_control) StderrLine: {'line': b'      |                                  \x1b[01;31m\x1b[K|\x1b[m\x1b[K\n'}
[12.019779] (quadruped_control) StderrLine: {'line': b'      |                                  \x1b[01;31m\x1b[KServo*\x1b[m\x1b[K\n'}
[12.019911] (quadruped_control) StderrLine: {'line': b'In file included from \x1b[01m\x1b[K/home/jonnydang2004/QUADRAPED/src/quadruped_control/src/motor_config.cpp:7\x1b[m\x1b[K:\n'}
[12.020049] (quadruped_control) StderrLine: {'line': b'\x1b[01m\x1b[K/home/jonnydang2004/QUADRAPED/src/quadruped_control/src/servo.h:7:19:\x1b[m\x1b[K \x1b[01;36m\x1b[Knote: \x1b[m\x1b[K  initializing argument 1 of \xe2\x80\x98\x1b[01m\x1b[KServo::Servo(uint8_t)\x1b[m\x1b[K\xe2\x80\x99\n'}
[12.020228] (quadruped_control) StderrLine: {'line': b'    7 |     Servo(\x1b[01;36m\x1b[Kuint8_t gp\x1b[m\x1b[K);\n'}
[12.020389] (quadruped_control) StderrLine: {'line': b'      |           \x1b[01;36m\x1b[K~~~~~~~~^~\x1b[m\x1b[K\n'}
[12.020527] (quadruped_control) StderrLine: {'line': b'\x1b[01m\x1b[K/home/jonnydang2004/QUADRAPED/src/quadruped_control/src/servo.h:5:7:\x1b[m\x1b[K \x1b[01;36m\x1b[Knote: \x1b[m\x1b[Kcandidate: \xe2\x80\x98\x1b[01m\x1b[Kconstexpr Servo& Servo::operator=(Servo&&)\x1b[m\x1b[K\xe2\x80\x99 (near match)\n'}
[12.020686] (quadruped_control) StderrLine: {'line': b'    5 | class \x1b[01;36m\x1b[KServo\x1b[m\x1b[K {\n'}
[12.020823] (quadruped_control) StderrLine: {'line': b'      |       \x1b[01;36m\x1b[K^~~~~\x1b[m\x1b[K\n'}
[12.020956] (quadruped_control) StderrLine: {'line': b'\x1b[01m\x1b[K/home/jonnydang2004/QUADRAPED/src/quadruped_control/src/servo.h:5:7:\x1b[m\x1b[K \x1b[01;36m\x1b[Knote: \x1b[m\x1b[K  conversion of argument 1 would be ill-formed:\n'}
[12.021094] (quadruped_control) StderrLine: {'line': b'\x1b[01m\x1b[K/home/jonnydang2004/QUADRAPED/src/quadruped_control/src/motor_config.cpp:48:34:\x1b[m\x1b[K \x1b[01;31m\x1b[Kerror: \x1b[m\x1b[Kinvalid user-defined conversion from \xe2\x80\x98\x1b[01m\x1b[KServo*\x1b[m\x1b[K\xe2\x80\x99 to \xe2\x80\x98\x1b[01m\x1b[KServo&&\x1b[m\x1b[K\xe2\x80\x99 [\x1b[01;31m\x1b[K\x1b]8;;https://gcc.gnu.org/onlinedocs/gcc/Warning-Options.html#index-fpermissive\x07-fpermissive\x1b]8;;\x07\x1b[m\x1b[K]\n'}
[12.021304] (quadruped_control) StderrLine: {'line': b'   48 |         front_left_upper_servo = \x1b[01;31m\x1b[Knew Servo(front_left_upper)\x1b[m\x1b[K;\n'}
[12.021454] (quadruped_control) StderrLine: {'line': b'      |                                  \x1b[01;31m\x1b[K^~~~~~~~~~~~~~~~~~~~~~~~~~~\x1b[m\x1b[K\n'}
[12.021590] (quadruped_control) StderrLine: {'line': b'In file included from \x1b[01m\x1b[K/home/jonnydang2004/QUADRAPED/src/quadruped_control/src/motor_config.cpp:7\x1b[m\x1b[K:\n'}
[12.021731] (quadruped_control) StderrLine: {'line': b'\x1b[01m\x1b[K/home/jonnydang2004/QUADRAPED/src/quadruped_control/src/servo.h:7:5:\x1b[m\x1b[K \x1b[01;36m\x1b[Knote: \x1b[m\x1b[Kcandidate is: \xe2\x80\x98\x1b[01m\x1b[KServo::Servo(uint8_t)\x1b[m\x1b[K\xe2\x80\x99 (near match)\n'}
[12.021870] (quadruped_control) StderrLine: {'line': b'    7 |     \x1b[01;36m\x1b[KServo\x1b[m\x1b[K(uint8_t gp);\n'}
[12.022078] (quadruped_control) StderrLine: {'line': b'      |     \x1b[01;36m\x1b[K^~~~~\x1b[m\x1b[K\n'}
[12.022285] (quadruped_control) StderrLine: {'line': b'\x1b[01m\x1b[K/home/jonnydang2004/QUADRAPED/src/quadruped_control/src/servo.h:7:5:\x1b[m\x1b[K \x1b[01;36m\x1b[Knote: \x1b[m\x1b[K  conversion of argument 1 would be ill-formed:\n'}
[12.022447] (quadruped_control) StderrLine: {'line': b'\x1b[01m\x1b[K/home/jonnydang2004/QUADRAPED/src/quadruped_control/src/motor_config.cpp:48:34:\x1b[m\x1b[K \x1b[01;31m\x1b[Kerror: \x1b[m\x1b[Kinvalid conversion from \xe2\x80\x98\x1b[01m\x1b[KServo*\x1b[m\x1b[K\xe2\x80\x99 to \xe2\x80\x98\x1b[01m\x1b[Kuint8_t\x1b[m\x1b[K\xe2\x80\x99 {aka \xe2\x80\x98\x1b[01m\x1b[Kunsigned char\x1b[m\x1b[K\xe2\x80\x99} [\x1b[01;31m\x1b[K\x1b]8;;https://gcc.gnu.org/onlinedocs/gcc/Warning-Options.html#index-fpermissive\x07-fpermissive\x1b]8;;\x07\x1b[m\x1b[K]\n'}
[12.022604] (quadruped_control) StderrLine: {'line': b'   48 |         front_left_upper_servo = \x1b[01;31m\x1b[Knew Servo(front_left_upper)\x1b[m\x1b[K;\n'}
[12.022824] (quadruped_control) StderrLine: {'line': b'      |                                  \x1b[01;31m\x1b[K^~~~~~~~~~~~~~~~~~~~~~~~~~~\x1b[m\x1b[K\n'}
[12.022990] (quadruped_control) StderrLine: {'line': b'      |                                  \x1b[01;31m\x1b[K|\x1b[m\x1b[K\n'}
[12.023197] (quadruped_control) StderrLine: {'line': b'      |                                  \x1b[01;31m\x1b[KServo*\x1b[m\x1b[K\n'}
[12.023447] (quadruped_control) StderrLine: {'line': b'\x1b[01m\x1b[K/home/jonnydang2004/QUADRAPED/src/quadruped_control/src/motor_config.cpp:48:34:\x1b[m\x1b[K \x1b[01;31m\x1b[Kerror: \x1b[m\x1b[Kinvalid conversion from \xe2\x80\x98\x1b[01m\x1b[KServo*\x1b[m\x1b[K\xe2\x80\x99 to \xe2\x80\x98\x1b[01m\x1b[Kuint8_t\x1b[m\x1b[K\xe2\x80\x99 {aka \xe2\x80\x98\x1b[01m\x1b[Kunsigned char\x1b[m\x1b[K\xe2\x80\x99} [\x1b[01;31m\x1b[K\x1b]8;;https://gcc.gnu.org/onlinedocs/gcc/Warning-Options.html#index-fpermissive\x07-fpermissive\x1b]8;;\x07\x1b[m\x1b[K]\n'}
[12.023623] (quadruped_control) StderrLine: {'line': b'   48 |         front_left_upper_servo = \x1b[01;31m\x1b[Knew Servo(front_left_upper)\x1b[m\x1b[K;\n'}
[12.023782] (quadruped_control) StderrLine: {'line': b'      |                                  \x1b[01;31m\x1b[K^~~~~~~~~~~~~~~~~~~~~~~~~~~\x1b[m\x1b[K\n'}
[12.023942] (quadruped_control) StderrLine: {'line': b'      |                                  \x1b[01;31m\x1b[K|\x1b[m\x1b[K\n'}
[12.024089] (quadruped_control) StderrLine: {'line': b'      |                                  \x1b[01;31m\x1b[KServo*\x1b[m\x1b[K\n'}
[12.024234] (quadruped_control) StderrLine: {'line': b'In file included from \x1b[01m\x1b[K/home/jonnydang2004/QUADRAPED/src/quadruped_control/src/motor_config.cpp:7\x1b[m\x1b[K:\n'}
[12.024446] (quadruped_control) StderrLine: {'line': b'\x1b[01m\x1b[K/home/jonnydang2004/QUADRAPED/src/quadruped_control/src/servo.h:7:19:\x1b[m\x1b[K \x1b[01;36m\x1b[Knote: \x1b[m\x1b[K  initializing argument 1 of \xe2\x80\x98\x1b[01m\x1b[KServo::Servo(uint8_t)\x1b[m\x1b[K\xe2\x80\x99\n'}
[12.024601] (quadruped_control) StderrLine: {'line': b'    7 |     Servo(\x1b[01;36m\x1b[Kuint8_t gp\x1b[m\x1b[K);\n'}
[12.024752] (quadruped_control) StderrLine: {'line': b'      |           \x1b[01;36m\x1b[K~~~~~~~~^~\x1b[m\x1b[K\n'}
[12.024892] (quadruped_control) StderrLine: {'line': b'\x1b[01m\x1b[K/home/jonnydang2004/QUADRAPED/src/quadruped_control/src/motor_config.cpp:49:60:\x1b[m\x1b[K \x1b[01;31m\x1b[Kerror: \x1b[m\x1b[Kambiguous overload for \xe2\x80\x98\x1b[01m\x1b[Koperator=\x1b[m\x1b[K\xe2\x80\x99 (operand types are \xe2\x80\x98\x1b[01m\x1b[KServo\x1b[m\x1b[K\xe2\x80\x99 and \xe2\x80\x98\x1b[01m\x1b[KServo*\x1b[m\x1b[K\xe2\x80\x99)\n'}
[12.025032] (quadruped_control) StderrLine: {'line': b'   49 |         front_left_lower_servo = new Servo(front_left_lower\x1b[01;31m\x1b[K)\x1b[m\x1b[K;\n'}
[12.025168] (quadruped_control) StderrLine: {'line': b'      |                                                            \x1b[01;31m\x1b[K^\x1b[m\x1b[K\n'}
[12.025364] (quadruped_control) StderrLine: {'line': b'In file included from \x1b[01m\x1b[K/home/jonnydang2004/QUADRAPED/src/quadruped_control/src/motor_config.cpp:7\x1b[m\x1b[K:\n'}
[12.025516] (quadruped_control) StderrLine: {'line': b'\x1b[01m\x1b[K/home/jonnydang2004/QUADRAPED/src/quadruped_control/src/servo.h:5:7:\x1b[m\x1b[K \x1b[01;36m\x1b[Knote: \x1b[m\x1b[Kcandidate: \xe2\x80\x98\x1b[01m\x1b[Kconstexpr Servo& Servo::operator=(const Servo&)\x1b[m\x1b[K\xe2\x80\x99 (near match)\n'}
[12.025659] (quadruped_control) StderrLine: {'line': b'    5 | class \x1b[01;36m\x1b[KServo\x1b[m\x1b[K {\n'}
[12.025807] (quadruped_control) StderrLine: {'line': b'      |       \x1b[01;36m\x1b[K^~~~~\x1b[m\x1b[K\n'}
[12.025943] (quadruped_control) StderrLine: {'line': b'\x1b[01m\x1b[K/home/jonnydang2004/QUADRAPED/src/quadruped_control/src/servo.h:5:7:\x1b[m\x1b[K \x1b[01;36m\x1b[Knote: \x1b[m\x1b[K  conversion of argument 1 would be ill-formed:\n'}
[12.026080] (quadruped_control) StderrLine: {'line': b'\x1b[01m\x1b[K/home/jonnydang2004/QUADRAPED/src/quadruped_control/src/motor_config.cpp:49:34:\x1b[m\x1b[K \x1b[01;31m\x1b[Kerror: \x1b[m\x1b[Kinvalid user-defined conversion from \xe2\x80\x98\x1b[01m\x1b[KServo*\x1b[m\x1b[K\xe2\x80\x99 to \xe2\x80\x98\x1b[01m\x1b[Kconst Servo&\x1b[m\x1b[K\xe2\x80\x99 [\x1b[01;31m\x1b[K\x1b]8;;https://gcc.gnu.org/onlinedocs/gcc/Warning-Options.html#index-fpermissive\x07-fpermissive\x1b]8;;\x07\x1b[m\x1b[K]\n'}
[12.026220] (quadruped_control) StderrLine: {'line': b'   49 |         front_left_lower_servo = \x1b[01;31m\x1b[Knew Servo(front_left_lower)\x1b[m\x1b[K;\n'}
[12.026428] (quadruped_control) StderrLine: {'line': b'      |                                  \x1b[01;31m\x1b[K^~~~~~~~~~~~~~~~~~~~~~~~~~~\x1b[m\x1b[K\n'}
[12.026581] (quadruped_control) StderrLine: {'line': b'In file included from \x1b[01m\x1b[K/home/jonnydang2004/QUADRAPED/src/quadruped_control/src/motor_config.cpp:7\x1b[m\x1b[K:\n'}
[12.026780] (quadruped_control) StderrLine: {'line': b'\x1b[01m\x1b[K/home/jonnydang2004/QUADRAPED/src/quadruped_control/src/servo.h:7:5:\x1b[m\x1b[K \x1b[01;36m\x1b[Knote: \x1b[m\x1b[Kcandidate is: \xe2\x80\x98\x1b[01m\x1b[KServo::Servo(uint8_t)\x1b[m\x1b[K\xe2\x80\x99 (near match)\n'}
[12.026935] (-) TimerEvent: {}
[12.027457] (quadruped_control) StderrLine: {'line': b'    7 |     \x1b[01;36m\x1b[KServo\x1b[m\x1b[K(uint8_t gp);\n'}
[12.027665] (quadruped_control) StderrLine: {'line': b'      |     \x1b[01;36m\x1b[K^~~~~\x1b[m\x1b[K\n'}
[12.027807] (quadruped_control) StderrLine: {'line': b'\x1b[01m\x1b[K/home/jonnydang2004/QUADRAPED/src/quadruped_control/src/servo.h:7:5:\x1b[m\x1b[K \x1b[01;36m\x1b[Knote: \x1b[m\x1b[K  conversion of argument 1 would be ill-formed:\n'}
[12.027948] (quadruped_control) StderrLine: {'line': b'\x1b[01m\x1b[K/home/jonnydang2004/QUADRAPED/src/quadruped_control/src/motor_config.cpp:49:34:\x1b[m\x1b[K \x1b[01;31m\x1b[Kerror: \x1b[m\x1b[Kinvalid conversion from \xe2\x80\x98\x1b[01m\x1b[KServo*\x1b[m\x1b[K\xe2\x80\x99 to \xe2\x80\x98\x1b[01m\x1b[Kuint8_t\x1b[m\x1b[K\xe2\x80\x99 {aka \xe2\x80\x98\x1b[01m\x1b[Kunsigned char\x1b[m\x1b[K\xe2\x80\x99} [\x1b[01;31m\x1b[K\x1b]8;;https://gcc.gnu.org/onlinedocs/gcc/Warning-Options.html#index-fpermissive\x07-fpermissive\x1b]8;;\x07\x1b[m\x1b[K]\n'}
[12.028091] (quadruped_control) StderrLine: {'line': b'   49 |         front_left_lower_servo = \x1b[01;31m\x1b[Knew Servo(front_left_lower)\x1b[m\x1b[K;\n'}
[12.028228] (quadruped_control) StderrLine: {'line': b'      |                                  \x1b[01;31m\x1b[K^~~~~~~~~~~~~~~~~~~~~~~~~~~\x1b[m\x1b[K\n'}
[12.028421] (quadruped_control) StderrLine: {'line': b'      |                                  \x1b[01;31m\x1b[K|\x1b[m\x1b[K\n'}
[12.028558] (quadruped_control) StderrLine: {'line': b'      |                                  \x1b[01;31m\x1b[KServo*\x1b[m\x1b[K\n'}
[12.028691] (quadruped_control) StderrLine: {'line': b'\x1b[01m\x1b[K/home/jonnydang2004/QUADRAPED/src/quadruped_control/src/motor_config.cpp:49:34:\x1b[m\x1b[K \x1b[01;31m\x1b[Kerror: \x1b[m\x1b[Kinvalid conversion from \xe2\x80\x98\x1b[01m\x1b[KServo*\x1b[m\x1b[K\xe2\x80\x99 to \xe2\x80\x98\x1b[01m\x1b[Kuint8_t\x1b[m\x1b[K\xe2\x80\x99 {aka \xe2\x80\x98\x1b[01m\x1b[Kunsigned char\x1b[m\x1b[K\xe2\x80\x99} [\x1b[01;31m\x1b[K\x1b]8;;https://gcc.gnu.org/onlinedocs/gcc/Warning-Options.html#index-fpermissive\x07-fpermissive\x1b]8;;\x07\x1b[m\x1b[K]\n'}
[12.028833] (quadruped_control) StderrLine: {'line': b'   49 |         front_left_lower_servo = \x1b[01;31m\x1b[Knew Servo(front_left_lower)\x1b[m\x1b[K;\n'}
[12.028988] (quadruped_control) StderrLine: {'line': b'      |                                  \x1b[01;31m\x1b[K^~~~~~~~~~~~~~~~~~~~~~~~~~~\x1b[m\x1b[K\n'}
[12.029111] (quadruped_control) StderrLine: {'line': b'      |                                  \x1b[01;31m\x1b[K|\x1b[m\x1b[K\n'}
[12.029269] (quadruped_control) StderrLine: {'line': b'      |                                  \x1b[01;31m\x1b[KServo*\x1b[m\x1b[K\n'}
[12.029420] (quadruped_control) StderrLine: {'line': b'In file included from \x1b[01m\x1b[K/home/jonnydang2004/QUADRAPED/src/quadruped_control/src/motor_config.cpp:7\x1b[m\x1b[K:\n'}
[12.029548] (quadruped_control) StderrLine: {'line': b'\x1b[01m\x1b[K/home/jonnydang2004/QUADRAPED/src/quadruped_control/src/servo.h:7:19:\x1b[m\x1b[K \x1b[01;36m\x1b[Knote: \x1b[m\x1b[K  initializing argument 1 of \xe2\x80\x98\x1b[01m\x1b[KServo::Servo(uint8_t)\x1b[m\x1b[K\xe2\x80\x99\n'}
[12.029676] (quadruped_control) StderrLine: {'line': b'    7 |     Servo(\x1b[01;36m\x1b[Kuint8_t gp\x1b[m\x1b[K);\n'}
[12.029797] (quadruped_control) StderrLine: {'line': b'      |           \x1b[01;36m\x1b[K~~~~~~~~^~\x1b[m\x1b[K\n'}
[12.029917] (quadruped_control) StderrLine: {'line': b'\x1b[01m\x1b[K/home/jonnydang2004/QUADRAPED/src/quadruped_control/src/servo.h:5:7:\x1b[m\x1b[K \x1b[01;36m\x1b[Knote: \x1b[m\x1b[Kcandidate: \xe2\x80\x98\x1b[01m\x1b[Kconstexpr Servo& Servo::operator=(Servo&&)\x1b[m\x1b[K\xe2\x80\x99 (near match)\n'}
[12.030039] (quadruped_control) StderrLine: {'line': b'    5 | class \x1b[01;36m\x1b[KServo\x1b[m\x1b[K {\n'}
[12.030158] (quadruped_control) StderrLine: {'line': b'      |       \x1b[01;36m\x1b[K^~~~~\x1b[m\x1b[K\n'}
[12.030337] (quadruped_control) StderrLine: {'line': b'\x1b[01m\x1b[K/home/jonnydang2004/QUADRAPED/src/quadruped_control/src/servo.h:5:7:\x1b[m\x1b[K \x1b[01;36m\x1b[Knote: \x1b[m\x1b[K  conversion of argument 1 would be ill-formed:\n'}
[12.030477] (quadruped_control) StderrLine: {'line': b'\x1b[01m\x1b[K/home/jonnydang2004/QUADRAPED/src/quadruped_control/src/motor_config.cpp:49:34:\x1b[m\x1b[K \x1b[01;31m\x1b[Kerror: \x1b[m\x1b[Kinvalid user-defined conversion from \xe2\x80\x98\x1b[01m\x1b[KServo*\x1b[m\x1b[K\xe2\x80\x99 to \xe2\x80\x98\x1b[01m\x1b[KServo&&\x1b[m\x1b[K\xe2\x80\x99 [\x1b[01;31m\x1b[K\x1b]8;;https://gcc.gnu.org/onlinedocs/gcc/Warning-Options.html#index-fpermissive\x07-fpermissive\x1b]8;;\x07\x1b[m\x1b[K]\n'}
[12.030613] (quadruped_control) StderrLine: {'line': b'   49 |         front_left_lower_servo = \x1b[01;31m\x1b[Knew Servo(front_left_lower)\x1b[m\x1b[K;\n'}
[12.030763] (quadruped_control) StderrLine: {'line': b'      |                                  \x1b[01;31m\x1b[K^~~~~~~~~~~~~~~~~~~~~~~~~~~\x1b[m\x1b[K\n'}
[12.030901] (quadruped_control) StderrLine: {'line': b'In file included from \x1b[01m\x1b[K/home/jonnydang2004/QUADRAPED/src/quadruped_control/src/motor_config.cpp:7\x1b[m\x1b[K:\n'}
[12.031025] (quadruped_control) StderrLine: {'line': b'\x1b[01m\x1b[K/home/jonnydang2004/QUADRAPED/src/quadruped_control/src/servo.h:7:5:\x1b[m\x1b[K \x1b[01;36m\x1b[Knote: \x1b[m\x1b[Kcandidate is: \xe2\x80\x98\x1b[01m\x1b[KServo::Servo(uint8_t)\x1b[m\x1b[K\xe2\x80\x99 (near match)\n'}
[12.031162] (quadruped_control) StderrLine: {'line': b'    7 |     \x1b[01;36m\x1b[KServo\x1b[m\x1b[K(uint8_t gp);\n'}
[12.031350] (quadruped_control) StderrLine: {'line': b'      |     \x1b[01;36m\x1b[K^~~~~\x1b[m\x1b[K\n'}
[12.031517] (quadruped_control) StderrLine: {'line': b'\x1b[01m\x1b[K/home/jonnydang2004/QUADRAPED/src/quadruped_control/src/servo.h:7:5:\x1b[m\x1b[K \x1b[01;36m\x1b[Knote: \x1b[m\x1b[K  conversion of argument 1 would be ill-formed:\n'}
[12.034376] (quadruped_control) StderrLine: {'line': b'\x1b[01m\x1b[K/home/jonnydang2004/QUADRAPED/src/quadruped_control/src/motor_config.cpp:49:34:\x1b[m\x1b[K \x1b[01;31m\x1b[Kerror: \x1b[m\x1b[Kinvalid conversion from \xe2\x80\x98\x1b[01m\x1b[KServo*\x1b[m\x1b[K\xe2\x80\x99 to \xe2\x80\x98\x1b[01m\x1b[Kuint8_t\x1b[m\x1b[K\xe2\x80\x99 {aka \xe2\x80\x98\x1b[01m\x1b[Kunsigned char\x1b[m\x1b[K\xe2\x80\x99} [\x1b[01;31m\x1b[K\x1b]8;;https://gcc.gnu.org/onlinedocs/gcc/Warning-Options.html#index-fpermissive\x07-fpermissive\x1b]8;;\x07\x1b[m\x1b[K]\n'}
[12.036949] (quadruped_control) StderrLine: {'line': b'   49 |         front_left_lower_servo = \x1b[01;31m\x1b[Knew Servo(front_left_lower)\x1b[m\x1b[K;\n'}
[12.038156] (quadruped_control) StderrLine: {'line': b'      |                                  \x1b[01;31m\x1b[K^~~~~~~~~~~~~~~~~~~~~~~~~~~\x1b[m\x1b[K\n'}
[12.038527] (quadruped_control) StderrLine: {'line': b'      |                                  \x1b[01;31m\x1b[K|\x1b[m\x1b[K\n'}
[12.038692] (quadruped_control) StderrLine: {'line': b'      |                                  \x1b[01;31m\x1b[KServo*\x1b[m\x1b[K\n'}
[12.038838] (quadruped_control) StderrLine: {'line': b'\x1b[01m\x1b[K/home/jonnydang2004/QUADRAPED/src/quadruped_control/src/motor_config.cpp:49:34:\x1b[m\x1b[K \x1b[01;31m\x1b[Kerror: \x1b[m\x1b[Kinvalid conversion from \xe2\x80\x98\x1b[01m\x1b[KServo*\x1b[m\x1b[K\xe2\x80\x99 to \xe2\x80\x98\x1b[01m\x1b[Kuint8_t\x1b[m\x1b[K\xe2\x80\x99 {aka \xe2\x80\x98\x1b[01m\x1b[Kunsigned char\x1b[m\x1b[K\xe2\x80\x99} [\x1b[01;31m\x1b[K\x1b]8;;https://gcc.gnu.org/onlinedocs/gcc/Warning-Options.html#index-fpermissive\x07-fpermissive\x1b]8;;\x07\x1b[m\x1b[K]\n'}
[12.038982] (quadruped_control) StderrLine: {'line': b'   49 |         front_left_lower_servo = \x1b[01;31m\x1b[Knew Servo(front_left_lower)\x1b[m\x1b[K;\n'}
[12.039118] (quadruped_control) StderrLine: {'line': b'      |                                  \x1b[01;31m\x1b[K^~~~~~~~~~~~~~~~~~~~~~~~~~~\x1b[m\x1b[K\n'}
[12.039291] (quadruped_control) StderrLine: {'line': b'      |                                  \x1b[01;31m\x1b[K|\x1b[m\x1b[K\n'}
[12.039466] (quadruped_control) StderrLine: {'line': b'      |                                  \x1b[01;31m\x1b[KServo*\x1b[m\x1b[K\n'}
[12.039606] (quadruped_control) StderrLine: {'line': b'In file included from \x1b[01m\x1b[K/home/jonnydang2004/QUADRAPED/src/quadruped_control/src/motor_config.cpp:7\x1b[m\x1b[K:\n'}
[12.039747] (quadruped_control) StderrLine: {'line': b'\x1b[01m\x1b[K/home/jonnydang2004/QUADRAPED/src/quadruped_control/src/servo.h:7:19:\x1b[m\x1b[K \x1b[01;36m\x1b[Knote: \x1b[m\x1b[K  initializing argument 1 of \xe2\x80\x98\x1b[01m\x1b[KServo::Servo(uint8_t)\x1b[m\x1b[K\xe2\x80\x99\n'}
[12.039886] (quadruped_control) StderrLine: {'line': b'    7 |     Servo(\x1b[01;36m\x1b[Kuint8_t gp\x1b[m\x1b[K);\n'}
[12.040018] (quadruped_control) StderrLine: {'line': b'      |           \x1b[01;36m\x1b[K~~~~~~~~^~\x1b[m\x1b[K\n'}
[12.040152] (quadruped_control) StderrLine: {'line': b'\x1b[01m\x1b[K/home/jonnydang2004/QUADRAPED/src/quadruped_control/src/motor_config.cpp:51:62:\x1b[m\x1b[K \x1b[01;31m\x1b[Kerror: \x1b[m\x1b[Kambiguous overload for \xe2\x80\x98\x1b[01m\x1b[Koperator=\x1b[m\x1b[K\xe2\x80\x99 (operand types are \xe2\x80\x98\x1b[01m\x1b[KServo\x1b[m\x1b[K\xe2\x80\x99 and \xe2\x80\x98\x1b[01m\x1b[KServo*\x1b[m\x1b[K\xe2\x80\x99)\n'}
[12.040372] (quadruped_control) StderrLine: {'line': b'   51 |         front_right_upper_servo = new Servo(front_right_upper\x1b[01;31m\x1b[K)\x1b[m\x1b[K;\n'}
[12.040543] (quadruped_control) StderrLine: {'line': b'      |                                                              \x1b[01;31m\x1b[K^\x1b[m\x1b[K\n'}
[12.040684] (quadruped_control) StderrLine: {'line': b'In file included from \x1b[01m\x1b[K/home/jonnydang2004/QUADRAPED/src/quadruped_control/src/motor_config.cpp:7\x1b[m\x1b[K:\n'}
[12.040831] (quadruped_control) StderrLine: {'line': b'\x1b[01m\x1b[K/home/jonnydang2004/QUADRAPED/src/quadruped_control/src/servo.h:5:7:\x1b[m\x1b[K \x1b[01;36m\x1b[Knote: \x1b[m\x1b[Kcandidate: \xe2\x80\x98\x1b[01m\x1b[Kconstexpr Servo& Servo::operator=(const Servo&)\x1b[m\x1b[K\xe2\x80\x99 (near match)\n'}
[12.040999] (quadruped_control) StderrLine: {'line': b'    5 | class \x1b[01;36m\x1b[KServo\x1b[m\x1b[K {\n'}
[12.041137] (quadruped_control) StderrLine: {'line': b'      |       \x1b[01;36m\x1b[K^~~~~\x1b[m\x1b[K\n'}
[12.041316] (quadruped_control) StderrLine: {'line': b'\x1b[01m\x1b[K/home/jonnydang2004/QUADRAPED/src/quadruped_control/src/servo.h:5:7:\x1b[m\x1b[K \x1b[01;36m\x1b[Knote: \x1b[m\x1b[K  conversion of argument 1 would be ill-formed:\n'}
[12.041473] (quadruped_control) StderrLine: {'line': b'\x1b[01m\x1b[K/home/jonnydang2004/QUADRAPED/src/quadruped_control/src/motor_config.cpp:51:35:\x1b[m\x1b[K \x1b[01;31m\x1b[Kerror: \x1b[m\x1b[Kinvalid user-defined conversion from \xe2\x80\x98\x1b[01m\x1b[KServo*\x1b[m\x1b[K\xe2\x80\x99 to \xe2\x80\x98\x1b[01m\x1b[Kconst Servo&\x1b[m\x1b[K\xe2\x80\x99 [\x1b[01;31m\x1b[K\x1b]8;;https://gcc.gnu.org/onlinedocs/gcc/Warning-Options.html#index-fpermissive\x07-fpermissive\x1b]8;;\x07\x1b[m\x1b[K]\n'}
[12.041617] (quadruped_control) StderrLine: {'line': b'   51 |         front_right_upper_servo = \x1b[01;31m\x1b[Knew Servo(front_right_upper)\x1b[m\x1b[K;\n'}
[12.041751] (quadruped_control) StderrLine: {'line': b'      |                                   \x1b[01;31m\x1b[K^~~~~~~~~~~~~~~~~~~~~~~~~~~~\x1b[m\x1b[K\n'}
[12.041883] (quadruped_control) StderrLine: {'line': b'In file included from \x1b[01m\x1b[K/home/jonnydang2004/QUADRAPED/src/quadruped_control/src/motor_config.cpp:7\x1b[m\x1b[K:\n'}
[12.042027] (quadruped_control) StderrLine: {'line': b'\x1b[01m\x1b[K/home/jonnydang2004/QUADRAPED/src/quadruped_control/src/servo.h:7:5:\x1b[m\x1b[K \x1b[01;36m\x1b[Knote: \x1b[m\x1b[Kcandidate is: \xe2\x80\x98\x1b[01m\x1b[KServo::Servo(uint8_t)\x1b[m\x1b[K\xe2\x80\x99 (near match)\n'}
[12.042165] (quadruped_control) StderrLine: {'line': b'    7 |     \x1b[01;36m\x1b[KServo\x1b[m\x1b[K(uint8_t gp);\n'}
[12.042356] (quadruped_control) StderrLine: {'line': b'      |     \x1b[01;36m\x1b[K^~~~~\x1b[m\x1b[K\n'}
[12.042511] (quadruped_control) StderrLine: {'line': b'\x1b[01m\x1b[K/home/jonnydang2004/QUADRAPED/src/quadruped_control/src/servo.h:7:5:\x1b[m\x1b[K \x1b[01;36m\x1b[Knote: \x1b[m\x1b[K  conversion of argument 1 would be ill-formed:\n'}
[12.042648] (quadruped_control) StderrLine: {'line': b'\x1b[01m\x1b[K/home/jonnydang2004/QUADRAPED/src/quadruped_control/src/motor_config.cpp:51:35:\x1b[m\x1b[K \x1b[01;31m\x1b[Kerror: \x1b[m\x1b[Kinvalid conversion from \xe2\x80\x98\x1b[01m\x1b[KServo*\x1b[m\x1b[K\xe2\x80\x99 to \xe2\x80\x98\x1b[01m\x1b[Kuint8_t\x1b[m\x1b[K\xe2\x80\x99 {aka \xe2\x80\x98\x1b[01m\x1b[Kunsigned char\x1b[m\x1b[K\xe2\x80\x99} [\x1b[01;31m\x1b[K\x1b]8;;https://gcc.gnu.org/onlinedocs/gcc/Warning-Options.html#index-fpermissive\x07-fpermissive\x1b]8;;\x07\x1b[m\x1b[K]\n'}
[12.042797] (quadruped_control) StderrLine: {'line': b'   51 |         front_right_upper_servo = \x1b[01;31m\x1b[Knew Servo(front_right_upper)\x1b[m\x1b[K;\n'}
[12.042945] (quadruped_control) StderrLine: {'line': b'      |                                   \x1b[01;31m\x1b[K^~~~~~~~~~~~~~~~~~~~~~~~~~~~\x1b[m\x1b[K\n'}
[12.043136] (quadruped_control) StderrLine: {'line': b'      |                                   \x1b[01;31m\x1b[K|\x1b[m\x1b[K\n'}
[12.043333] (quadruped_control) StderrLine: {'line': b'      |                                   \x1b[01;31m\x1b[KServo*\x1b[m\x1b[K\n'}
[12.043489] (quadruped_control) StderrLine: {'line': b'\x1b[01m\x1b[K/home/jonnydang2004/QUADRAPED/src/quadruped_control/src/motor_config.cpp:51:35:\x1b[m\x1b[K \x1b[01;31m\x1b[Kerror: \x1b[m\x1b[Kinvalid conversion from \xe2\x80\x98\x1b[01m\x1b[KServo*\x1b[m\x1b[K\xe2\x80\x99 to \xe2\x80\x98\x1b[01m\x1b[Kuint8_t\x1b[m\x1b[K\xe2\x80\x99 {aka \xe2\x80\x98\x1b[01m\x1b[Kunsigned char\x1b[m\x1b[K\xe2\x80\x99} [\x1b[01;31m\x1b[K\x1b]8;;https://gcc.gnu.org/onlinedocs/gcc/Warning-Options.html#index-fpermissive\x07-fpermissive\x1b]8;;\x07\x1b[m\x1b[K]\n'}
[12.043642] (quadruped_control) StderrLine: {'line': b'   51 |         front_right_upper_servo = \x1b[01;31m\x1b[Knew Servo(front_right_upper)\x1b[m\x1b[K;\n'}
[12.043789] (quadruped_control) StderrLine: {'line': b'      |                                   \x1b[01;31m\x1b[K^~~~~~~~~~~~~~~~~~~~~~~~~~~~\x1b[m\x1b[K\n'}
[12.043935] (quadruped_control) StderrLine: {'line': b'      |                                   \x1b[01;31m\x1b[K|\x1b[m\x1b[K\n'}
[12.044080] (quadruped_control) StderrLine: {'line': b'      |                                   \x1b[01;31m\x1b[KServo*\x1b[m\x1b[K\n'}
[12.044224] (quadruped_control) StderrLine: {'line': b'In file included from \x1b[01m\x1b[K/home/jonnydang2004/QUADRAPED/src/quadruped_control/src/motor_config.cpp:7\x1b[m\x1b[K:\n'}
[12.044468] (quadruped_control) StderrLine: {'line': b'\x1b[01m\x1b[K/home/jonnydang2004/QUADRAPED/src/quadruped_control/src/servo.h:7:19:\x1b[m\x1b[K \x1b[01;36m\x1b[Knote: \x1b[m\x1b[K  initializing argument 1 of \xe2\x80\x98\x1b[01m\x1b[KServo::Servo(uint8_t)\x1b[m\x1b[K\xe2\x80\x99\n'}
[12.045214] (quadruped_control) StderrLine: {'line': b'    7 |     Servo(\x1b[01;36m\x1b[Kuint8_t gp\x1b[m\x1b[K);\n'}
[12.045540] (quadruped_control) StderrLine: {'line': b'      |           \x1b[01;36m\x1b[K~~~~~~~~^~\x1b[m\x1b[K\n'}
[12.045701] (quadruped_control) StderrLine: {'line': b'\x1b[01m\x1b[K/home/jonnydang2004/QUADRAPED/src/quadruped_control/src/servo.h:5:7:\x1b[m\x1b[K \x1b[01;36m\x1b[Knote: \x1b[m\x1b[Kcandidate: \xe2\x80\x98\x1b[01m\x1b[Kconstexpr Servo& Servo::operator=(Servo&&)\x1b[m\x1b[K\xe2\x80\x99 (near match)\n'}
[12.045846] (quadruped_control) StderrLine: {'line': b'    5 | class \x1b[01;36m\x1b[KServo\x1b[m\x1b[K {\n'}
[12.045980] (quadruped_control) StderrLine: {'line': b'      |       \x1b[01;36m\x1b[K^~~~~\x1b[m\x1b[K\n'}
[12.046113] (quadruped_control) StderrLine: {'line': b'\x1b[01m\x1b[K/home/jonnydang2004/QUADRAPED/src/quadruped_control/src/servo.h:5:7:\x1b[m\x1b[K \x1b[01;36m\x1b[Knote: \x1b[m\x1b[K  conversion of argument 1 would be ill-formed:\n'}
[12.046319] (quadruped_control) StderrLine: {'line': b'\x1b[01m\x1b[K/home/jonnydang2004/QUADRAPED/src/quadruped_control/src/motor_config.cpp:51:35:\x1b[m\x1b[K \x1b[01;31m\x1b[Kerror: \x1b[m\x1b[Kinvalid user-defined conversion from \xe2\x80\x98\x1b[01m\x1b[KServo*\x1b[m\x1b[K\xe2\x80\x99 to \xe2\x80\x98\x1b[01m\x1b[KServo&&\x1b[m\x1b[K\xe2\x80\x99 [\x1b[01;31m\x1b[K\x1b]8;;https://gcc.gnu.org/onlinedocs/gcc/Warning-Options.html#index-fpermissive\x07-fpermissive\x1b]8;;\x07\x1b[m\x1b[K]\n'}
[12.046527] (quadruped_control) StderrLine: {'line': b'   51 |         front_right_upper_servo = \x1b[01;31m\x1b[Knew Servo(front_right_upper)\x1b[m\x1b[K;\n'}
[12.046667] (quadruped_control) StderrLine: {'line': b'      |                                   \x1b[01;31m\x1b[K^~~~~~~~~~~~~~~~~~~~~~~~~~~~\x1b[m\x1b[K\n'}
[12.046809] (quadruped_control) StderrLine: {'line': b'In file included from \x1b[01m\x1b[K/home/jonnydang2004/QUADRAPED/src/quadruped_control/src/motor_config.cpp:7\x1b[m\x1b[K:\n'}
[12.046946] (quadruped_control) StderrLine: {'line': b'\x1b[01m\x1b[K/home/jonnydang2004/QUADRAPED/src/quadruped_control/src/servo.h:7:5:\x1b[m\x1b[K \x1b[01;36m\x1b[Knote: \x1b[m\x1b[Kcandidate is: \xe2\x80\x98\x1b[01m\x1b[KServo::Servo(uint8_t)\x1b[m\x1b[K\xe2\x80\x99 (near match)\n'}
[12.047105] (quadruped_control) StderrLine: {'line': b'    7 |     \x1b[01;36m\x1b[KServo\x1b[m\x1b[K(uint8_t gp);\n'}
[12.048174] (quadruped_control) StderrLine: {'line': b'      |     \x1b[01;36m\x1b[K^~~~~\x1b[m\x1b[K\n'}
[12.050424] (quadruped_control) StderrLine: {'line': b'\x1b[01m\x1b[K/home/jonnydang2004/QUADRAPED/src/quadruped_control/src/servo.h:7:5:\x1b[m\x1b[K \x1b[01;36m\x1b[Knote: \x1b[m\x1b[K  conversion of argument 1 would be ill-formed:\n'}
[12.050721] (quadruped_control) StderrLine: {'line': b'\x1b[01m\x1b[K/home/jonnydang2004/QUADRAPED/src/quadruped_control/src/motor_config.cpp:51:35:\x1b[m\x1b[K \x1b[01;31m\x1b[Kerror: \x1b[m\x1b[Kinvalid conversion from \xe2\x80\x98\x1b[01m\x1b[KServo*\x1b[m\x1b[K\xe2\x80\x99 to \xe2\x80\x98\x1b[01m\x1b[Kuint8_t\x1b[m\x1b[K\xe2\x80\x99 {aka \xe2\x80\x98\x1b[01m\x1b[Kunsigned char\x1b[m\x1b[K\xe2\x80\x99} [\x1b[01;31m\x1b[K\x1b]8;;https://gcc.gnu.org/onlinedocs/gcc/Warning-Options.html#index-fpermissive\x07-fpermissive\x1b]8;;\x07\x1b[m\x1b[K]\n'}
[12.050923] (quadruped_control) StderrLine: {'line': b'   51 |         front_right_upper_servo = \x1b[01;31m\x1b[Knew Servo(front_right_upper)\x1b[m\x1b[K;\n'}
[12.051083] (quadruped_control) StderrLine: {'line': b'      |                                   \x1b[01;31m\x1b[K^~~~~~~~~~~~~~~~~~~~~~~~~~~~\x1b[m\x1b[K\n'}
[12.051226] (quadruped_control) StderrLine: {'line': b'      |                                   \x1b[01;31m\x1b[K|\x1b[m\x1b[K\n'}
[12.051454] (quadruped_control) StderrLine: {'line': b'      |                                   \x1b[01;31m\x1b[KServo*\x1b[m\x1b[K\n'}
[12.055489] (quadruped_control) StderrLine: {'line': b'\x1b[01m\x1b[K/home/jonnydang2004/QUADRAPED/src/quadruped_control/src/motor_config.cpp:51:35:\x1b[m\x1b[K \x1b[01;31m\x1b[Kerror: \x1b[m\x1b[Kinvalid conversion from \xe2\x80\x98\x1b[01m\x1b[KServo*\x1b[m\x1b[K\xe2\x80\x99 to \xe2\x80\x98\x1b[01m\x1b[Kuint8_t\x1b[m\x1b[K\xe2\x80\x99 {aka \xe2\x80\x98\x1b[01m\x1b[Kunsigned char\x1b[m\x1b[K\xe2\x80\x99} [\x1b[01;31m\x1b[K\x1b]8;;https://gcc.gnu.org/onlinedocs/gcc/Warning-Options.html#index-fpermissive\x07-fpermissive\x1b]8;;\x07\x1b[m\x1b[K]\n'}
[12.055880] (quadruped_control) StderrLine: {'line': b'   51 |         front_right_upper_servo = \x1b[01;31m\x1b[Knew Servo(front_right_upper)\x1b[m\x1b[K;\n'}
[12.056057] (quadruped_control) StderrLine: {'line': b'      |                                   \x1b[01;31m\x1b[K^~~~~~~~~~~~~~~~~~~~~~~~~~~~\x1b[m\x1b[K\n'}
[12.056198] (quadruped_control) StderrLine: {'line': b'      |                                   \x1b[01;31m\x1b[K|\x1b[m\x1b[K\n'}
[12.056413] (quadruped_control) StderrLine: {'line': b'      |                                   \x1b[01;31m\x1b[KServo*\x1b[m\x1b[K\n'}
[12.056561] (quadruped_control) StderrLine: {'line': b'In file included from \x1b[01m\x1b[K/home/jonnydang2004/QUADRAPED/src/quadruped_control/src/motor_config.cpp:7\x1b[m\x1b[K:\n'}
[12.056715] (quadruped_control) StderrLine: {'line': b'\x1b[01m\x1b[K/home/jonnydang2004/QUADRAPED/src/quadruped_control/src/servo.h:7:19:\x1b[m\x1b[K \x1b[01;36m\x1b[Knote: \x1b[m\x1b[K  initializing argument 1 of \xe2\x80\x98\x1b[01m\x1b[KServo::Servo(uint8_t)\x1b[m\x1b[K\xe2\x80\x99\n'}
[12.056854] (quadruped_control) StderrLine: {'line': b'    7 |     Servo(\x1b[01;36m\x1b[Kuint8_t gp\x1b[m\x1b[K);\n'}
[12.057011] (quadruped_control) StderrLine: {'line': b'      |           \x1b[01;36m\x1b[K~~~~~~~~^~\x1b[m\x1b[K\n'}
[12.057152] (quadruped_control) StderrLine: {'line': b'\x1b[01m\x1b[K/home/jonnydang2004/QUADRAPED/src/quadruped_control/src/motor_config.cpp:52:62:\x1b[m\x1b[K \x1b[01;31m\x1b[Kerror: \x1b[m\x1b[Kambiguous overload for \xe2\x80\x98\x1b[01m\x1b[Koperator=\x1b[m\x1b[K\xe2\x80\x99 (operand types are \xe2\x80\x98\x1b[01m\x1b[KServo\x1b[m\x1b[K\xe2\x80\x99 and \xe2\x80\x98\x1b[01m\x1b[KServo*\x1b[m\x1b[K\xe2\x80\x99)\n'}
[12.057372] (quadruped_control) StderrLine: {'line': b'   52 |         front_right_lower_servo = new Servo(front_right_lower\x1b[01;31m\x1b[K)\x1b[m\x1b[K;\n'}
[12.057571] (quadruped_control) StderrLine: {'line': b'      |                                                              \x1b[01;31m\x1b[K^\x1b[m\x1b[K\n'}
[12.057723] (quadruped_control) StderrLine: {'line': b'In file included from \x1b[01m\x1b[K/home/jonnydang2004/QUADRAPED/src/quadruped_control/src/motor_config.cpp:7\x1b[m\x1b[K:\n'}
[12.057867] (quadruped_control) StderrLine: {'line': b'\x1b[01m\x1b[K/home/jonnydang2004/QUADRAPED/src/quadruped_control/src/servo.h:5:7:\x1b[m\x1b[K \x1b[01;36m\x1b[Knote: \x1b[m\x1b[Kcandidate: \xe2\x80\x98\x1b[01m\x1b[Kconstexpr Servo& Servo::operator=(const Servo&)\x1b[m\x1b[K\xe2\x80\x99 (near match)\n'}
[12.058021] (quadruped_control) StderrLine: {'line': b'    5 | class \x1b[01;36m\x1b[KServo\x1b[m\x1b[K {\n'}
[12.058161] (quadruped_control) StderrLine: {'line': b'      |       \x1b[01;36m\x1b[K^~~~~\x1b[m\x1b[K\n'}
[12.058382] (quadruped_control) StderrLine: {'line': b'\x1b[01m\x1b[K/home/jonnydang2004/QUADRAPED/src/quadruped_control/src/servo.h:5:7:\x1b[m\x1b[K \x1b[01;36m\x1b[Knote: \x1b[m\x1b[K  conversion of argument 1 would be ill-formed:\n'}
[12.058559] (quadruped_control) StderrLine: {'line': b'\x1b[01m\x1b[K/home/jonnydang2004/QUADRAPED/src/quadruped_control/src/motor_config.cpp:52:35:\x1b[m\x1b[K \x1b[01;31m\x1b[Kerror: \x1b[m\x1b[Kinvalid user-defined conversion from \xe2\x80\x98\x1b[01m\x1b[KServo*\x1b[m\x1b[K\xe2\x80\x99 to \xe2\x80\x98\x1b[01m\x1b[Kconst Servo&\x1b[m\x1b[K\xe2\x80\x99 [\x1b[01;31m\x1b[K\x1b]8;;https://gcc.gnu.org/onlinedocs/gcc/Warning-Options.html#index-fpermissive\x07-fpermissive\x1b]8;;\x07\x1b[m\x1b[K]\n'}
[12.058717] (quadruped_control) StderrLine: {'line': b'   52 |         front_right_lower_servo = \x1b[01;31m\x1b[Knew Servo(front_right_lower)\x1b[m\x1b[K;\n'}
[12.058867] (quadruped_control) StderrLine: {'line': b'      |                                   \x1b[01;31m\x1b[K^~~~~~~~~~~~~~~~~~~~~~~~~~~~\x1b[m\x1b[K\n'}
[12.059225] (quadruped_control) StderrLine: {'line': b'In file included from \x1b[01m\x1b[K/home/jonnydang2004/QUADRAPED/src/quadruped_control/src/motor_config.cpp:7\x1b[m\x1b[K:\n'}
[12.059441] (quadruped_control) StderrLine: {'line': b'\x1b[01m\x1b[K/home/jonnydang2004/QUADRAPED/src/quadruped_control/src/servo.h:7:5:\x1b[m\x1b[K \x1b[01;36m\x1b[Knote: \x1b[m\x1b[Kcandidate is: \xe2\x80\x98\x1b[01m\x1b[KServo::Servo(uint8_t)\x1b[m\x1b[K\xe2\x80\x99 (near match)\n'}
[12.059667] (quadruped_control) StderrLine: {'line': b'    7 |     \x1b[01;36m\x1b[KServo\x1b[m\x1b[K(uint8_t gp);\n'}
[12.059838] (quadruped_control) StderrLine: {'line': b'      |     \x1b[01;36m\x1b[K^~~~~\x1b[m\x1b[K\n'}
[12.060003] (quadruped_control) StderrLine: {'line': b'\x1b[01m\x1b[K/home/jonnydang2004/QUADRAPED/src/quadruped_control/src/servo.h:7:5:\x1b[m\x1b[K \x1b[01;36m\x1b[Knote: \x1b[m\x1b[K  conversion of argument 1 would be ill-formed:\n'}
[12.060154] (quadruped_control) StderrLine: {'line': b'\x1b[01m\x1b[K/home/jonnydang2004/QUADRAPED/src/quadruped_control/src/motor_config.cpp:52:35:\x1b[m\x1b[K \x1b[01;31m\x1b[Kerror: \x1b[m\x1b[Kinvalid conversion from \xe2\x80\x98\x1b[01m\x1b[KServo*\x1b[m\x1b[K\xe2\x80\x99 to \xe2\x80\x98\x1b[01m\x1b[Kuint8_t\x1b[m\x1b[K\xe2\x80\x99 {aka \xe2\x80\x98\x1b[01m\x1b[Kunsigned char\x1b[m\x1b[K\xe2\x80\x99} [\x1b[01;31m\x1b[K\x1b]8;;https://gcc.gnu.org/onlinedocs/gcc/Warning-Options.html#index-fpermissive\x07-fpermissive\x1b]8;;\x07\x1b[m\x1b[K]\n'}
[12.060382] (quadruped_control) StderrLine: {'line': b'   52 |         front_right_lower_servo = \x1b[01;31m\x1b[Knew Servo(front_right_lower)\x1b[m\x1b[K;\n'}
[12.060554] (quadruped_control) StderrLine: {'line': b'      |                                   \x1b[01;31m\x1b[K^~~~~~~~~~~~~~~~~~~~~~~~~~~~\x1b[m\x1b[K\n'}
[12.060707] (quadruped_control) StderrLine: {'line': b'      |                                   \x1b[01;31m\x1b[K|\x1b[m\x1b[K\n'}
[12.060856] (quadruped_control) StderrLine: {'line': b'      |                                   \x1b[01;31m\x1b[KServo*\x1b[m\x1b[K\n'}
[12.061001] (quadruped_control) StderrLine: {'line': b'\x1b[01m\x1b[K/home/jonnydang2004/QUADRAPED/src/quadruped_control/src/motor_config.cpp:52:35:\x1b[m\x1b[K \x1b[01;31m\x1b[Kerror: \x1b[m\x1b[Kinvalid conversion from \xe2\x80\x98\x1b[01m\x1b[KServo*\x1b[m\x1b[K\xe2\x80\x99 to \xe2\x80\x98\x1b[01m\x1b[Kuint8_t\x1b[m\x1b[K\xe2\x80\x99 {aka \xe2\x80\x98\x1b[01m\x1b[Kunsigned char\x1b[m\x1b[K\xe2\x80\x99} [\x1b[01;31m\x1b[K\x1b]8;;https://gcc.gnu.org/onlinedocs/gcc/Warning-Options.html#index-fpermissive\x07-fpermissive\x1b]8;;\x07\x1b[m\x1b[K]\n'}
[12.061155] (quadruped_control) StderrLine: {'line': b'   52 |         front_right_lower_servo = \x1b[01;31m\x1b[Knew Servo(front_right_lower)\x1b[m\x1b[K;\n'}
[12.061381] (quadruped_control) StderrLine: {'line': b'      |                                   \x1b[01;31m\x1b[K^~~~~~~~~~~~~~~~~~~~~~~~~~~~\x1b[m\x1b[K\n'}
[12.061552] (quadruped_control) StderrLine: {'line': b'      |                                   \x1b[01;31m\x1b[K|\x1b[m\x1b[K\n'}
[12.061706] (quadruped_control) StderrLine: {'line': b'      |                                   \x1b[01;31m\x1b[KServo*\x1b[m\x1b[K\n'}
[12.061857] (quadruped_control) StderrLine: {'line': b'In file included from \x1b[01m\x1b[K/home/jonnydang2004/QUADRAPED/src/quadruped_control/src/motor_config.cpp:7\x1b[m\x1b[K:\n'}
[12.062008] (quadruped_control) StderrLine: {'line': b'\x1b[01m\x1b[K/home/jonnydang2004/QUADRAPED/src/quadruped_control/src/servo.h:7:19:\x1b[m\x1b[K \x1b[01;36m\x1b[Knote: \x1b[m\x1b[K  initializing argument 1 of \xe2\x80\x98\x1b[01m\x1b[KServo::Servo(uint8_t)\x1b[m\x1b[K\xe2\x80\x99\n'}
[12.062161] (quadruped_control) StderrLine: {'line': b'    7 |     Servo(\x1b[01;36m\x1b[Kuint8_t gp\x1b[m\x1b[K);\n'}
[12.062366] (quadruped_control) StderrLine: {'line': b'      |           \x1b[01;36m\x1b[K~~~~~~~~^~\x1b[m\x1b[K\n'}
[12.062528] (quadruped_control) StderrLine: {'line': b'\x1b[01m\x1b[K/home/jonnydang2004/QUADRAPED/src/quadruped_control/src/servo.h:5:7:\x1b[m\x1b[K \x1b[01;36m\x1b[Knote: \x1b[m\x1b[Kcandidate: \xe2\x80\x98\x1b[01m\x1b[Kconstexpr Servo& Servo::operator=(Servo&&)\x1b[m\x1b[K\xe2\x80\x99 (near match)\n'}
[12.062685] (quadruped_control) StderrLine: {'line': b'    5 | class \x1b[01;36m\x1b[KServo\x1b[m\x1b[K {\n'}
[12.062834] (quadruped_control) StderrLine: {'line': b'      |       \x1b[01;36m\x1b[K^~~~~\x1b[m\x1b[K\n'}
[12.062986] (quadruped_control) StderrLine: {'line': b'\x1b[01m\x1b[K/home/jonnydang2004/QUADRAPED/src/quadruped_control/src/servo.h:5:7:\x1b[m\x1b[K \x1b[01;36m\x1b[Knote: \x1b[m\x1b[K  conversion of argument 1 would be ill-formed:\n'}
[12.063187] (quadruped_control) StderrLine: {'line': b'\x1b[01m\x1b[K/home/jonnydang2004/QUADRAPED/src/quadruped_control/src/motor_config.cpp:52:35:\x1b[m\x1b[K \x1b[01;31m\x1b[Kerror: \x1b[m\x1b[Kinvalid user-defined conversion from \xe2\x80\x98\x1b[01m\x1b[KServo*\x1b[m\x1b[K\xe2\x80\x99 to \xe2\x80\x98\x1b[01m\x1b[KServo&&\x1b[m\x1b[K\xe2\x80\x99 [\x1b[01;31m\x1b[K\x1b]8;;https://gcc.gnu.org/onlinedocs/gcc/Warning-Options.html#index-fpermissive\x07-fpermissive\x1b]8;;\x07\x1b[m\x1b[K]\n'}
[12.063504] (quadruped_control) StderrLine: {'line': b'   52 |         front_right_lower_servo = \x1b[01;31m\x1b[Knew Servo(front_right_lower)\x1b[m\x1b[K;\n'}
[12.063699] (quadruped_control) StderrLine: {'line': b'      |                                   \x1b[01;31m\x1b[K^~~~~~~~~~~~~~~~~~~~~~~~~~~~\x1b[m\x1b[K\n'}
[12.063888] (quadruped_control) StderrLine: {'line': b'In file included from \x1b[01m\x1b[K/home/jonnydang2004/QUADRAPED/src/quadruped_control/src/motor_config.cpp:7\x1b[m\x1b[K:\n'}
[12.064075] (quadruped_control) StderrLine: {'line': b'\x1b[01m\x1b[K/home/jonnydang2004/QUADRAPED/src/quadruped_control/src/servo.h:7:5:\x1b[m\x1b[K \x1b[01;36m\x1b[Knote: \x1b[m\x1b[Kcandidate is: \xe2\x80\x98\x1b[01m\x1b[KServo::Servo(uint8_t)\x1b[m\x1b[K\xe2\x80\x99 (near match)\n'}
[12.064242] (quadruped_control) StderrLine: {'line': b'    7 |     \x1b[01;36m\x1b[KServo\x1b[m\x1b[K(uint8_t gp);\n'}
[12.064461] (quadruped_control) StderrLine: {'line': b'      |     \x1b[01;36m\x1b[K^~~~~\x1b[m\x1b[K\n'}
[12.064631] (quadruped_control) StderrLine: {'line': b'\x1b[01m\x1b[K/home/jonnydang2004/QUADRAPED/src/quadruped_control/src/servo.h:7:5:\x1b[m\x1b[K \x1b[01;36m\x1b[Knote: \x1b[m\x1b[K  conversion of argument 1 would be ill-formed:\n'}
[12.064889] (quadruped_control) StderrLine: {'line': b'\x1b[01m\x1b[K/home/jonnydang2004/QUADRAPED/src/quadruped_control/src/motor_config.cpp:52:35:\x1b[m\x1b[K \x1b[01;31m\x1b[Kerror: \x1b[m\x1b[Kinvalid conversion from \xe2\x80\x98\x1b[01m\x1b[KServo*\x1b[m\x1b[K\xe2\x80\x99 to \xe2\x80\x98\x1b[01m\x1b[Kuint8_t\x1b[m\x1b[K\xe2\x80\x99 {aka \xe2\x80\x98\x1b[01m\x1b[Kunsigned char\x1b[m\x1b[K\xe2\x80\x99} [\x1b[01;31m\x1b[K\x1b]8;;https://gcc.gnu.org/onlinedocs/gcc/Warning-Options.html#index-fpermissive\x07-fpermissive\x1b]8;;\x07\x1b[m\x1b[K]\n'}
[12.067373] (quadruped_control) StderrLine: {'line': b'   52 |         front_right_lower_servo = \x1b[01;31m\x1b[Knew Servo(front_right_lower)\x1b[m\x1b[K;\n'}
[12.067766] (quadruped_control) StderrLine: {'line': b'      |                                   \x1b[01;31m\x1b[K^~~~~~~~~~~~~~~~~~~~~~~~~~~~\x1b[m\x1b[K\n'}
[12.068080] (quadruped_control) StderrLine: {'line': b'      |                                   \x1b[01;31m\x1b[K|\x1b[m\x1b[K\n'}
[12.068442] (quadruped_control) StderrLine: {'line': b'      |                                   \x1b[01;31m\x1b[KServo*\x1b[m\x1b[K\n'}
[12.068625] (quadruped_control) StderrLine: {'line': b'\x1b[01m\x1b[K/home/jonnydang2004/QUADRAPED/src/quadruped_control/src/motor_config.cpp:52:35:\x1b[m\x1b[K \x1b[01;31m\x1b[Kerror: \x1b[m\x1b[Kinvalid conversion from \xe2\x80\x98\x1b[01m\x1b[KServo*\x1b[m\x1b[K\xe2\x80\x99 to \xe2\x80\x98\x1b[01m\x1b[Kuint8_t\x1b[m\x1b[K\xe2\x80\x99 {aka \xe2\x80\x98\x1b[01m\x1b[Kunsigned char\x1b[m\x1b[K\xe2\x80\x99} [\x1b[01;31m\x1b[K\x1b]8;;https://gcc.gnu.org/onlinedocs/gcc/Warning-Options.html#index-fpermissive\x07-fpermissive\x1b]8;;\x07\x1b[m\x1b[K]\n'}
[12.069173] (quadruped_control) StderrLine: {'line': b'   52 |         front_right_lower_servo = \x1b[01;31m\x1b[Knew Servo(front_right_lower)\x1b[m\x1b[K;\n'}
[12.069767] (quadruped_control) StderrLine: {'line': b'      |                                   \x1b[01;31m\x1b[K^~~~~~~~~~~~~~~~~~~~~~~~~~~~\x1b[m\x1b[K\n'}
[12.070011] (quadruped_control) StderrLine: {'line': b'      |                                   \x1b[01;31m\x1b[K|\x1b[m\x1b[K\n'}
[12.070307] (quadruped_control) StderrLine: {'line': b'      |                                   \x1b[01;31m\x1b[KServo*\x1b[m\x1b[K\n'}
[12.070703] (quadruped_control) StderrLine: {'line': b'In file included from \x1b[01m\x1b[K/home/jonnydang2004/QUADRAPED/src/quadruped_control/src/motor_config.cpp:7\x1b[m\x1b[K:\n'}
[12.070948] (quadruped_control) StderrLine: {'line': b'\x1b[01m\x1b[K/home/jonnydang2004/QUADRAPED/src/quadruped_control/src/servo.h:7:19:\x1b[m\x1b[K \x1b[01;36m\x1b[Knote: \x1b[m\x1b[K  initializing argument 1 of \xe2\x80\x98\x1b[01m\x1b[KServo::Servo(uint8_t)\x1b[m\x1b[K\xe2\x80\x99\n'}
[12.071177] (quadruped_control) StderrLine: {'line': b'    7 |     Servo(\x1b[01;36m\x1b[Kuint8_t gp\x1b[m\x1b[K);\n'}
[12.071619] (quadruped_control) StderrLine: {'line': b'      |           \x1b[01;36m\x1b[K~~~~~~~~^~\x1b[m\x1b[K\n'}
[12.071797] (quadruped_control) StderrLine: {'line': b'\x1b[01m\x1b[K/home/jonnydang2004/QUADRAPED/src/quadruped_control/src/motor_config.cpp:54:58:\x1b[m\x1b[K \x1b[01;31m\x1b[Kerror: \x1b[m\x1b[Kambiguous overload for \xe2\x80\x98\x1b[01m\x1b[Koperator=\x1b[m\x1b[K\xe2\x80\x99 (operand types are \xe2\x80\x98\x1b[01m\x1b[KServo\x1b[m\x1b[K\xe2\x80\x99 and \xe2\x80\x98\x1b[01m\x1b[KServo*\x1b[m\x1b[K\xe2\x80\x99)\n'}
[12.071950] (quadruped_control) StderrLine: {'line': b'   54 |         back_left_upper_servo = new Servo(back_left_upper\x1b[01;31m\x1b[K)\x1b[m\x1b[K;\n'}
[12.072095] (quadruped_control) StderrLine: {'line': b'      |                                                          \x1b[01;31m\x1b[K^\x1b[m\x1b[K\n'}
[12.072290] (quadruped_control) StderrLine: {'line': b'In file included from \x1b[01m\x1b[K/home/jonnydang2004/QUADRAPED/src/quadruped_control/src/motor_config.cpp:7\x1b[m\x1b[K:\n'}
[12.072451] (quadruped_control) StderrLine: {'line': b'\x1b[01m\x1b[K/home/jonnydang2004/QUADRAPED/src/quadruped_control/src/servo.h:5:7:\x1b[m\x1b[K \x1b[01;36m\x1b[Knote: \x1b[m\x1b[Kcandidate: \xe2\x80\x98\x1b[01m\x1b[Kconstexpr Servo& Servo::operator=(const Servo&)\x1b[m\x1b[K\xe2\x80\x99 (near match)\n'}
[12.072599] (quadruped_control) StderrLine: {'line': b'    5 | class \x1b[01;36m\x1b[KServo\x1b[m\x1b[K {\n'}
[12.072736] (quadruped_control) StderrLine: {'line': b'      |       \x1b[01;36m\x1b[K^~~~~\x1b[m\x1b[K\n'}
[12.072869] (quadruped_control) StderrLine: {'line': b'\x1b[01m\x1b[K/home/jonnydang2004/QUADRAPED/src/quadruped_control/src/servo.h:5:7:\x1b[m\x1b[K \x1b[01;36m\x1b[Knote: \x1b[m\x1b[K  conversion of argument 1 would be ill-formed:\n'}
[12.073032] (quadruped_control) StderrLine: {'line': b'\x1b[01m\x1b[K/home/jonnydang2004/QUADRAPED/src/quadruped_control/src/motor_config.cpp:54:33:\x1b[m\x1b[K \x1b[01;31m\x1b[Kerror: \x1b[m\x1b[Kinvalid user-defined conversion from \xe2\x80\x98\x1b[01m\x1b[KServo*\x1b[m\x1b[K\xe2\x80\x99 to \xe2\x80\x98\x1b[01m\x1b[Kconst Servo&\x1b[m\x1b[K\xe2\x80\x99 [\x1b[01;31m\x1b[K\x1b]8;;https://gcc.gnu.org/onlinedocs/gcc/Warning-Options.html#index-fpermissive\x07-fpermissive\x1b]8;;\x07\x1b[m\x1b[K]\n'}
[12.073193] (quadruped_control) StderrLine: {'line': b'   54 |         back_left_upper_servo = \x1b[01;31m\x1b[Knew Servo(back_left_upper)\x1b[m\x1b[K;\n'}
[12.073645] (quadruped_control) StderrLine: {'line': b'      |                                 \x1b[01;31m\x1b[K^~~~~~~~~~~~~~~~~~~~~~~~~~\x1b[m\x1b[K\n'}
[12.073859] (quadruped_control) StderrLine: {'line': b'In file included from \x1b[01m\x1b[K/home/jonnydang2004/QUADRAPED/src/quadruped_control/src/motor_config.cpp:7\x1b[m\x1b[K:\n'}
[12.074051] (quadruped_control) StderrLine: {'line': b'\x1b[01m\x1b[K/home/jonnydang2004/QUADRAPED/src/quadruped_control/src/servo.h:7:5:\x1b[m\x1b[K \x1b[01;36m\x1b[Knote: \x1b[m\x1b[Kcandidate is: \xe2\x80\x98\x1b[01m\x1b[KServo::Servo(uint8_t)\x1b[m\x1b[K\xe2\x80\x99 (near match)\n'}
[12.074274] (quadruped_control) StderrLine: {'line': b'    7 |     \x1b[01;36m\x1b[KServo\x1b[m\x1b[K(uint8_t gp);\n'}
[12.074467] (quadruped_control) StderrLine: {'line': b'      |     \x1b[01;36m\x1b[K^~~~~\x1b[m\x1b[K\n'}
[12.074638] (quadruped_control) StderrLine: {'line': b'\x1b[01m\x1b[K/home/jonnydang2004/QUADRAPED/src/quadruped_control/src/servo.h:7:5:\x1b[m\x1b[K \x1b[01;36m\x1b[Knote: \x1b[m\x1b[K  conversion of argument 1 would be ill-formed:\n'}
[12.074796] (quadruped_control) StderrLine: {'line': b'\x1b[01m\x1b[K/home/jonnydang2004/QUADRAPED/src/quadruped_control/src/motor_config.cpp:54:33:\x1b[m\x1b[K \x1b[01;31m\x1b[Kerror: \x1b[m\x1b[Kinvalid conversion from \xe2\x80\x98\x1b[01m\x1b[KServo*\x1b[m\x1b[K\xe2\x80\x99 to \xe2\x80\x98\x1b[01m\x1b[Kuint8_t\x1b[m\x1b[K\xe2\x80\x99 {aka \xe2\x80\x98\x1b[01m\x1b[Kunsigned char\x1b[m\x1b[K\xe2\x80\x99} [\x1b[01;31m\x1b[K\x1b]8;;https://gcc.gnu.org/onlinedocs/gcc/Warning-Options.html#index-fpermissive\x07-fpermissive\x1b]8;;\x07\x1b[m\x1b[K]\n'}
[12.074970] (quadruped_control) StderrLine: {'line': b'   54 |         back_left_upper_servo = \x1b[01;31m\x1b[Knew Servo(back_left_upper)\x1b[m\x1b[K;\n'}
[12.075116] (quadruped_control) StderrLine: {'line': b'      |                                 \x1b[01;31m\x1b[K^~~~~~~~~~~~~~~~~~~~~~~~~~\x1b[m\x1b[K\n'}
[12.075343] (quadruped_control) StderrLine: {'line': b'      |                                 \x1b[01;31m\x1b[K|\x1b[m\x1b[K\n'}
[12.075539] (quadruped_control) StderrLine: {'line': b'      |                                 \x1b[01;31m\x1b[KServo*\x1b[m\x1b[K\n'}
[12.075709] (quadruped_control) StderrLine: {'line': b'\x1b[01m\x1b[K/home/jonnydang2004/QUADRAPED/src/quadruped_control/src/motor_config.cpp:54:33:\x1b[m\x1b[K \x1b[01;31m\x1b[Kerror: \x1b[m\x1b[Kinvalid conversion from \xe2\x80\x98\x1b[01m\x1b[KServo*\x1b[m\x1b[K\xe2\x80\x99 to \xe2\x80\x98\x1b[01m\x1b[Kuint8_t\x1b[m\x1b[K\xe2\x80\x99 {aka \xe2\x80\x98\x1b[01m\x1b[Kunsigned char\x1b[m\x1b[K\xe2\x80\x99} [\x1b[01;31m\x1b[K\x1b]8;;https://gcc.gnu.org/onlinedocs/gcc/Warning-Options.html#index-fpermissive\x07-fpermissive\x1b]8;;\x07\x1b[m\x1b[K]\n'}
[12.075919] (quadruped_control) StderrLine: {'line': b'   54 |         back_left_upper_servo = \x1b[01;31m\x1b[Knew Servo(back_left_upper)\x1b[m\x1b[K;\n'}
[12.076097] (quadruped_control) StderrLine: {'line': b'      |                                 \x1b[01;31m\x1b[K^~~~~~~~~~~~~~~~~~~~~~~~~~\x1b[m\x1b[K\n'}
[12.076337] (quadruped_control) StderrLine: {'line': b'      |                                 \x1b[01;31m\x1b[K|\x1b[m\x1b[K\n'}
[12.076508] (quadruped_control) StderrLine: {'line': b'      |                                 \x1b[01;31m\x1b[KServo*\x1b[m\x1b[K\n'}
[12.076661] (quadruped_control) StderrLine: {'line': b'In file included from \x1b[01m\x1b[K/home/jonnydang2004/QUADRAPED/src/quadruped_control/src/motor_config.cpp:7\x1b[m\x1b[K:\n'}
[12.076835] (quadruped_control) StderrLine: {'line': b'\x1b[01m\x1b[K/home/jonnydang2004/QUADRAPED/src/quadruped_control/src/servo.h:7:19:\x1b[m\x1b[K \x1b[01;36m\x1b[Knote: \x1b[m\x1b[K  initializing argument 1 of \xe2\x80\x98\x1b[01m\x1b[KServo::Servo(uint8_t)\x1b[m\x1b[K\xe2\x80\x99\n'}
[12.077004] (quadruped_control) StderrLine: {'line': b'    7 |     Servo(\x1b[01;36m\x1b[Kuint8_t gp\x1b[m\x1b[K);\n'}
[12.077161] (quadruped_control) StderrLine: {'line': b'      |           \x1b[01;36m\x1b[K~~~~~~~~^~\x1b[m\x1b[K\n'}
[12.077390] (quadruped_control) StderrLine: {'line': b'\x1b[01m\x1b[K/home/jonnydang2004/QUADRAPED/src/quadruped_control/src/servo.h:5:7:\x1b[m\x1b[K \x1b[01;36m\x1b[Knote: \x1b[m\x1b[Kcandidate: \xe2\x80\x98\x1b[01m\x1b[Kconstexpr Servo& Servo::operator=(Servo&&)\x1b[m\x1b[K\xe2\x80\x99 (near match)\n'}
[12.077551] (quadruped_control) StderrLine: {'line': b'    5 | class \x1b[01;36m\x1b[KServo\x1b[m\x1b[K {\n'}
[12.077719] (quadruped_control) StderrLine: {'line': b'      |       \x1b[01;36m\x1b[K^~~~~\x1b[m\x1b[K\n'}
[12.077947] (quadruped_control) StderrLine: {'line': b'\x1b[01m\x1b[K/home/jonnydang2004/QUADRAPED/src/quadruped_control/src/servo.h:5:7:\x1b[m\x1b[K \x1b[01;36m\x1b[Knote: \x1b[m\x1b[K  conversion of argument 1 would be ill-formed:\n'}
[12.078120] (quadruped_control) StderrLine: {'line': b'\x1b[01m\x1b[K/home/jonnydang2004/QUADRAPED/src/quadruped_control/src/motor_config.cpp:54:33:\x1b[m\x1b[K \x1b[01;31m\x1b[Kerror: \x1b[m\x1b[Kinvalid user-defined conversion from \xe2\x80\x98\x1b[01m\x1b[KServo*\x1b[m\x1b[K\xe2\x80\x99 to \xe2\x80\x98\x1b[01m\x1b[KServo&&\x1b[m\x1b[K\xe2\x80\x99 [\x1b[01;31m\x1b[K\x1b]8;;https://gcc.gnu.org/onlinedocs/gcc/Warning-Options.html#index-fpermissive\x07-fpermissive\x1b]8;;\x07\x1b[m\x1b[K]\n'}
[12.078357] (quadruped_control) StderrLine: {'line': b'   54 |         back_left_upper_servo = \x1b[01;31m\x1b[Knew Servo(back_left_upper)\x1b[m\x1b[K;\n'}
[12.078542] (quadruped_control) StderrLine: {'line': b'      |                                 \x1b[01;31m\x1b[K^~~~~~~~~~~~~~~~~~~~~~~~~~\x1b[m\x1b[K\n'}
[12.078723] (quadruped_control) StderrLine: {'line': b'In file included from \x1b[01m\x1b[K/home/jonnydang2004/QUADRAPED/src/quadruped_control/src/motor_config.cpp:7\x1b[m\x1b[K:\n'}
[12.078923] (quadruped_control) StderrLine: {'line': b'\x1b[01m\x1b[K/home/jonnydang2004/QUADRAPED/src/quadruped_control/src/servo.h:7:5:\x1b[m\x1b[K \x1b[01;36m\x1b[Knote: \x1b[m\x1b[Kcandidate is: \xe2\x80\x98\x1b[01m\x1b[KServo::Servo(uint8_t)\x1b[m\x1b[K\xe2\x80\x99 (near match)\n'}
[12.079091] (quadruped_control) StderrLine: {'line': b'    7 |     \x1b[01;36m\x1b[KServo\x1b[m\x1b[K(uint8_t gp);\n'}
[12.079312] (quadruped_control) StderrLine: {'line': b'      |     \x1b[01;36m\x1b[K^~~~~\x1b[m\x1b[K\n'}
[12.079518] (quadruped_control) StderrLine: {'line': b'\x1b[01m\x1b[K/home/jonnydang2004/QUADRAPED/src/quadruped_control/src/servo.h:7:5:\x1b[m\x1b[K \x1b[01;36m\x1b[Knote: \x1b[m\x1b[K  conversion of argument 1 would be ill-formed:\n'}
[12.079707] (quadruped_control) StderrLine: {'line': b'\x1b[01m\x1b[K/home/jonnydang2004/QUADRAPED/src/quadruped_control/src/motor_config.cpp:54:33:\x1b[m\x1b[K \x1b[01;31m\x1b[Kerror: \x1b[m\x1b[Kinvalid conversion from \xe2\x80\x98\x1b[01m\x1b[KServo*\x1b[m\x1b[K\xe2\x80\x99 to \xe2\x80\x98\x1b[01m\x1b[Kuint8_t\x1b[m\x1b[K\xe2\x80\x99 {aka \xe2\x80\x98\x1b[01m\x1b[Kunsigned char\x1b[m\x1b[K\xe2\x80\x99} [\x1b[01;31m\x1b[K\x1b]8;;https://gcc.gnu.org/onlinedocs/gcc/Warning-Options.html#index-fpermissive\x07-fpermissive\x1b]8;;\x07\x1b[m\x1b[K]\n'}
[12.079886] (quadruped_control) StderrLine: {'line': b'   54 |         back_left_upper_servo = \x1b[01;31m\x1b[Knew Servo(back_left_upper)\x1b[m\x1b[K;\n'}
[12.080047] (quadruped_control) StderrLine: {'line': b'      |                                 \x1b[01;31m\x1b[K^~~~~~~~~~~~~~~~~~~~~~~~~~\x1b[m\x1b[K\n'}
[12.080205] (quadruped_control) StderrLine: {'line': b'      |                                 \x1b[01;31m\x1b[K|\x1b[m\x1b[K\n'}
[12.080463] (quadruped_control) StderrLine: {'line': b'      |                                 \x1b[01;31m\x1b[KServo*\x1b[m\x1b[K\n'}
[12.080654] (quadruped_control) StderrLine: {'line': b'\x1b[01m\x1b[K/home/jonnydang2004/QUADRAPED/src/quadruped_control/src/motor_config.cpp:54:33:\x1b[m\x1b[K \x1b[01;31m\x1b[Kerror: \x1b[m\x1b[Kinvalid conversion from \xe2\x80\x98\x1b[01m\x1b[KServo*\x1b[m\x1b[K\xe2\x80\x99 to \xe2\x80\x98\x1b[01m\x1b[Kuint8_t\x1b[m\x1b[K\xe2\x80\x99 {aka \xe2\x80\x98\x1b[01m\x1b[Kunsigned char\x1b[m\x1b[K\xe2\x80\x99} [\x1b[01;31m\x1b[K\x1b]8;;https://gcc.gnu.org/onlinedocs/gcc/Warning-Options.html#index-fpermissive\x07-fpermissive\x1b]8;;\x07\x1b[m\x1b[K]\n'}
[12.080868] (quadruped_control) StderrLine: {'line': b'   54 |         back_left_upper_servo = \x1b[01;31m\x1b[Knew Servo(back_left_upper)\x1b[m\x1b[K;\n'}
[12.081038] (quadruped_control) StderrLine: {'line': b'      |                                 \x1b[01;31m\x1b[K^~~~~~~~~~~~~~~~~~~~~~~~~~\x1b[m\x1b[K\n'}
[12.081207] (quadruped_control) StderrLine: {'line': b'      |                                 \x1b[01;31m\x1b[K|\x1b[m\x1b[K\n'}
[12.081458] (quadruped_control) StderrLine: {'line': b'      |                                 \x1b[01;31m\x1b[KServo*\x1b[m\x1b[K\n'}
[12.081721] (quadruped_control) StderrLine: {'line': b'In file included from \x1b[01m\x1b[K/home/jonnydang2004/QUADRAPED/src/quadruped_control/src/motor_config.cpp:7\x1b[m\x1b[K:\n'}
[12.083924] (quadruped_control) StderrLine: {'line': b'\x1b[01m\x1b[K/home/jonnydang2004/QUADRAPED/src/quadruped_control/src/servo.h:7:19:\x1b[m\x1b[K \x1b[01;36m\x1b[Knote: \x1b[m\x1b[K  initializing argument 1 of \xe2\x80\x98\x1b[01m\x1b[KServo::Servo(uint8_t)\x1b[m\x1b[K\xe2\x80\x99\n'}
[12.084231] (quadruped_control) StderrLine: {'line': b'    7 |     Servo(\x1b[01;36m\x1b[Kuint8_t gp\x1b[m\x1b[K);\n'}
[12.084509] (quadruped_control) StderrLine: {'line': b'      |           \x1b[01;36m\x1b[K~~~~~~~~^~\x1b[m\x1b[K\n'}
[12.084715] (quadruped_control) StderrLine: {'line': b'\x1b[01m\x1b[K/home/jonnydang2004/QUADRAPED/src/quadruped_control/src/motor_config.cpp:55:58:\x1b[m\x1b[K \x1b[01;31m\x1b[Kerror: \x1b[m\x1b[Kambiguous overload for \xe2\x80\x98\x1b[01m\x1b[Koperator=\x1b[m\x1b[K\xe2\x80\x99 (operand types are \xe2\x80\x98\x1b[01m\x1b[KServo\x1b[m\x1b[K\xe2\x80\x99 and \xe2\x80\x98\x1b[01m\x1b[KServo*\x1b[m\x1b[K\xe2\x80\x99)\n'}
[12.084968] (quadruped_control) StderrLine: {'line': b'   55 |         back_left_lower_servo = new Servo(back_left_lower\x1b[01;31m\x1b[K)\x1b[m\x1b[K;\n'}
[12.085142] (quadruped_control) StderrLine: {'line': b'      |                                                          \x1b[01;31m\x1b[K^\x1b[m\x1b[K\n'}
[12.085419] (quadruped_control) StderrLine: {'line': b'In file included from \x1b[01m\x1b[K/home/jonnydang2004/QUADRAPED/src/quadruped_control/src/motor_config.cpp:7\x1b[m\x1b[K:\n'}
[12.085635] (quadruped_control) StderrLine: {'line': b'\x1b[01m\x1b[K/home/jonnydang2004/QUADRAPED/src/quadruped_control/src/servo.h:5:7:\x1b[m\x1b[K \x1b[01;36m\x1b[Knote: \x1b[m\x1b[Kcandidate: \xe2\x80\x98\x1b[01m\x1b[Kconstexpr Servo& Servo::operator=(const Servo&)\x1b[m\x1b[K\xe2\x80\x99 (near match)\n'}
[12.086105] (quadruped_control) StderrLine: {'line': b'    5 | class \x1b[01;36m\x1b[KServo\x1b[m\x1b[K {\n'}
[12.086705] (quadruped_control) StderrLine: {'line': b'      |       \x1b[01;36m\x1b[K^~~~~\x1b[m\x1b[K\n'}
[12.086943] (quadruped_control) StderrLine: {'line': b'\x1b[01m\x1b[K/home/jonnydang2004/QUADRAPED/src/quadruped_control/src/servo.h:5:7:\x1b[m\x1b[K \x1b[01;36m\x1b[Knote: \x1b[m\x1b[K  conversion of argument 1 would be ill-formed:\n'}
[12.087826] (quadruped_control) StderrLine: {'line': b'\x1b[01m\x1b[K/home/jonnydang2004/QUADRAPED/src/quadruped_control/src/motor_config.cpp:55:33:\x1b[m\x1b[K \x1b[01;31m\x1b[Kerror: \x1b[m\x1b[Kinvalid user-defined conversion from \xe2\x80\x98\x1b[01m\x1b[KServo*\x1b[m\x1b[K\xe2\x80\x99 to \xe2\x80\x98\x1b[01m\x1b[Kconst Servo&\x1b[m\x1b[K\xe2\x80\x99 [\x1b[01;31m\x1b[K\x1b]8;;https://gcc.gnu.org/onlinedocs/gcc/Warning-Options.html#index-fpermissive\x07-fpermissive\x1b]8;;\x07\x1b[m\x1b[K]\n'}
[12.088048] (quadruped_control) StderrLine: {'line': b'   55 |         back_left_lower_servo = \x1b[01;31m\x1b[Knew Servo(back_left_lower)\x1b[m\x1b[K;\n'}
[12.089917] (quadruped_control) StderrLine: {'line': b'      |                                 \x1b[01;31m\x1b[K^~~~~~~~~~~~~~~~~~~~~~~~~~\x1b[m\x1b[K\n'}
[12.090155] (quadruped_control) StderrLine: {'line': b'In file included from \x1b[01m\x1b[K/home/jonnydang2004/QUADRAPED/src/quadruped_control/src/motor_config.cpp:7\x1b[m\x1b[K:\n'}
[12.090401] (quadruped_control) StderrLine: {'line': b'\x1b[01m\x1b[K/home/jonnydang2004/QUADRAPED/src/quadruped_control/src/servo.h:7:5:\x1b[m\x1b[K \x1b[01;36m\x1b[Knote: \x1b[m\x1b[Kcandidate is: \xe2\x80\x98\x1b[01m\x1b[KServo::Servo(uint8_t)\x1b[m\x1b[K\xe2\x80\x99 (near match)\n'}
[12.090579] (quadruped_control) StderrLine: {'line': b'    7 |     \x1b[01;36m\x1b[KServo\x1b[m\x1b[K(uint8_t gp);\n'}
[12.090758] (quadruped_control) StderrLine: {'line': b'      |     \x1b[01;36m\x1b[K^~~~~\x1b[m\x1b[K\n'}
[12.090938] (quadruped_control) StderrLine: {'line': b'\x1b[01m\x1b[K/home/jonnydang2004/QUADRAPED/src/quadruped_control/src/servo.h:7:5:\x1b[m\x1b[K \x1b[01;36m\x1b[Knote: \x1b[m\x1b[K  conversion of argument 1 would be ill-formed:\n'}
[12.091123] (quadruped_control) StderrLine: {'line': b'\x1b[01m\x1b[K/home/jonnydang2004/QUADRAPED/src/quadruped_control/src/motor_config.cpp:55:33:\x1b[m\x1b[K \x1b[01;31m\x1b[Kerror: \x1b[m\x1b[Kinvalid conversion from \xe2\x80\x98\x1b[01m\x1b[KServo*\x1b[m\x1b[K\xe2\x80\x99 to \xe2\x80\x98\x1b[01m\x1b[Kuint8_t\x1b[m\x1b[K\xe2\x80\x99 {aka \xe2\x80\x98\x1b[01m\x1b[Kunsigned char\x1b[m\x1b[K\xe2\x80\x99} [\x1b[01;31m\x1b[K\x1b]8;;https://gcc.gnu.org/onlinedocs/gcc/Warning-Options.html#index-fpermissive\x07-fpermissive\x1b]8;;\x07\x1b[m\x1b[K]\n'}
[12.091449] (quadruped_control) StderrLine: {'line': b'   55 |         back_left_lower_servo = \x1b[01;31m\x1b[Knew Servo(back_left_lower)\x1b[m\x1b[K;\n'}
[12.093611] (quadruped_control) StderrLine: {'line': b'      |                                 \x1b[01;31m\x1b[K^~~~~~~~~~~~~~~~~~~~~~~~~~\x1b[m\x1b[K\n'}
[12.093917] (quadruped_control) StderrLine: {'line': b'      |                                 \x1b[01;31m\x1b[K|\x1b[m\x1b[K\n'}
[12.094101] (quadruped_control) StderrLine: {'line': b'      |                                 \x1b[01;31m\x1b[KServo*\x1b[m\x1b[K\n'}
[12.094289] (quadruped_control) StderrLine: {'line': b'\x1b[01m\x1b[K/home/jonnydang2004/QUADRAPED/src/quadruped_control/src/motor_config.cpp:55:33:\x1b[m\x1b[K \x1b[01;31m\x1b[Kerror: \x1b[m\x1b[Kinvalid conversion from \xe2\x80\x98\x1b[01m\x1b[KServo*\x1b[m\x1b[K\xe2\x80\x99 to \xe2\x80\x98\x1b[01m\x1b[Kuint8_t\x1b[m\x1b[K\xe2\x80\x99 {aka \xe2\x80\x98\x1b[01m\x1b[Kunsigned char\x1b[m\x1b[K\xe2\x80\x99} [\x1b[01;31m\x1b[K\x1b]8;;https://gcc.gnu.org/onlinedocs/gcc/Warning-Options.html#index-fpermissive\x07-fpermissive\x1b]8;;\x07\x1b[m\x1b[K]\n'}
[12.094478] (quadruped_control) StderrLine: {'line': b'   55 |         back_left_lower_servo = \x1b[01;31m\x1b[Knew Servo(back_left_lower)\x1b[m\x1b[K;\n'}
[12.094634] (quadruped_control) StderrLine: {'line': b'      |                                 \x1b[01;31m\x1b[K^~~~~~~~~~~~~~~~~~~~~~~~~~\x1b[m\x1b[K\n'}
[12.094780] (quadruped_control) StderrLine: {'line': b'      |                                 \x1b[01;31m\x1b[K|\x1b[m\x1b[K\n'}
[12.094926] (quadruped_control) StderrLine: {'line': b'      |                                 \x1b[01;31m\x1b[KServo*\x1b[m\x1b[K\n'}
[12.095074] (quadruped_control) StderrLine: {'line': b'In file included from \x1b[01m\x1b[K/home/jonnydang2004/QUADRAPED/src/quadruped_control/src/motor_config.cpp:7\x1b[m\x1b[K:\n'}
[12.095228] (quadruped_control) StderrLine: {'line': b'\x1b[01m\x1b[K/home/jonnydang2004/QUADRAPED/src/quadruped_control/src/servo.h:7:19:\x1b[m\x1b[K \x1b[01;36m\x1b[Knote: \x1b[m\x1b[K  initializing argument 1 of \xe2\x80\x98\x1b[01m\x1b[KServo::Servo(uint8_t)\x1b[m\x1b[K\xe2\x80\x99\n'}
[12.095454] (quadruped_control) StderrLine: {'line': b'    7 |     Servo(\x1b[01;36m\x1b[Kuint8_t gp\x1b[m\x1b[K);\n'}
[12.095609] (quadruped_control) StderrLine: {'line': b'      |           \x1b[01;36m\x1b[K~~~~~~~~^~\x1b[m\x1b[K\n'}
[12.095759] (quadruped_control) StderrLine: {'line': b'\x1b[01m\x1b[K/home/jonnydang2004/QUADRAPED/src/quadruped_control/src/servo.h:5:7:\x1b[m\x1b[K \x1b[01;36m\x1b[Knote: \x1b[m\x1b[Kcandidate: \xe2\x80\x98\x1b[01m\x1b[Kconstexpr Servo& Servo::operator=(Servo&&)\x1b[m\x1b[K\xe2\x80\x99 (near match)\n'}
[12.095912] (quadruped_control) StderrLine: {'line': b'    5 | class \x1b[01;36m\x1b[KServo\x1b[m\x1b[K {\n'}
[12.096074] (quadruped_control) StderrLine: {'line': b'      |       \x1b[01;36m\x1b[K^~~~~\x1b[m\x1b[K\n'}
[12.096223] (quadruped_control) StderrLine: {'line': b'\x1b[01m\x1b[K/home/jonnydang2004/QUADRAPED/src/quadruped_control/src/servo.h:5:7:\x1b[m\x1b[K \x1b[01;36m\x1b[Knote: \x1b[m\x1b[K  conversion of argument 1 would be ill-formed:\n'}
[12.096487] (quadruped_control) StderrLine: {'line': b'\x1b[01m\x1b[K/home/jonnydang2004/QUADRAPED/src/quadruped_control/src/motor_config.cpp:55:33:\x1b[m\x1b[K \x1b[01;31m\x1b[Kerror: \x1b[m\x1b[Kinvalid user-defined conversion from \xe2\x80\x98\x1b[01m\x1b[KServo*\x1b[m\x1b[K\xe2\x80\x99 to \xe2\x80\x98\x1b[01m\x1b[KServo&&\x1b[m\x1b[K\xe2\x80\x99 [\x1b[01;31m\x1b[K\x1b]8;;https://gcc.gnu.org/onlinedocs/gcc/Warning-Options.html#index-fpermissive\x07-fpermissive\x1b]8;;\x07\x1b[m\x1b[K]\n'}
[12.096711] (quadruped_control) StderrLine: {'line': b'   55 |         back_left_lower_servo = \x1b[01;31m\x1b[Knew Servo(back_left_lower)\x1b[m\x1b[K;\n'}
[12.096931] (quadruped_control) StderrLine: {'line': b'      |                                 \x1b[01;31m\x1b[K^~~~~~~~~~~~~~~~~~~~~~~~~~\x1b[m\x1b[K\n'}
[12.097131] (quadruped_control) StderrLine: {'line': b'In file included from \x1b[01m\x1b[K/home/jonnydang2004/QUADRAPED/src/quadruped_control/src/motor_config.cpp:7\x1b[m\x1b[K:\n'}
[12.097352] (quadruped_control) StderrLine: {'line': b'\x1b[01m\x1b[K/home/jonnydang2004/QUADRAPED/src/quadruped_control/src/servo.h:7:5:\x1b[m\x1b[K \x1b[01;36m\x1b[Knote: \x1b[m\x1b[Kcandidate is: \xe2\x80\x98\x1b[01m\x1b[KServo::Servo(uint8_t)\x1b[m\x1b[K\xe2\x80\x99 (near match)\n'}
[12.097554] (quadruped_control) StderrLine: {'line': b'    7 |     \x1b[01;36m\x1b[KServo\x1b[m\x1b[K(uint8_t gp);\n'}
[12.097738] (quadruped_control) StderrLine: {'line': b'      |     \x1b[01;36m\x1b[K^~~~~\x1b[m\x1b[K\n'}
[12.097979] (quadruped_control) StderrLine: {'line': b'\x1b[01m\x1b[K/home/jonnydang2004/QUADRAPED/src/quadruped_control/src/servo.h:7:5:\x1b[m\x1b[K \x1b[01;36m\x1b[Knote: \x1b[m\x1b[K  conversion of argument 1 would be ill-formed:\n'}
[12.098319] (quadruped_control) StderrLine: {'line': b'\x1b[01m\x1b[K/home/jonnydang2004/QUADRAPED/src/quadruped_control/src/motor_config.cpp:55:33:\x1b[m\x1b[K \x1b[01;31m\x1b[Kerror: \x1b[m\x1b[Kinvalid conversion from \xe2\x80\x98\x1b[01m\x1b[KServo*\x1b[m\x1b[K\xe2\x80\x99 to \xe2\x80\x98\x1b[01m\x1b[Kuint8_t\x1b[m\x1b[K\xe2\x80\x99 {aka \xe2\x80\x98\x1b[01m\x1b[Kunsigned char\x1b[m\x1b[K\xe2\x80\x99} [\x1b[01;31m\x1b[K\x1b]8;;https://gcc.gnu.org/onlinedocs/gcc/Warning-Options.html#index-fpermissive\x07-fpermissive\x1b]8;;\x07\x1b[m\x1b[K]\n'}
[12.098604] (quadruped_control) StderrLine: {'line': b'   55 |         back_left_lower_servo = \x1b[01;31m\x1b[Knew Servo(back_left_lower)\x1b[m\x1b[K;\n'}
[12.098810] (quadruped_control) StderrLine: {'line': b'      |                                 \x1b[01;31m\x1b[K^~~~~~~~~~~~~~~~~~~~~~~~~~\x1b[m\x1b[K\n'}
[12.099020] (quadruped_control) StderrLine: {'line': b'      |                                 \x1b[01;31m\x1b[K|\x1b[m\x1b[K\n'}
[12.099211] (quadruped_control) StderrLine: {'line': b'      |                                 \x1b[01;31m\x1b[KServo*\x1b[m\x1b[K\n'}
[12.099464] (quadruped_control) StderrLine: {'line': b'\x1b[01m\x1b[K/home/jonnydang2004/QUADRAPED/src/quadruped_control/src/motor_config.cpp:55:33:\x1b[m\x1b[K \x1b[01;31m\x1b[Kerror: \x1b[m\x1b[Kinvalid conversion from \xe2\x80\x98\x1b[01m\x1b[KServo*\x1b[m\x1b[K\xe2\x80\x99 to \xe2\x80\x98\x1b[01m\x1b[Kuint8_t\x1b[m\x1b[K\xe2\x80\x99 {aka \xe2\x80\x98\x1b[01m\x1b[Kunsigned char\x1b[m\x1b[K\xe2\x80\x99} [\x1b[01;31m\x1b[K\x1b]8;;https://gcc.gnu.org/onlinedocs/gcc/Warning-Options.html#index-fpermissive\x07-fpermissive\x1b]8;;\x07\x1b[m\x1b[K]\n'}
[12.099663] (quadruped_control) StderrLine: {'line': b'   55 |         back_left_lower_servo = \x1b[01;31m\x1b[Knew Servo(back_left_lower)\x1b[m\x1b[K;\n'}
[12.099845] (quadruped_control) StderrLine: {'line': b'      |                                 \x1b[01;31m\x1b[K^~~~~~~~~~~~~~~~~~~~~~~~~~\x1b[m\x1b[K\n'}
[12.100035] (quadruped_control) StderrLine: {'line': b'      |                                 \x1b[01;31m\x1b[K|\x1b[m\x1b[K\n'}
[12.100218] (quadruped_control) StderrLine: {'line': b'      |                                 \x1b[01;31m\x1b[KServo*\x1b[m\x1b[K\n'}
[12.100458] (quadruped_control) StderrLine: {'line': b'In file included from \x1b[01m\x1b[K/home/jonnydang2004/QUADRAPED/src/quadruped_control/src/motor_config.cpp:7\x1b[m\x1b[K:\n'}
[12.100641] (quadruped_control) StderrLine: {'line': b'\x1b[01m\x1b[K/home/jonnydang2004/QUADRAPED/src/quadruped_control/src/servo.h:7:19:\x1b[m\x1b[K \x1b[01;36m\x1b[Knote: \x1b[m\x1b[K  initializing argument 1 of \xe2\x80\x98\x1b[01m\x1b[KServo::Servo(uint8_t)\x1b[m\x1b[K\xe2\x80\x99\n'}
[12.100822] (quadruped_control) StderrLine: {'line': b'    7 |     Servo(\x1b[01;36m\x1b[Kuint8_t gp\x1b[m\x1b[K);\n'}
[12.101001] (quadruped_control) StderrLine: {'line': b'      |           \x1b[01;36m\x1b[K~~~~~~~~^~\x1b[m\x1b[K\n'}
[12.101178] (quadruped_control) StderrLine: {'line': b'\x1b[01m\x1b[K/home/jonnydang2004/QUADRAPED/src/quadruped_control/src/motor_config.cpp:57:60:\x1b[m\x1b[K \x1b[01;31m\x1b[Kerror: \x1b[m\x1b[Kambiguous overload for \xe2\x80\x98\x1b[01m\x1b[Koperator=\x1b[m\x1b[K\xe2\x80\x99 (operand types are \xe2\x80\x98\x1b[01m\x1b[KServo\x1b[m\x1b[K\xe2\x80\x99 and \xe2\x80\x98\x1b[01m\x1b[KServo*\x1b[m\x1b[K\xe2\x80\x99)\n'}
[12.101437] (quadruped_control) StderrLine: {'line': b'   57 |         back_right_upper_servo = new Servo(back_right_upper\x1b[01;31m\x1b[K)\x1b[m\x1b[K;\n'}
[12.101623] (quadruped_control) StderrLine: {'line': b'      |                                                            \x1b[01;31m\x1b[K^\x1b[m\x1b[K\n'}
[12.101856] (quadruped_control) StderrLine: {'line': b'In file included from \x1b[01m\x1b[K/home/jonnydang2004/QUADRAPED/src/quadruped_control/src/motor_config.cpp:7\x1b[m\x1b[K:\n'}
[12.102009] (quadruped_control) StderrLine: {'line': b'\x1b[01m\x1b[K/home/jonnydang2004/QUADRAPED/src/quadruped_control/src/servo.h:5:7:\x1b[m\x1b[K \x1b[01;36m\x1b[Knote: \x1b[m\x1b[Kcandidate: \xe2\x80\x98\x1b[01m\x1b[Kconstexpr Servo& Servo::operator=(const Servo&)\x1b[m\x1b[K\xe2\x80\x99 (near match)\n'}
[12.102155] (quadruped_control) StderrLine: {'line': b'    5 | class \x1b[01;36m\x1b[KServo\x1b[m\x1b[K {\n'}
[12.102448] (quadruped_control) StderrLine: {'line': b'      |       \x1b[01;36m\x1b[K^~~~~\x1b[m\x1b[K\n'}
[12.102611] (quadruped_control) StderrLine: {'line': b'\x1b[01m\x1b[K/home/jonnydang2004/QUADRAPED/src/quadruped_control/src/servo.h:5:7:\x1b[m\x1b[K \x1b[01;36m\x1b[Knote: \x1b[m\x1b[K  conversion of argument 1 would be ill-formed:\n'}
[12.102766] (quadruped_control) StderrLine: {'line': b'\x1b[01m\x1b[K/home/jonnydang2004/QUADRAPED/src/quadruped_control/src/motor_config.cpp:57:34:\x1b[m\x1b[K \x1b[01;31m\x1b[Kerror: \x1b[m\x1b[Kinvalid user-defined conversion from \xe2\x80\x98\x1b[01m\x1b[KServo*\x1b[m\x1b[K\xe2\x80\x99 to \xe2\x80\x98\x1b[01m\x1b[Kconst Servo&\x1b[m\x1b[K\xe2\x80\x99 [\x1b[01;31m\x1b[K\x1b]8;;https://gcc.gnu.org/onlinedocs/gcc/Warning-Options.html#index-fpermissive\x07-fpermissive\x1b]8;;\x07\x1b[m\x1b[K]\n'}
[12.102922] (quadruped_control) StderrLine: {'line': b'   57 |         back_right_upper_servo = \x1b[01;31m\x1b[Knew Servo(back_right_upper)\x1b[m\x1b[K;\n'}
[12.103092] (quadruped_control) StderrLine: {'line': b'      |                                  \x1b[01;31m\x1b[K^~~~~~~~~~~~~~~~~~~~~~~~~~~\x1b[m\x1b[K\n'}
[12.103234] (quadruped_control) StderrLine: {'line': b'In file included from \x1b[01m\x1b[K/home/jonnydang2004/QUADRAPED/src/quadruped_control/src/motor_config.cpp:7\x1b[m\x1b[K:\n'}
[12.103517] (quadruped_control) StderrLine: {'line': b'\x1b[01m\x1b[K/home/jonnydang2004/QUADRAPED/src/quadruped_control/src/servo.h:7:5:\x1b[m\x1b[K \x1b[01;36m\x1b[Knote: \x1b[m\x1b[Kcandidate is: \xe2\x80\x98\x1b[01m\x1b[KServo::Servo(uint8_t)\x1b[m\x1b[K\xe2\x80\x99 (near match)\n'}
[12.103718] (quadruped_control) StderrLine: {'line': b'    7 |     \x1b[01;36m\x1b[KServo\x1b[m\x1b[K(uint8_t gp);\n'}
[12.103872] (quadruped_control) StderrLine: {'line': b'      |     \x1b[01;36m\x1b[K^~~~~\x1b[m\x1b[K\n'}
[12.104011] (quadruped_control) StderrLine: {'line': b'\x1b[01m\x1b[K/home/jonnydang2004/QUADRAPED/src/quadruped_control/src/servo.h:7:5:\x1b[m\x1b[K \x1b[01;36m\x1b[Knote: \x1b[m\x1b[K  conversion of argument 1 would be ill-formed:\n'}
[12.104164] (quadruped_control) StderrLine: {'line': b'\x1b[01m\x1b[K/home/jonnydang2004/QUADRAPED/src/quadruped_control/src/motor_config.cpp:57:34:\x1b[m\x1b[K \x1b[01;31m\x1b[Kerror: \x1b[m\x1b[Kinvalid conversion from \xe2\x80\x98\x1b[01m\x1b[KServo*\x1b[m\x1b[K\xe2\x80\x99 to \xe2\x80\x98\x1b[01m\x1b[Kuint8_t\x1b[m\x1b[K\xe2\x80\x99 {aka \xe2\x80\x98\x1b[01m\x1b[Kunsigned char\x1b[m\x1b[K\xe2\x80\x99} [\x1b[01;31m\x1b[K\x1b]8;;https://gcc.gnu.org/onlinedocs/gcc/Warning-Options.html#index-fpermissive\x07-fpermissive\x1b]8;;\x07\x1b[m\x1b[K]\n'}
[12.104599] (quadruped_control) StderrLine: {'line': b'   57 |         back_right_upper_servo = \x1b[01;31m\x1b[Knew Servo(back_right_upper)\x1b[m\x1b[K;\n'}
[12.104774] (quadruped_control) StderrLine: {'line': b'      |                                  \x1b[01;31m\x1b[K^~~~~~~~~~~~~~~~~~~~~~~~~~~\x1b[m\x1b[K\n'}
[12.104917] (quadruped_control) StderrLine: {'line': b'      |                                  \x1b[01;31m\x1b[K|\x1b[m\x1b[K\n'}
[12.105053] (quadruped_control) StderrLine: {'line': b'      |                                  \x1b[01;31m\x1b[KServo*\x1b[m\x1b[K\n'}
[12.105186] (quadruped_control) StderrLine: {'line': b'\x1b[01m\x1b[K/home/jonnydang2004/QUADRAPED/src/quadruped_control/src/motor_config.cpp:57:34:\x1b[m\x1b[K \x1b[01;31m\x1b[Kerror: \x1b[m\x1b[Kinvalid conversion from \xe2\x80\x98\x1b[01m\x1b[KServo*\x1b[m\x1b[K\xe2\x80\x99 to \xe2\x80\x98\x1b[01m\x1b[Kuint8_t\x1b[m\x1b[K\xe2\x80\x99 {aka \xe2\x80\x98\x1b[01m\x1b[Kunsigned char\x1b[m\x1b[K\xe2\x80\x99} [\x1b[01;31m\x1b[K\x1b]8;;https://gcc.gnu.org/onlinedocs/gcc/Warning-Options.html#index-fpermissive\x07-fpermissive\x1b]8;;\x07\x1b[m\x1b[K]\n'}
[12.105451] (quadruped_control) StderrLine: {'line': b'   57 |         back_right_upper_servo = \x1b[01;31m\x1b[Knew Servo(back_right_upper)\x1b[m\x1b[K;\n'}
[12.105598] (quadruped_control) StderrLine: {'line': b'      |                                  \x1b[01;31m\x1b[K^~~~~~~~~~~~~~~~~~~~~~~~~~~\x1b[m\x1b[K\n'}
[12.105735] (quadruped_control) StderrLine: {'line': b'      |                                  \x1b[01;31m\x1b[K|\x1b[m\x1b[K\n'}
[12.105869] (quadruped_control) StderrLine: {'line': b'      |                                  \x1b[01;31m\x1b[KServo*\x1b[m\x1b[K\n'}
[12.106029] (quadruped_control) StderrLine: {'line': b'In file included from \x1b[01m\x1b[K/home/jonnydang2004/QUADRAPED/src/quadruped_control/src/motor_config.cpp:7\x1b[m\x1b[K:\n'}
[12.106176] (quadruped_control) StderrLine: {'line': b'\x1b[01m\x1b[K/home/jonnydang2004/QUADRAPED/src/quadruped_control/src/servo.h:7:19:\x1b[m\x1b[K \x1b[01;36m\x1b[Knote: \x1b[m\x1b[K  initializing argument 1 of \xe2\x80\x98\x1b[01m\x1b[KServo::Servo(uint8_t)\x1b[m\x1b[K\xe2\x80\x99\n'}
[12.106646] (quadruped_control) StderrLine: {'line': b'    7 |     Servo(\x1b[01;36m\x1b[Kuint8_t gp\x1b[m\x1b[K);\n'}
[12.106895] (quadruped_control) StderrLine: {'line': b'      |           \x1b[01;36m\x1b[K~~~~~~~~^~\x1b[m\x1b[K\n'}
[12.107080] (quadruped_control) StderrLine: {'line': b'\x1b[01m\x1b[K/home/jonnydang2004/QUADRAPED/src/quadruped_control/src/servo.h:5:7:\x1b[m\x1b[K \x1b[01;36m\x1b[Knote: \x1b[m\x1b[Kcandidate: \xe2\x80\x98\x1b[01m\x1b[Kconstexpr Servo& Servo::operator=(Servo&&)\x1b[m\x1b[K\xe2\x80\x99 (near match)\n'}
[12.107249] (quadruped_control) StderrLine: {'line': b'    5 | class \x1b[01;36m\x1b[KServo\x1b[m\x1b[K {\n'}
[12.107414] (quadruped_control) StderrLine: {'line': b'      |       \x1b[01;36m\x1b[K^~~~~\x1b[m\x1b[K\n'}
[12.107566] (quadruped_control) StderrLine: {'line': b'\x1b[01m\x1b[K/home/jonnydang2004/QUADRAPED/src/quadruped_control/src/servo.h:5:7:\x1b[m\x1b[K \x1b[01;36m\x1b[Knote: \x1b[m\x1b[K  conversion of argument 1 would be ill-formed:\n'}
[12.107716] (quadruped_control) StderrLine: {'line': b'\x1b[01m\x1b[K/home/jonnydang2004/QUADRAPED/src/quadruped_control/src/motor_config.cpp:57:34:\x1b[m\x1b[K \x1b[01;31m\x1b[Kerror: \x1b[m\x1b[Kinvalid user-defined conversion from \xe2\x80\x98\x1b[01m\x1b[KServo*\x1b[m\x1b[K\xe2\x80\x99 to \xe2\x80\x98\x1b[01m\x1b[KServo&&\x1b[m\x1b[K\xe2\x80\x99 [\x1b[01;31m\x1b[K\x1b]8;;https://gcc.gnu.org/onlinedocs/gcc/Warning-Options.html#index-fpermissive\x07-fpermissive\x1b]8;;\x07\x1b[m\x1b[K]\n'}
[12.108215] (quadruped_control) StderrLine: {'line': b'   57 |         back_right_upper_servo = \x1b[01;31m\x1b[Knew Servo(back_right_upper)\x1b[m\x1b[K;\n'}
[12.108448] (quadruped_control) StderrLine: {'line': b'      |                                  \x1b[01;31m\x1b[K^~~~~~~~~~~~~~~~~~~~~~~~~~~\x1b[m\x1b[K\n'}
[12.108643] (quadruped_control) StderrLine: {'line': b'In file included from \x1b[01m\x1b[K/home/jonnydang2004/QUADRAPED/src/quadruped_control/src/motor_config.cpp:7\x1b[m\x1b[K:\n'}
[12.108873] (quadruped_control) StderrLine: {'line': b'\x1b[01m\x1b[K/home/jonnydang2004/QUADRAPED/src/quadruped_control/src/servo.h:7:5:\x1b[m\x1b[K \x1b[01;36m\x1b[Knote: \x1b[m\x1b[Kcandidate is: \xe2\x80\x98\x1b[01m\x1b[KServo::Servo(uint8_t)\x1b[m\x1b[K\xe2\x80\x99 (near match)\n'}
[12.109069] (quadruped_control) StderrLine: {'line': b'    7 |     \x1b[01;36m\x1b[KServo\x1b[m\x1b[K(uint8_t gp);\n'}
[12.109229] (quadruped_control) StderrLine: {'line': b'      |     \x1b[01;36m\x1b[K^~~~~\x1b[m\x1b[K\n'}
[12.109406] (quadruped_control) StderrLine: {'line': b'\x1b[01m\x1b[K/home/jonnydang2004/QUADRAPED/src/quadruped_control/src/servo.h:7:5:\x1b[m\x1b[K \x1b[01;36m\x1b[Knote: \x1b[m\x1b[K  conversion of argument 1 would be ill-formed:\n'}
[12.109617] (quadruped_control) StderrLine: {'line': b'\x1b[01m\x1b[K/home/jonnydang2004/QUADRAPED/src/quadruped_control/src/motor_config.cpp:57:34:\x1b[m\x1b[K \x1b[01;31m\x1b[Kerror: \x1b[m\x1b[Kinvalid conversion from \xe2\x80\x98\x1b[01m\x1b[KServo*\x1b[m\x1b[K\xe2\x80\x99 to \xe2\x80\x98\x1b[01m\x1b[Kuint8_t\x1b[m\x1b[K\xe2\x80\x99 {aka \xe2\x80\x98\x1b[01m\x1b[Kunsigned char\x1b[m\x1b[K\xe2\x80\x99} [\x1b[01;31m\x1b[K\x1b]8;;https://gcc.gnu.org/onlinedocs/gcc/Warning-Options.html#index-fpermissive\x07-fpermissive\x1b]8;;\x07\x1b[m\x1b[K]\n'}
[12.109813] (quadruped_control) StderrLine: {'line': b'   57 |         back_right_upper_servo = \x1b[01;31m\x1b[Knew Servo(back_right_upper)\x1b[m\x1b[K;\n'}
[12.110044] (quadruped_control) StderrLine: {'line': b'      |                                  \x1b[01;31m\x1b[K^~~~~~~~~~~~~~~~~~~~~~~~~~~\x1b[m\x1b[K\n'}
[12.110224] (quadruped_control) StderrLine: {'line': b'      |                                  \x1b[01;31m\x1b[K|\x1b[m\x1b[K\n'}
[12.110410] (quadruped_control) StderrLine: {'line': b'      |                                  \x1b[01;31m\x1b[KServo*\x1b[m\x1b[K\n'}
[12.110618] (quadruped_control) StderrLine: {'line': b'\x1b[01m\x1b[K/home/jonnydang2004/QUADRAPED/src/quadruped_control/src/motor_config.cpp:57:34:\x1b[m\x1b[K \x1b[01;31m\x1b[Kerror: \x1b[m\x1b[Kinvalid conversion from \xe2\x80\x98\x1b[01m\x1b[KServo*\x1b[m\x1b[K\xe2\x80\x99 to \xe2\x80\x98\x1b[01m\x1b[Kuint8_t\x1b[m\x1b[K\xe2\x80\x99 {aka \xe2\x80\x98\x1b[01m\x1b[Kunsigned char\x1b[m\x1b[K\xe2\x80\x99} [\x1b[01;31m\x1b[K\x1b]8;;https://gcc.gnu.org/onlinedocs/gcc/Warning-Options.html#index-fpermissive\x07-fpermissive\x1b]8;;\x07\x1b[m\x1b[K]\n'}
[12.110865] (quadruped_control) StderrLine: {'line': b'   57 |         back_right_upper_servo = \x1b[01;31m\x1b[Knew Servo(back_right_upper)\x1b[m\x1b[K;\n'}
[12.111064] (quadruped_control) StderrLine: {'line': b'      |                                  \x1b[01;31m\x1b[K^~~~~~~~~~~~~~~~~~~~~~~~~~~\x1b[m\x1b[K\n'}
[12.111285] (quadruped_control) StderrLine: {'line': b'      |                                  \x1b[01;31m\x1b[K|\x1b[m\x1b[K\n'}
[12.111477] (quadruped_control) StderrLine: {'line': b'      |                                  \x1b[01;31m\x1b[KServo*\x1b[m\x1b[K\n'}
[12.111652] (quadruped_control) StderrLine: {'line': b'In file included from \x1b[01m\x1b[K/home/jonnydang2004/QUADRAPED/src/quadruped_control/src/motor_config.cpp:7\x1b[m\x1b[K:\n'}
[12.111870] (quadruped_control) StderrLine: {'line': b'\x1b[01m\x1b[K/home/jonnydang2004/QUADRAPED/src/quadruped_control/src/servo.h:7:19:\x1b[m\x1b[K \x1b[01;36m\x1b[Knote: \x1b[m\x1b[K  initializing argument 1 of \xe2\x80\x98\x1b[01m\x1b[KServo::Servo(uint8_t)\x1b[m\x1b[K\xe2\x80\x99\n'}
[12.112089] (quadruped_control) StderrLine: {'line': b'    7 |     Servo(\x1b[01;36m\x1b[Kuint8_t gp\x1b[m\x1b[K);\n'}
[12.112264] (quadruped_control) StderrLine: {'line': b'      |           \x1b[01;36m\x1b[K~~~~~~~~^~\x1b[m\x1b[K\n'}
[12.112437] (quadruped_control) StderrLine: {'line': b'\x1b[01m\x1b[K/home/jonnydang2004/QUADRAPED/src/quadruped_control/src/motor_config.cpp:58:60:\x1b[m\x1b[K \x1b[01;31m\x1b[Kerror: \x1b[m\x1b[Kambiguous overload for \xe2\x80\x98\x1b[01m\x1b[Koperator=\x1b[m\x1b[K\xe2\x80\x99 (operand types are \xe2\x80\x98\x1b[01m\x1b[KServo\x1b[m\x1b[K\xe2\x80\x99 and \xe2\x80\x98\x1b[01m\x1b[KServo*\x1b[m\x1b[K\xe2\x80\x99)\n'}
[12.112623] (quadruped_control) StderrLine: {'line': b'   58 |         back_right_lower_servo = new Servo(back_right_lower\x1b[01;31m\x1b[K)\x1b[m\x1b[K;\n'}
[12.112806] (quadruped_control) StderrLine: {'line': b'      |                                                            \x1b[01;31m\x1b[K^\x1b[m\x1b[K\n'}
[12.113063] (quadruped_control) StderrLine: {'line': b'In file included from \x1b[01m\x1b[K/home/jonnydang2004/QUADRAPED/src/quadruped_control/src/motor_config.cpp:7\x1b[m\x1b[K:\n'}
[12.113241] (quadruped_control) StderrLine: {'line': b'\x1b[01m\x1b[K/home/jonnydang2004/QUADRAPED/src/quadruped_control/src/servo.h:5:7:\x1b[m\x1b[K \x1b[01;36m\x1b[Knote: \x1b[m\x1b[Kcandidate: \xe2\x80\x98\x1b[01m\x1b[Kconstexpr Servo& Servo::operator=(const Servo&)\x1b[m\x1b[K\xe2\x80\x99 (near match)\n'}
[12.113428] (quadruped_control) StderrLine: {'line': b'    5 | class \x1b[01;36m\x1b[KServo\x1b[m\x1b[K {\n'}
[12.113591] (quadruped_control) StderrLine: {'line': b'      |       \x1b[01;36m\x1b[K^~~~~\x1b[m\x1b[K\n'}
[12.113771] (quadruped_control) StderrLine: {'line': b'\x1b[01m\x1b[K/home/jonnydang2004/QUADRAPED/src/quadruped_control/src/servo.h:5:7:\x1b[m\x1b[K \x1b[01;36m\x1b[Knote: \x1b[m\x1b[K  conversion of argument 1 would be ill-formed:\n'}
[12.114024] (quadruped_control) StderrLine: {'line': b'\x1b[01m\x1b[K/home/jonnydang2004/QUADRAPED/src/quadruped_control/src/motor_config.cpp:58:34:\x1b[m\x1b[K \x1b[01;31m\x1b[Kerror: \x1b[m\x1b[Kinvalid user-defined conversion from \xe2\x80\x98\x1b[01m\x1b[KServo*\x1b[m\x1b[K\xe2\x80\x99 to \xe2\x80\x98\x1b[01m\x1b[Kconst Servo&\x1b[m\x1b[K\xe2\x80\x99 [\x1b[01;31m\x1b[K\x1b]8;;https://gcc.gnu.org/onlinedocs/gcc/Warning-Options.html#index-fpermissive\x07-fpermissive\x1b]8;;\x07\x1b[m\x1b[K]\n'}
[12.114205] (quadruped_control) StderrLine: {'line': b'   58 |         back_right_lower_servo = \x1b[01;31m\x1b[Knew Servo(back_right_lower)\x1b[m\x1b[K;\n'}
[12.114351] (quadruped_control) StderrLine: {'line': b'      |                                  \x1b[01;31m\x1b[K^~~~~~~~~~~~~~~~~~~~~~~~~~~\x1b[m\x1b[K\n'}
[12.114490] (quadruped_control) StderrLine: {'line': b'In file included from \x1b[01m\x1b[K/home/jonnydang2004/QUADRAPED/src/quadruped_control/src/motor_config.cpp:7\x1b[m\x1b[K:\n'}
[12.114623] (quadruped_control) StderrLine: {'line': b'\x1b[01m\x1b[K/home/jonnydang2004/QUADRAPED/src/quadruped_control/src/servo.h:7:5:\x1b[m\x1b[K \x1b[01;36m\x1b[Knote: \x1b[m\x1b[Kcandidate is: \xe2\x80\x98\x1b[01m\x1b[KServo::Servo(uint8_t)\x1b[m\x1b[K\xe2\x80\x99 (near match)\n'}
[12.114773] (quadruped_control) StderrLine: {'line': b'    7 |     \x1b[01;36m\x1b[KServo\x1b[m\x1b[K(uint8_t gp);\n'}
[12.115059] (quadruped_control) StderrLine: {'line': b'      |     \x1b[01;36m\x1b[K^~~~~\x1b[m\x1b[K\n'}
[12.115295] (quadruped_control) StderrLine: {'line': b'\x1b[01m\x1b[K/home/jonnydang2004/QUADRAPED/src/quadruped_control/src/servo.h:7:5:\x1b[m\x1b[K \x1b[01;36m\x1b[Knote: \x1b[m\x1b[K  conversion of argument 1 would be ill-formed:\n'}
[12.115496] (quadruped_control) StderrLine: {'line': b'\x1b[01m\x1b[K/home/jonnydang2004/QUADRAPED/src/quadruped_control/src/motor_config.cpp:58:34:\x1b[m\x1b[K \x1b[01;31m\x1b[Kerror: \x1b[m\x1b[Kinvalid conversion from \xe2\x80\x98\x1b[01m\x1b[KServo*\x1b[m\x1b[K\xe2\x80\x99 to \xe2\x80\x98\x1b[01m\x1b[Kuint8_t\x1b[m\x1b[K\xe2\x80\x99 {aka \xe2\x80\x98\x1b[01m\x1b[Kunsigned char\x1b[m\x1b[K\xe2\x80\x99} [\x1b[01;31m\x1b[K\x1b]8;;https://gcc.gnu.org/onlinedocs/gcc/Warning-Options.html#index-fpermissive\x07-fpermissive\x1b]8;;\x07\x1b[m\x1b[K]\n'}
[12.115706] (quadruped_control) StderrLine: {'line': b'   58 |         back_right_lower_servo = \x1b[01;31m\x1b[Knew Servo(back_right_lower)\x1b[m\x1b[K;\n'}
[12.115974] (quadruped_control) StderrLine: {'line': b'      |                                  \x1b[01;31m\x1b[K^~~~~~~~~~~~~~~~~~~~~~~~~~~\x1b[m\x1b[K\n'}
[12.116244] (quadruped_control) StderrLine: {'line': b'      |                                  \x1b[01;31m\x1b[K|\x1b[m\x1b[K\n'}
[12.116498] (quadruped_control) StderrLine: {'line': b'      |                                  \x1b[01;31m\x1b[KServo*\x1b[m\x1b[K\n'}
[12.116796] (quadruped_control) StderrLine: {'line': b'\x1b[01m\x1b[K/home/jonnydang2004/QUADRAPED/src/quadruped_control/src/motor_config.cpp:58:34:\x1b[m\x1b[K \x1b[01;31m\x1b[Kerror: \x1b[m\x1b[Kinvalid conversion from \xe2\x80\x98\x1b[01m\x1b[KServo*\x1b[m\x1b[K\xe2\x80\x99 to \xe2\x80\x98\x1b[01m\x1b[Kuint8_t\x1b[m\x1b[K\xe2\x80\x99 {aka \xe2\x80\x98\x1b[01m\x1b[Kunsigned char\x1b[m\x1b[K\xe2\x80\x99} [\x1b[01;31m\x1b[K\x1b]8;;https://gcc.gnu.org/onlinedocs/gcc/Warning-Options.html#index-fpermissive\x07-fpermissive\x1b]8;;\x07\x1b[m\x1b[K]\n'}
[12.117155] (quadruped_control) StderrLine: {'line': b'   58 |         back_right_lower_servo = \x1b[01;31m\x1b[Knew Servo(back_right_lower)\x1b[m\x1b[K;\n'}
[12.117460] (quadruped_control) StderrLine: {'line': b'      |                                  \x1b[01;31m\x1b[K^~~~~~~~~~~~~~~~~~~~~~~~~~~\x1b[m\x1b[K\n'}
[12.117742] (quadruped_control) StderrLine: {'line': b'      |                                  \x1b[01;31m\x1b[K|\x1b[m\x1b[K\n'}
[12.118104] (quadruped_control) StderrLine: {'line': b'      |                                  \x1b[01;31m\x1b[KServo*\x1b[m\x1b[K\n'}
[12.118323] (quadruped_control) StderrLine: {'line': b'In file included from \x1b[01m\x1b[K/home/jonnydang2004/QUADRAPED/src/quadruped_control/src/motor_config.cpp:7\x1b[m\x1b[K:\n'}
[12.118557] (quadruped_control) StderrLine: {'line': b'\x1b[01m\x1b[K/home/jonnydang2004/QUADRAPED/src/quadruped_control/src/servo.h:7:19:\x1b[m\x1b[K \x1b[01;36m\x1b[Knote: \x1b[m\x1b[K  initializing argument 1 of \xe2\x80\x98\x1b[01m\x1b[KServo::Servo(uint8_t)\x1b[m\x1b[K\xe2\x80\x99\n'}
[12.118776] (quadruped_control) StderrLine: {'line': b'    7 |     Servo(\x1b[01;36m\x1b[Kuint8_t gp\x1b[m\x1b[K);\n'}
[12.119030] (quadruped_control) StderrLine: {'line': b'      |           \x1b[01;36m\x1b[K~~~~~~~~^~\x1b[m\x1b[K\n'}
[12.119233] (quadruped_control) StderrLine: {'line': b'\x1b[01m\x1b[K/home/jonnydang2004/QUADRAPED/src/quadruped_control/src/servo.h:5:7:\x1b[m\x1b[K \x1b[01;36m\x1b[Knote: \x1b[m\x1b[Kcandidate: \xe2\x80\x98\x1b[01m\x1b[Kconstexpr Servo& Servo::operator=(Servo&&)\x1b[m\x1b[K\xe2\x80\x99 (near match)\n'}
[12.119448] (quadruped_control) StderrLine: {'line': b'    5 | class \x1b[01;36m\x1b[KServo\x1b[m\x1b[K {\n'}
[12.119655] (quadruped_control) StderrLine: {'line': b'      |       \x1b[01;36m\x1b[K^~~~~\x1b[m\x1b[K\n'}
[12.119897] (quadruped_control) StderrLine: {'line': b'\x1b[01m\x1b[K/home/jonnydang2004/QUADRAPED/src/quadruped_control/src/servo.h:5:7:\x1b[m\x1b[K \x1b[01;36m\x1b[Knote: \x1b[m\x1b[K  conversion of argument 1 would be ill-formed:\n'}
[12.120161] (quadruped_control) StderrLine: {'line': b'\x1b[01m\x1b[K/home/jonnydang2004/QUADRAPED/src/quadruped_control/src/motor_config.cpp:58:34:\x1b[m\x1b[K \x1b[01;31m\x1b[Kerror: \x1b[m\x1b[Kinvalid user-defined conversion from \xe2\x80\x98\x1b[01m\x1b[KServo*\x1b[m\x1b[K\xe2\x80\x99 to \xe2\x80\x98\x1b[01m\x1b[KServo&&\x1b[m\x1b[K\xe2\x80\x99 [\x1b[01;31m\x1b[K\x1b]8;;https://gcc.gnu.org/onlinedocs/gcc/Warning-Options.html#index-fpermissive\x07-fpermissive\x1b]8;;\x07\x1b[m\x1b[K]\n'}
[12.120417] (quadruped_control) StderrLine: {'line': b'   58 |         back_right_lower_servo = \x1b[01;31m\x1b[Knew Servo(back_right_lower)\x1b[m\x1b[K;\n'}
[12.120640] (quadruped_control) StderrLine: {'line': b'      |                                  \x1b[01;31m\x1b[K^~~~~~~~~~~~~~~~~~~~~~~~~~~\x1b[m\x1b[K\n'}
[12.120897] (quadruped_control) StderrLine: {'line': b'In file included from \x1b[01m\x1b[K/home/jonnydang2004/QUADRAPED/src/quadruped_control/src/motor_config.cpp:7\x1b[m\x1b[K:\n'}
[12.121122] (quadruped_control) StderrLine: {'line': b'\x1b[01m\x1b[K/home/jonnydang2004/QUADRAPED/src/quadruped_control/src/servo.h:7:5:\x1b[m\x1b[K \x1b[01;36m\x1b[Knote: \x1b[m\x1b[Kcandidate is: \xe2\x80\x98\x1b[01m\x1b[KServo::Servo(uint8_t)\x1b[m\x1b[K\xe2\x80\x99 (near match)\n'}
[12.121332] (quadruped_control) StderrLine: {'line': b'    7 |     \x1b[01;36m\x1b[KServo\x1b[m\x1b[K(uint8_t gp);\n'}
[12.121518] (quadruped_control) StderrLine: {'line': b'      |     \x1b[01;36m\x1b[K^~~~~\x1b[m\x1b[K\n'}
[12.121708] (quadruped_control) StderrLine: {'line': b'\x1b[01m\x1b[K/home/jonnydang2004/QUADRAPED/src/quadruped_control/src/servo.h:7:5:\x1b[m\x1b[K \x1b[01;36m\x1b[Knote: \x1b[m\x1b[K  conversion of argument 1 would be ill-formed:\n'}
[12.121958] (quadruped_control) StderrLine: {'line': b'\x1b[01m\x1b[K/home/jonnydang2004/QUADRAPED/src/quadruped_control/src/motor_config.cpp:58:34:\x1b[m\x1b[K \x1b[01;31m\x1b[Kerror: \x1b[m\x1b[Kinvalid conversion from \xe2\x80\x98\x1b[01m\x1b[KServo*\x1b[m\x1b[K\xe2\x80\x99 to \xe2\x80\x98\x1b[01m\x1b[Kuint8_t\x1b[m\x1b[K\xe2\x80\x99 {aka \xe2\x80\x98\x1b[01m\x1b[Kunsigned char\x1b[m\x1b[K\xe2\x80\x99} [\x1b[01;31m\x1b[K\x1b]8;;https://gcc.gnu.org/onlinedocs/gcc/Warning-Options.html#index-fpermissive\x07-fpermissive\x1b]8;;\x07\x1b[m\x1b[K]\n'}
[12.122187] (quadruped_control) StderrLine: {'line': b'   58 |         back_right_lower_servo = \x1b[01;31m\x1b[Knew Servo(back_right_lower)\x1b[m\x1b[K;\n'}
[12.123334] (quadruped_control) StderrLine: {'line': b'      |                                  \x1b[01;31m\x1b[K^~~~~~~~~~~~~~~~~~~~~~~~~~~\x1b[m\x1b[K\n'}
[12.123530] (quadruped_control) StderrLine: {'line': b'      |                                  \x1b[01;31m\x1b[K|\x1b[m\x1b[K\n'}
[12.123681] (quadruped_control) StderrLine: {'line': b'      |                                  \x1b[01;31m\x1b[KServo*\x1b[m\x1b[K\n'}
[12.124711] (quadruped_control) StderrLine: {'line': b'\x1b[01m\x1b[K/home/jonnydang2004/QUADRAPED/src/quadruped_control/src/motor_config.cpp:58:34:\x1b[m\x1b[K \x1b[01;31m\x1b[Kerror: \x1b[m\x1b[Kinvalid conversion from \xe2\x80\x98\x1b[01m\x1b[KServo*\x1b[m\x1b[K\xe2\x80\x99 to \xe2\x80\x98\x1b[01m\x1b[Kuint8_t\x1b[m\x1b[K\xe2\x80\x99 {aka \xe2\x80\x98\x1b[01m\x1b[Kunsigned char\x1b[m\x1b[K\xe2\x80\x99} [\x1b[01;31m\x1b[K\x1b]8;;https://gcc.gnu.org/onlinedocs/gcc/Warning-Options.html#index-fpermissive\x07-fpermissive\x1b]8;;\x07\x1b[m\x1b[K]\n'}
[12.125104] (quadruped_control) StderrLine: {'line': b'   58 |         back_right_lower_servo = \x1b[01;31m\x1b[Knew Servo(back_right_lower)\x1b[m\x1b[K;\n'}
[12.125309] (quadruped_control) StderrLine: {'line': b'      |                                  \x1b[01;31m\x1b[K^~~~~~~~~~~~~~~~~~~~~~~~~~~\x1b[m\x1b[K\n'}
[12.125493] (quadruped_control) StderrLine: {'line': b'      |                                  \x1b[01;31m\x1b[K|\x1b[m\x1b[K\n'}
[12.125685] (quadruped_control) StderrLine: {'line': b'      |                                  \x1b[01;31m\x1b[KServo*\x1b[m\x1b[K\n'}
[12.126077] (quadruped_control) StderrLine: {'line': b'In file included from \x1b[01m\x1b[K/home/jonnydang2004/QUADRAPED/src/quadruped_control/src/motor_config.cpp:7\x1b[m\x1b[K:\n'}
[12.126284] (quadruped_control) StderrLine: {'line': b'\x1b[01m\x1b[K/home/jonnydang2004/QUADRAPED/src/quadruped_control/src/servo.h:7:19:\x1b[m\x1b[K \x1b[01;36m\x1b[Knote: \x1b[m\x1b[K  initializing argument 1 of \xe2\x80\x98\x1b[01m\x1b[KServo::Servo(uint8_t)\x1b[m\x1b[K\xe2\x80\x99\n'}
[12.126457] (quadruped_control) StderrLine: {'line': b'    7 |     Servo(\x1b[01;36m\x1b[Kuint8_t gp\x1b[m\x1b[K);\n'}
[12.126603] (quadruped_control) StderrLine: {'line': b'      |           \x1b[01;36m\x1b[K~~~~~~~~^~\x1b[m\x1b[K\n'}
[12.126741] (quadruped_control) StderrLine: {'line': b'\x1b[01m\x1b[K/home/jonnydang2004/QUADRAPED/src/quadruped_control/src/motor_config.cpp:68:9:\x1b[m\x1b[K \x1b[01;31m\x1b[Kerror: \x1b[m\x1b[K\xe2\x80\x98\x1b[01m\x1b[Ksubscription_angles_\x1b[m\x1b[K\xe2\x80\x99 was not declared in this scope; did you mean \xe2\x80\x98\x1b[01m\x1b[Ksubscription_\x1b[m\x1b[K\xe2\x80\x99?\n'}
[12.127244] (-) TimerEvent: {}
[12.127734] (quadruped_control) StderrLine: {'line': b'   68 |         \x1b[01;31m\x1b[Ksubscription_angles_\x1b[m\x1b[K = this->create_subscription<quadruped_interfaces::msg::Pos>(\n'}
[12.128042] (quadruped_control) StderrLine: {'line': b'      |         \x1b[01;31m\x1b[K^~~~~~~~~~~~~~~~~~~~\x1b[m\x1b[K\n'}
[12.128228] (quadruped_control) StderrLine: {'line': b'      |         \x1b[32m\x1b[Ksubscription_\x1b[m\x1b[K\n'}
[12.128407] (quadruped_control) StderrLine: {'line': b'\x1b[01m\x1b[K/home/jonnydang2004/QUADRAPED/src/quadruped_control/src/motor_config.cpp:69:57:\x1b[m\x1b[K \x1b[01;31m\x1b[Kerror: \x1b[m\x1b[K\xe2\x80\x98\x1b[01m\x1b[Kangles_callback\x1b[m\x1b[K\xe2\x80\x99 is not a member of \xe2\x80\x98\x1b[01m\x1b[KMotorConfig\x1b[m\x1b[K\xe2\x80\x99\n'}
[12.128608] (quadruped_control) StderrLine: {'line': b'   69 |             "joint_angles", 10, std::bind(&MotorConfig::\x1b[01;31m\x1b[Kangles_callback\x1b[m\x1b[K, this, std::placeholders::_1)\n'}
[12.128884] (quadruped_control) StderrLine: {'line': b'      |                                                         \x1b[01;31m\x1b[K^~~~~~~~~~~~~~~\x1b[m\x1b[K\n'}
[12.227458] (-) TimerEvent: {}
[12.327960] (-) TimerEvent: {}
[12.428636] (-) TimerEvent: {}
[12.529540] (-) TimerEvent: {}
[12.630088] (-) TimerEvent: {}
[12.730598] (-) TimerEvent: {}
[12.831262] (-) TimerEvent: {}
[12.931839] (-) TimerEvent: {}
[13.032490] (-) TimerEvent: {}
[13.133101] (-) TimerEvent: {}
[13.233651] (-) TimerEvent: {}
[13.334388] (-) TimerEvent: {}
[13.435474] (-) TimerEvent: {}
[13.535975] (-) TimerEvent: {}
[13.636439] (-) TimerEvent: {}
[13.736929] (-) TimerEvent: {}
[13.837465] (-) TimerEvent: {}
[13.938019] (-) TimerEvent: {}
[14.038551] (-) TimerEvent: {}
[14.139052] (-) TimerEvent: {}
[14.209682] (quadruped_control) StderrLine: {'line': b'In file included from \x1b[01m\x1b[K/usr/include/c++/11/bits/stl_algobase.h:71\x1b[m\x1b[K,\n'}
[14.210555] (quadruped_control) StderrLine: {'line': b'                 from \x1b[01m\x1b[K/usr/include/c++/11/memory:63\x1b[m\x1b[K,\n'}
[14.210797] (quadruped_control) StderrLine: {'line': b'                 from \x1b[01m\x1b[K/opt/ros/iron/include/rclcpp/rclcpp/rclcpp.hpp:165\x1b[m\x1b[K,\n'}
[14.210996] (quadruped_control) StderrLine: {'line': b'                 from \x1b[01m\x1b[K/home/jonnydang2004/QUADRAPED/src/quadruped_control/src/motor_config.cpp:1\x1b[m\x1b[K:\n'}
[14.211181] (quadruped_control) StderrLine: {'line': b'/usr/include/c++/11/bits/predefined_ops.h: In instantiation of \xe2\x80\x98\x1b[01m\x1b[Kbool __gnu_cxx::__ops::_Iter_equals_val<_Value>::operator()(_Iterator) [with _Iterator = __gnu_cxx::__normal_iterator<Servo*, std::vector<Servo> >; _Value = const Servo]\x1b[m\x1b[K\xe2\x80\x99:\n'}
[14.211364] (quadruped_control) StderrLine: {'line': b'\x1b[01m\x1b[K/usr/include/c++/11/bits/stl_algobase.h:2069:14:\x1b[m\x1b[K   required from \xe2\x80\x98\x1b[01m\x1b[K_RandomAccessIterator std::__find_if(_RandomAccessIterator, _RandomAccessIterator, _Predicate, std::random_access_iterator_tag) [with _RandomAccessIterator = __gnu_cxx::__normal_iterator<Servo*, std::vector<Servo> >; _Predicate = __gnu_cxx::__ops::_Iter_equals_val<const Servo>]\x1b[m\x1b[K\xe2\x80\x99\n'}
[14.211650] (quadruped_control) StderrLine: {'line': b'\x1b[01m\x1b[K/usr/include/c++/11/bits/stl_algobase.h:2114:23:\x1b[m\x1b[K   required from \xe2\x80\x98\x1b[01m\x1b[K_Iterator std::__find_if(_Iterator, _Iterator, _Predicate) [with _Iterator = __gnu_cxx::__normal_iterator<Servo*, std::vector<Servo> >; _Predicate = __gnu_cxx::__ops::_Iter_equals_val<const Servo>]\x1b[m\x1b[K\xe2\x80\x99\n'}
[14.211850] (quadruped_control) StderrLine: {'line': b'\x1b[01m\x1b[K/usr/include/c++/11/bits/stl_algo.h:3884:28:\x1b[m\x1b[K   required from \xe2\x80\x98\x1b[01m\x1b[K_IIter std::find(_IIter, _IIter, const _Tp&) [with _IIter = __gnu_cxx::__normal_iterator<Servo*, std::vector<Servo> >; _Tp = Servo]\x1b[m\x1b[K\xe2\x80\x99\n'}
[14.212037] (quadruped_control) StderrLine: {'line': b'\x1b[01m\x1b[K/home/jonnydang2004/QUADRAPED/src/quadruped_control/src/motor_config.cpp:110:22:\x1b[m\x1b[K   required from here\n'}
[14.212223] (quadruped_control) StderrLine: {'line': b'\x1b[01m\x1b[K/usr/include/c++/11/bits/predefined_ops.h:270:24:\x1b[m\x1b[K \x1b[01;31m\x1b[Kerror: \x1b[m\x1b[Kno match for \xe2\x80\x98\x1b[01m\x1b[Koperator==\x1b[m\x1b[K\xe2\x80\x99 (operand types are \xe2\x80\x98\x1b[01m\x1b[KServo\x1b[m\x1b[K\xe2\x80\x99 and \xe2\x80\x98\x1b[01m\x1b[Kconst Servo\x1b[m\x1b[K\xe2\x80\x99)\n'}
[14.212448] (quadruped_control) StderrLine: {'line': b'  270 |         { return \x1b[01;31m\x1b[K*__it == _M_value\x1b[m\x1b[K; }\n'}
[14.212705] (quadruped_control) StderrLine: {'line': b'      |                  \x1b[01;31m\x1b[K~~~~~~^~~~~~~~~~~\x1b[m\x1b[K\n'}
[14.213034] (quadruped_control) StderrLine: {'line': b'In file included from \x1b[01m\x1b[K/usr/include/c++/11/bits/stl_algobase.h:67\x1b[m\x1b[K,\n'}
[14.213264] (quadruped_control) StderrLine: {'line': b'                 from \x1b[01m\x1b[K/usr/include/c++/11/memory:63\x1b[m\x1b[K,\n'}
[14.213463] (quadruped_control) StderrLine: {'line': b'                 from \x1b[01m\x1b[K/opt/ros/iron/include/rclcpp/rclcpp/rclcpp.hpp:165\x1b[m\x1b[K,\n'}
[14.213747] (quadruped_control) StderrLine: {'line': b'                 from \x1b[01m\x1b[K/home/jonnydang2004/QUADRAPED/src/quadruped_control/src/motor_config.cpp:1\x1b[m\x1b[K:\n'}
[14.213951] (quadruped_control) StderrLine: {'line': b'\x1b[01m\x1b[K/usr/include/c++/11/bits/stl_iterator.h:1155:5:\x1b[m\x1b[K \x1b[01;36m\x1b[Knote: \x1b[m\x1b[Kcandidate: \xe2\x80\x98\x1b[01m\x1b[Ktemplate<class _IteratorL, class _IteratorR, class _Container> bool __gnu_cxx::operator==(const __gnu_cxx::__normal_iterator<_IteratorL, _Container>&, const __gnu_cxx::__normal_iterator<_IteratorR, _Container>&)\x1b[m\x1b[K\xe2\x80\x99\n'}
[14.214154] (quadruped_control) StderrLine: {'line': b' 1155 |     \x1b[01;36m\x1b[Koperator\x1b[m\x1b[K==(const __normal_iterator<_IteratorL, _Container>& __lhs,\n'}
[14.214355] (quadruped_control) StderrLine: {'line': b'      |     \x1b[01;36m\x1b[K^~~~~~~~\x1b[m\x1b[K\n'}
[14.214586] (quadruped_control) StderrLine: {'line': b'\x1b[01m\x1b[K/usr/include/c++/11/bits/stl_iterator.h:1155:5:\x1b[m\x1b[K \x1b[01;36m\x1b[Knote: \x1b[m\x1b[K  template argument deduction/substitution failed:\n'}
[14.214793] (quadruped_control) StderrLine: {'line': b'In file included from \x1b[01m\x1b[K/usr/include/c++/11/bits/stl_algobase.h:71\x1b[m\x1b[K,\n'}
[14.214983] (quadruped_control) StderrLine: {'line': b'                 from \x1b[01m\x1b[K/usr/include/c++/11/memory:63\x1b[m\x1b[K,\n'}
[14.215157] (quadruped_control) StderrLine: {'line': b'                 from \x1b[01m\x1b[K/opt/ros/iron/include/rclcpp/rclcpp/rclcpp.hpp:165\x1b[m\x1b[K,\n'}
[14.215320] (quadruped_control) StderrLine: {'line': b'                 from \x1b[01m\x1b[K/home/jonnydang2004/QUADRAPED/src/quadruped_control/src/motor_config.cpp:1\x1b[m\x1b[K:\n'}
[14.215484] (quadruped_control) StderrLine: {'line': b'\x1b[01m\x1b[K/usr/include/c++/11/bits/predefined_ops.h:270:24:\x1b[m\x1b[K \x1b[01;36m\x1b[Knote: \x1b[m\x1b[K  \xe2\x80\x98\x1b[01m\x1b[KServo\x1b[m\x1b[K\xe2\x80\x99 is not derived from \xe2\x80\x98\x1b[01m\x1b[Kconst __gnu_cxx::__normal_iterator<_IteratorL, _Container>\x1b[m\x1b[K\xe2\x80\x99\n'}
[14.215705] (quadruped_control) StderrLine: {'line': b'  270 |         { return \x1b[01;36m\x1b[K*__it == _M_value\x1b[m\x1b[K; }\n'}
[14.215896] (quadruped_control) StderrLine: {'line': b'      |                  \x1b[01;36m\x1b[K~~~~~~^~~~~~~~~~~\x1b[m\x1b[K\n'}
[14.216063] (quadruped_control) StderrLine: {'line': b'In file included from \x1b[01m\x1b[K/usr/include/c++/11/bits/stl_algobase.h:67\x1b[m\x1b[K,\n'}
[14.216230] (quadruped_control) StderrLine: {'line': b'                 from \x1b[01m\x1b[K/usr/include/c++/11/memory:63\x1b[m\x1b[K,\n'}
[14.216404] (quadruped_control) StderrLine: {'line': b'                 from \x1b[01m\x1b[K/opt/ros/iron/include/rclcpp/rclcpp/rclcpp.hpp:165\x1b[m\x1b[K,\n'}
[14.216622] (quadruped_control) StderrLine: {'line': b'                 from \x1b[01m\x1b[K/home/jonnydang2004/QUADRAPED/src/quadruped_control/src/motor_config.cpp:1\x1b[m\x1b[K:\n'}
[14.216801] (quadruped_control) StderrLine: {'line': b'\x1b[01m\x1b[K/usr/include/c++/11/bits/stl_iterator.h:1163:5:\x1b[m\x1b[K \x1b[01;36m\x1b[Knote: \x1b[m\x1b[Kcandidate: \xe2\x80\x98\x1b[01m\x1b[Ktemplate<class _Iterator, class _Container> bool __gnu_cxx::operator==(const __gnu_cxx::__normal_iterator<_Iterator, _Container>&, const __gnu_cxx::__normal_iterator<_Iterator, _Container>&)\x1b[m\x1b[K\xe2\x80\x99\n'}
[14.216978] (quadruped_control) StderrLine: {'line': b' 1163 |     \x1b[01;36m\x1b[Koperator\x1b[m\x1b[K==(const __normal_iterator<_Iterator, _Container>& __lhs,\n'}
[14.217152] (quadruped_control) StderrLine: {'line': b'      |     \x1b[01;36m\x1b[K^~~~~~~~\x1b[m\x1b[K\n'}
[14.217375] (quadruped_control) StderrLine: {'line': b'\x1b[01m\x1b[K/usr/include/c++/11/bits/stl_iterator.h:1163:5:\x1b[m\x1b[K \x1b[01;36m\x1b[Knote: \x1b[m\x1b[K  template argument deduction/substitution failed:\n'}
[14.217585] (quadruped_control) StderrLine: {'line': b'In file included from \x1b[01m\x1b[K/usr/include/c++/11/bits/stl_algobase.h:71\x1b[m\x1b[K,\n'}
[14.217783] (quadruped_control) StderrLine: {'line': b'                 from \x1b[01m\x1b[K/usr/include/c++/11/memory:63\x1b[m\x1b[K,\n'}
[14.217951] (quadruped_control) StderrLine: {'line': b'                 from \x1b[01m\x1b[K/opt/ros/iron/include/rclcpp/rclcpp/rclcpp.hpp:165\x1b[m\x1b[K,\n'}
[14.218127] (quadruped_control) StderrLine: {'line': b'                 from \x1b[01m\x1b[K/home/jonnydang2004/QUADRAPED/src/quadruped_control/src/motor_config.cpp:1\x1b[m\x1b[K:\n'}
[14.218302] (quadruped_control) StderrLine: {'line': b'\x1b[01m\x1b[K/usr/include/c++/11/bits/predefined_ops.h:270:24:\x1b[m\x1b[K \x1b[01;36m\x1b[Knote: \x1b[m\x1b[K  \xe2\x80\x98\x1b[01m\x1b[KServo\x1b[m\x1b[K\xe2\x80\x99 is not derived from \xe2\x80\x98\x1b[01m\x1b[Kconst __gnu_cxx::__normal_iterator<_Iterator, _Container>\x1b[m\x1b[K\xe2\x80\x99\n'}
[14.218473] (quadruped_control) StderrLine: {'line': b'  270 |         { return \x1b[01;36m\x1b[K*__it == _M_value\x1b[m\x1b[K; }\n'}
[14.218778] (quadruped_control) StderrLine: {'line': b'      |                  \x1b[01;36m\x1b[K~~~~~~^~~~~~~~~~~\x1b[m\x1b[K\n'}
[14.239252] (-) TimerEvent: {}
[14.339871] (-) TimerEvent: {}
[14.440406] (-) TimerEvent: {}
[14.541191] (-) TimerEvent: {}
[14.641997] (-) TimerEvent: {}
[14.742528] (-) TimerEvent: {}
[14.843048] (-) TimerEvent: {}
[14.943605] (-) TimerEvent: {}
[15.026083] (quadruped_control) StderrLine: {'line': b'gmake[2]: *** [CMakeFiles/motor_config.dir/build.make:76: CMakeFiles/motor_config.dir/src/motor_config.cpp.o] Error 1\n'}
[15.026720] (quadruped_control) StderrLine: {'line': b'gmake[1]: *** [CMakeFiles/Makefile2:165: CMakeFiles/motor_config.dir/all] Error 2\n'}
[15.027175] (quadruped_control) StderrLine: {'line': b'gmake: *** [Makefile:146: all] Error 2\n'}
[15.030508] (quadruped_control) CommandEnded: {'returncode': 2}
[15.043847] (-) TimerEvent: {}
[15.131699] (quadruped_control) JobEnded: {'identifier': 'quadruped_control', 'rc': 2}
[15.143031] (-) EventReactorShutdown: {}
