[0.000000] (-) TimerEvent: {}
[0.002021] (quadruped_interfaces) JobQueued: {'identifier': 'quadruped_interfaces', 'dependencies': OrderedDict()}
[0.002790] (quadruped_control) JobQueued: {'identifier': 'quadruped_control', 'dependencies': OrderedDict([('quadruped_interfaces', '/home/jonnydang2004/QUADRAPED/install/quadruped_interfaces')])}
[0.003249] (quadruped_interfaces) JobStarted: {'identifier': 'quadruped_interfaces'}
[0.077268] (quadruped_interfaces) JobProgress: {'identifier': 'quadruped_interfaces', 'progress': 'cmake'}
[0.078018] (quadruped_interfaces) Command: {'cmd': ['/usr/bin/cmake', '/home/jonnydang2004/QUADRAPED/src/quadruped_interfaces', '-DCMAKE_INSTALL_PREFIX=/home/jonnydang2004/QUADRAPED/install/quadruped_interfaces'], 'cwd': '/home/jonnydang2004/QUADRAPED/build/quadruped_interfaces', 'env': OrderedDict([('LESSOPEN', '| /usr/bin/lesspipe %s'), ('USER', 'jonnydang2004'), ('GIT_ASKPASS', '/home/jonnydang2004/.vscode-server/bin/38c31bc77e0dd6ae88a4e9cc93428cc27a56ba40/extensions/git/dist/askpass.sh'), ('SHLVL', '1'), ('LD_LIBRARY_PATH', '/opt/ros/iron/opt/rviz_ogre_vendor/lib:/opt/ros/iron/lib/x86_64-linux-gnu:/opt/ros/iron/lib'), ('HOME', '/home/jonnydang2004'), ('TERM_PROGRAM_VERSION', '1.93.1'), ('NVM_BIN', '/home/jonnydang2004/.nvm/versions/node/v18.19.0/bin'), ('VSCODE_IPC_HOOK_CLI', '/run/user/1000/vscode-ipc-aeaa321f-954c-44ec-865c-68b87d92bff0.sock'), ('NVM_INC', '/home/jonnydang2004/.nvm/versions/node/v18.19.0/include/node'), ('ROS_PYTHON_VERSION', '3'), ('VSCODE_GIT_ASKPASS_MAIN', '/home/jonnydang2004/.vscode-server/bin/38c31bc77e0dd6ae88a4e9cc93428cc27a56ba40/extensions/git/dist/askpass-main.js'), ('VSCODE_GIT_ASKPASS_NODE', '/home/jonnydang2004/.vscode-server/bin/38c31bc77e0dd6ae88a4e9cc93428cc27a56ba40/node'), ('DBUS_SESSION_BUS_ADDRESS', 'unix:path=/run/user/1000/bus'), ('COLORTERM', 'truecolor'), ('WSL_DISTRO_NAME', 'Ubuntu'), ('NVM_DIR', '/home/jonnydang2004/.nvm'), ('WAYLAND_DISPLAY', 'wayland-0'), ('ROS_DISTRO', 'iron'), ('LOGNAME', 'jonnydang2004'), ('NAME', 'DESKTOP-JO2E52O'), ('WSL_INTEROP', '/run/WSL/33065_interop'), ('PULSE_SERVER', 'unix:/mnt/wslg/PulseServer'), ('_', '/usr/bin/colcon'), ('ROS_VERSION', '2'), ('TERM', 'xterm-256color'), ('_colcon_cd_rott', '/opt/ros/iron/'), ('PATH', '/home/jonnydang2004/.vscode-server/bin/38c31bc77e0dd6ae88a4e9cc93428cc27a56ba40/bin/remote-cli:/home/jonnydang2004/.local/bin:/opt/ros/iron/bin:/home/jonnydang2004/.nvm/versions/node/v18.19.0/bin:/usr/local/sbin:/usr/local/bin:/usr/sbin:/usr/bin:/sbin:/bin:/usr/games:/usr/local/games:/usr/lib/wsl/lib:/mnt/c/Windows/system32:/mnt/c/Windows:/mnt/c/Windows/System32/Wbem:/mnt/c/Windows/System32/WindowsPowerShell/v1.0/:/mnt/c/Windows/System32/OpenSSH/:/mnt/c/Program Files (x86)/Intel/Intel(R) Management Engine Components/DAL:/mnt/c/Program Files/Intel/Intel(R) Management Engine Components/DAL:/mnt/c/Program Files/MATLAB/R2023b/bin:/mnt/c/Program Files/MATLAB/R2022a/bin:/mnt/c/Program Files/Docker/Docker/resources/bin:/mnt/c/Program Files/dotnet/:/mnt/c/Program Files/:/mnt/c/Program Files/Git/cmd:/mnt/c/Program Files (x86)/IVI Foundation/VISA/WinNT/Bin/:/mnt/c/Program Files/IVI Foundation/VISA/Win64/Bin/:/mnt/c/Program Files (x86)/National Instruments/Shared/LabVIEW CLI:/mnt/c/Program Files (x86)/IVI Foundation/IVI/Bin/:/mnt/c/Program Files/IVI Foundation/IVI/Bin/:/mnt/c/Program Files (x86)/IVI Foundation/VISA/WinNT/Bin:/mnt/c/Users/User/AppData/Local/Programs/Python/Python310/Scripts/:/mnt/c/Users/User/AppData/Local/Programs/Python/Python310/:/mnt/c/Users/User/AppData/Local/Microsoft/WindowsApps:/mnt/c/Users/User/AppData/Local/Programs/Microsoft VS Code/bin:/mnt/c/Users/User/AppData/Roaming/npm:/snap/bin:/opt/gradle/gradle-8.5/bin:/opt/gradle/gradle-8.5/bin'), ('XDG_RUNTIME_DIR', '/run/user/1000/'), ('DISPLAY', ':0'), ('LANG', 'en_US.UTF-8'), ('LS_COLORS', 'rs=0:di=01;34:ln=01;36:mh=00:pi=40;33:so=01;35:do=01;35:bd=40;33;01:cd=40;33;01:or=40;31;01:mi=00:su=37;41:sg=30;43:ca=30;41:tw=30;42:ow=34;42:st=37;44:ex=01;32:*.tar=01;31:*.tgz=01;31:*.arc=01;31:*.arj=01;31:*.taz=01;31:*.lha=01;31:*.lz4=01;31:*.lzh=01;31:*.lzma=01;31:*.tlz=01;31:*.txz=01;31:*.tzo=01;31:*.t7z=01;31:*.zip=01;31:*.z=01;31:*.dz=01;31:*.gz=01;31:*.lrz=01;31:*.lz=01;31:*.lzo=01;31:*.xz=01;31:*.zst=01;31:*.tzst=01;31:*.bz2=01;31:*.bz=01;31:*.tbz=01;31:*.tbz2=01;31:*.tz=01;31:*.deb=01;31:*.rpm=01;31:*.jar=01;31:*.war=01;31:*.ear=01;31:*.sar=01;31:*.rar=01;31:*.alz=01;31:*.ace=01;31:*.zoo=01;31:*.cpio=01;31:*.7z=01;31:*.rz=01;31:*.cab=01;31:*.wim=01;31:*.swm=01;31:*.dwm=01;31:*.esd=01;31:*.jpg=01;35:*.jpeg=01;35:*.mjpg=01;35:*.mjpeg=01;35:*.gif=01;35:*.bmp=01;35:*.pbm=01;35:*.pgm=01;35:*.ppm=01;35:*.tga=01;35:*.xbm=01;35:*.xpm=01;35:*.tif=01;35:*.tiff=01;35:*.png=01;35:*.svg=01;35:*.svgz=01;35:*.mng=01;35:*.pcx=01;35:*.mov=01;35:*.mpg=01;35:*.mpeg=01;35:*.m2v=01;35:*.mkv=01;35:*.webm=01;35:*.webp=01;35:*.ogm=01;35:*.mp4=01;35:*.m4v=01;35:*.mp4v=01;35:*.vob=01;35:*.qt=01;35:*.nuv=01;35:*.wmv=01;35:*.asf=01;35:*.rm=01;35:*.rmvb=01;35:*.flc=01;35:*.avi=01;35:*.fli=01;35:*.flv=01;35:*.gl=01;35:*.dl=01;35:*.xcf=01;35:*.xwd=01;35:*.yuv=01;35:*.cgm=01;35:*.emf=01;35:*.ogv=01;35:*.ogx=01;35:*.aac=00;36:*.au=00;36:*.flac=00;36:*.m4a=00;36:*.mid=00;36:*.midi=00;36:*.mka=00;36:*.mp3=00;36:*.mpc=00;36:*.ogg=00;36:*.ra=00;36:*.wav=00;36:*.oga=00;36:*.opus=00;36:*.spx=00;36:*.xspf=00;36:'), ('VSCODE_GIT_IPC_HANDLE', '/run/user/1000/vscode-git-f95bf93406.sock'), ('TERM_PROGRAM', 'vscode'), ('AMENT_PREFIX_PATH', '/opt/ros/iron'), ('SHELL', '/bin/bash'), ('LESSCLOSE', '/usr/bin/lesspipe %s %s'), ('ROS_AUTOMATIC_DISCOVERY_RANGE', 'SUBNET'), ('VSCODE_GIT_ASKPASS_EXTRA_ARGS', ''), ('PWD', '/home/jonnydang2004/QUADRAPED/build/quadruped_interfaces'), ('NVM_CD_FLAGS', ''), ('XDG_DATA_DIRS', '/usr/local/share:/usr/share:/var/lib/snapd/desktop'), ('PYTHONPATH', '/opt/ros/iron/lib/python3.10/site-packages'), ('COLCON', '1'), ('WSL2_GUI_APPS_ENABLED', '1'), ('HOSTTYPE', 'x86_64'), ('WSLENV', 'VSCODE_WSL_EXT_LOCATION/up'), ('CMAKE_PREFIX_PATH', '/opt/ros/iron')]), 'shell': False}
[0.098431] (-) TimerEvent: {}
[0.199500] (-) TimerEvent: {}
[0.327306] (-) TimerEvent: {}
[0.427895] (-) TimerEvent: {}
[0.528388] (-) TimerEvent: {}
[0.629125] (-) TimerEvent: {}
[0.729941] (-) TimerEvent: {}
[0.830646] (-) TimerEvent: {}
[0.931482] (-) TimerEvent: {}
[1.032011] (-) TimerEvent: {}
[1.132515] (-) TimerEvent: {}
[1.233058] (-) TimerEvent: {}
[1.333712] (-) TimerEvent: {}
[1.379918] (quadruped_interfaces) StdoutLine: {'line': b'-- The C compiler identification is GNU 11.4.0\n'}
[1.433972] (-) TimerEvent: {}
[1.534620] (-) TimerEvent: {}
[1.635147] (-) TimerEvent: {}
[1.735925] (-) TimerEvent: {}
[1.836658] (-) TimerEvent: {}
[1.937390] (-) TimerEvent: {}
[2.038140] (-) TimerEvent: {}
[2.138869] (-) TimerEvent: {}
[2.239538] (-) TimerEvent: {}
[2.340207] (-) TimerEvent: {}
[2.440932] (-) TimerEvent: {}
[2.541510] (-) TimerEvent: {}
[2.642920] (-) TimerEvent: {}
[2.743478] (-) TimerEvent: {}
[2.844048] (-) TimerEvent: {}
[2.944627] (-) TimerEvent: {}
[3.045188] (-) TimerEvent: {}
[3.145834] (-) TimerEvent: {}
[3.246408] (-) TimerEvent: {}
[3.284378] (quadruped_interfaces) StdoutLine: {'line': b'-- The CXX compiler identification is GNU 11.4.0\n'}
[3.346646] (-) TimerEvent: {}
[3.447299] (-) TimerEvent: {}
[3.547942] (-) TimerEvent: {}
[3.648559] (-) TimerEvent: {}
[3.749184] (-) TimerEvent: {}
[3.849864] (-) TimerEvent: {}
[3.950462] (-) TimerEvent: {}
[4.051187] (-) TimerEvent: {}
[4.151886] (-) TimerEvent: {}
[4.195041] (quadruped_interfaces) StdoutLine: {'line': b'-- Detecting C compiler ABI info\n'}
[4.252067] (-) TimerEvent: {}
[4.352705] (-) TimerEvent: {}
[4.453265] (-) TimerEvent: {}
[4.553990] (-) TimerEvent: {}
[4.650558] (quadruped_interfaces) StdoutLine: {'line': b'-- Detecting C compiler ABI info - done\n'}
[4.654143] (-) TimerEvent: {}
[4.676336] (quadruped_interfaces) StdoutLine: {'line': b'-- Check for working C compiler: /usr/bin/cc - skipped\n'}
[4.677689] (quadruped_interfaces) StdoutLine: {'line': b'-- Detecting C compile features\n'}
[4.680981] (quadruped_interfaces) StdoutLine: {'line': b'-- Detecting C compile features - done\n'}
[4.697212] (quadruped_interfaces) StdoutLine: {'line': b'-- Detecting CXX compiler ABI info\n'}
[4.754369] (-) TimerEvent: {}
[4.857545] (-) TimerEvent: {}
[4.958653] (-) TimerEvent: {}
[5.059277] (-) TimerEvent: {}
[5.160473] (-) TimerEvent: {}
[5.193625] (quadruped_interfaces) StdoutLine: {'line': b'-- Detecting CXX compiler ABI info - done\n'}
[5.227154] (quadruped_interfaces) StdoutLine: {'line': b'-- Check for working CXX compiler: /usr/bin/c++ - skipped\n'}
[5.227976] (quadruped_interfaces) StdoutLine: {'line': b'-- Detecting CXX compile features\n'}
[5.229072] (quadruped_interfaces) StdoutLine: {'line': b'-- Detecting CXX compile features - done\n'}
[5.260069] (quadruped_interfaces) StdoutLine: {'line': b'-- Found rosidl_default_generators: 1.5.0 (/opt/ros/iron/share/rosidl_default_generators/cmake)\n'}
[5.260601] (-) TimerEvent: {}
[5.361135] (-) TimerEvent: {}
[5.461756] (-) TimerEvent: {}
[5.562443] (-) TimerEvent: {}
[5.663118] (-) TimerEvent: {}
[5.763782] (-) TimerEvent: {}
[5.842309] (quadruped_interfaces) StdoutLine: {'line': b'-- Found Python3: /usr/bin/python3.10 (found version "3.10.12") found components: Interpreter \n'}
[5.863955] (-) TimerEvent: {}
[5.964676] (-) TimerEvent: {}
[6.065250] (-) TimerEvent: {}
[6.129060] (quadruped_interfaces) StdoutLine: {'line': b'-- Using all available rosidl_typesupport_c: rosidl_typesupport_fastrtps_c;rosidl_typesupport_introspection_c\n'}
[6.165463] (-) TimerEvent: {}
[6.266061] (-) TimerEvent: {}
[6.366681] (-) TimerEvent: {}
[6.467303] (-) TimerEvent: {}
[6.567944] (-) TimerEvent: {}
[6.668644] (-) TimerEvent: {}
[6.769286] (-) TimerEvent: {}
[6.869850] (-) TimerEvent: {}
[6.970517] (-) TimerEvent: {}
[7.008757] (quadruped_interfaces) StdoutLine: {'line': b'-- Using all available rosidl_typesupport_cpp: rosidl_typesupport_fastrtps_cpp;rosidl_typesupport_introspection_cpp\n'}
[7.070693] (-) TimerEvent: {}
[7.171274] (-) TimerEvent: {}
[7.271763] (-) TimerEvent: {}
[7.325583] (quadruped_interfaces) StdoutLine: {'line': b'-- Found rosidl_adapter: 4.0.1 (/opt/ros/iron/share/rosidl_adapter/cmake)\n'}
[7.371960] (-) TimerEvent: {}
[7.472519] (-) TimerEvent: {}
[7.573068] (-) TimerEvent: {}
[7.673635] (-) TimerEvent: {}
[7.774248] (-) TimerEvent: {}
[7.874836] (-) TimerEvent: {}
[7.975460] (-) TimerEvent: {}
[8.076061] (-) TimerEvent: {}
[8.176666] (-) TimerEvent: {}
[8.277781] (-) TimerEvent: {}
[8.378428] (-) TimerEvent: {}
[8.479068] (-) TimerEvent: {}
[8.481795] (quadruped_interfaces) StdoutLine: {'line': b'-- Found ament_cmake_ros: 0.11.2 (/opt/ros/iron/share/ament_cmake_ros/cmake)\n'}
[8.579281] (-) TimerEvent: {}
[8.679913] (-) TimerEvent: {}
[8.781169] (-) TimerEvent: {}
[8.881724] (-) TimerEvent: {}
[8.951828] (quadruped_interfaces) StdoutLine: {'line': b'-- Using all available rosidl_typesupport_c: rosidl_typesupport_fastrtps_c;rosidl_typesupport_introspection_c\n'}
[8.981936] (-) TimerEvent: {}
[9.082534] (-) TimerEvent: {}
[9.183112] (-) TimerEvent: {}
[9.283646] (-) TimerEvent: {}
[9.384223] (-) TimerEvent: {}
[9.484788] (-) TimerEvent: {}
[9.533270] (quadruped_interfaces) StdoutLine: {'line': b'-- Using all available rosidl_typesupport_cpp: rosidl_typesupport_fastrtps_cpp;rosidl_typesupport_introspection_cpp\n'}
[9.584981] (-) TimerEvent: {}
[9.685616] (-) TimerEvent: {}
[9.786162] (-) TimerEvent: {}
[9.826064] (quadruped_interfaces) StdoutLine: {'line': b'-- Found PythonInterp: /usr/bin/python3 (found suitable version "3.10.12", minimum required is "3.6") \n'}
[9.837286] (quadruped_interfaces) StdoutLine: {'line': b'-- Found python_cmake_module: 0.10.2 (/opt/ros/iron/share/python_cmake_module/cmake)\n'}
[9.886391] (-) TimerEvent: {}
[9.987019] (-) TimerEvent: {}
[10.087622] (-) TimerEvent: {}
[10.188152] (-) TimerEvent: {}
[10.288713] (-) TimerEvent: {}
[10.389379] (-) TimerEvent: {}
[10.490011] (-) TimerEvent: {}
[10.590624] (-) TimerEvent: {}
[10.691299] (-) TimerEvent: {}
[10.748219] (quadruped_interfaces) StdoutLine: {'line': b'-- Found PythonLibs: /usr/lib/x86_64-linux-gnu/libpython3.10.so (found suitable version "3.10.12", minimum required is "3.5") \n'}
[10.748796] (quadruped_interfaces) StdoutLine: {'line': b'-- Using PYTHON_EXECUTABLE: /usr/bin/python3\n'}
[10.749077] (quadruped_interfaces) StdoutLine: {'line': b'-- Using PYTHON_INCLUDE_DIRS: /usr/include/python3.10\n'}
[10.749392] (quadruped_interfaces) StdoutLine: {'line': b'-- Using PYTHON_LIBRARIES: /usr/lib/x86_64-linux-gnu/libpython3.10.so\n'}
[10.791498] (-) TimerEvent: {}
[10.821581] (quadruped_interfaces) StdoutLine: {'line': b'-- Found PythonExtra: .so  \n'}
[10.891718] (-) TimerEvent: {}
[10.992441] (-) TimerEvent: {}
[11.084168] (quadruped_interfaces) StdoutLine: {'line': b'-- Found ament_lint_auto: 0.14.3 (/opt/ros/iron/share/ament_lint_auto/cmake)\n'}
[11.092604] (-) TimerEvent: {}
[11.193288] (-) TimerEvent: {}
[11.199236] (quadruped_interfaces) StdoutLine: {'line': b"-- Added test 'lint_cmake' to check CMake code style\n"}
[11.214081] (quadruped_interfaces) StdoutLine: {'line': b"-- Added test 'xmllint' to check XML markup files\n"}
[11.235241] (quadruped_interfaces) StdoutLine: {'line': b'-- Configuring done\n'}
[11.293449] (-) TimerEvent: {}
[11.393925] (-) TimerEvent: {}
[11.455692] (quadruped_interfaces) StdoutLine: {'line': b'-- Generating done\n'}
[11.470627] (quadruped_interfaces) StdoutLine: {'line': b'-- Build files have been written to: /home/jonnydang2004/QUADRAPED/build/quadruped_interfaces\n'}
[11.484317] (quadruped_interfaces) CommandEnded: {'returncode': 0}
[11.485749] (quadruped_interfaces) JobProgress: {'identifier': 'quadruped_interfaces', 'progress': 'build'}
[11.489207] (quadruped_interfaces) Command: {'cmd': ['/usr/bin/cmake', '--build', '/home/jonnydang2004/QUADRAPED/build/quadruped_interfaces', '--', '-j4', '-l4'], 'cwd': '/home/jonnydang2004/QUADRAPED/build/quadruped_interfaces', 'env': OrderedDict([('LESSOPEN', '| /usr/bin/lesspipe %s'), ('USER', 'jonnydang2004'), ('GIT_ASKPASS', '/home/jonnydang2004/.vscode-server/bin/38c31bc77e0dd6ae88a4e9cc93428cc27a56ba40/extensions/git/dist/askpass.sh'), ('SHLVL', '1'), ('LD_LIBRARY_PATH', '/opt/ros/iron/opt/rviz_ogre_vendor/lib:/opt/ros/iron/lib/x86_64-linux-gnu:/opt/ros/iron/lib'), ('HOME', '/home/jonnydang2004'), ('TERM_PROGRAM_VERSION', '1.93.1'), ('NVM_BIN', '/home/jonnydang2004/.nvm/versions/node/v18.19.0/bin'), ('VSCODE_IPC_HOOK_CLI', '/run/user/1000/vscode-ipc-aeaa321f-954c-44ec-865c-68b87d92bff0.sock'), ('NVM_INC', '/home/jonnydang2004/.nvm/versions/node/v18.19.0/include/node'), ('ROS_PYTHON_VERSION', '3'), ('VSCODE_GIT_ASKPASS_MAIN', '/home/jonnydang2004/.vscode-server/bin/38c31bc77e0dd6ae88a4e9cc93428cc27a56ba40/extensions/git/dist/askpass-main.js'), ('VSCODE_GIT_ASKPASS_NODE', '/home/jonnydang2004/.vscode-server/bin/38c31bc77e0dd6ae88a4e9cc93428cc27a56ba40/node'), ('DBUS_SESSION_BUS_ADDRESS', 'unix:path=/run/user/1000/bus'), ('COLORTERM', 'truecolor'), ('WSL_DISTRO_NAME', 'Ubuntu'), ('NVM_DIR', '/home/jonnydang2004/.nvm'), ('WAYLAND_DISPLAY', 'wayland-0'), ('ROS_DISTRO', 'iron'), ('LOGNAME', 'jonnydang2004'), ('NAME', 'DESKTOP-JO2E52O'), ('WSL_INTEROP', '/run/WSL/33065_interop'), ('PULSE_SERVER', 'unix:/mnt/wslg/PulseServer'), ('_', '/usr/bin/colcon'), ('ROS_VERSION', '2'), ('TERM', 'xterm-256color'), ('_colcon_cd_rott', '/opt/ros/iron/'), ('PATH', '/home/jonnydang2004/.vscode-server/bin/38c31bc77e0dd6ae88a4e9cc93428cc27a56ba40/bin/remote-cli:/home/jonnydang2004/.local/bin:/opt/ros/iron/bin:/home/jonnydang2004/.nvm/versions/node/v18.19.0/bin:/usr/local/sbin:/usr/local/bin:/usr/sbin:/usr/bin:/sbin:/bin:/usr/games:/usr/local/games:/usr/lib/wsl/lib:/mnt/c/Windows/system32:/mnt/c/Windows:/mnt/c/Windows/System32/Wbem:/mnt/c/Windows/System32/WindowsPowerShell/v1.0/:/mnt/c/Windows/System32/OpenSSH/:/mnt/c/Program Files (x86)/Intel/Intel(R) Management Engine Components/DAL:/mnt/c/Program Files/Intel/Intel(R) Management Engine Components/DAL:/mnt/c/Program Files/MATLAB/R2023b/bin:/mnt/c/Program Files/MATLAB/R2022a/bin:/mnt/c/Program Files/Docker/Docker/resources/bin:/mnt/c/Program Files/dotnet/:/mnt/c/Program Files/:/mnt/c/Program Files/Git/cmd:/mnt/c/Program Files (x86)/IVI Foundation/VISA/WinNT/Bin/:/mnt/c/Program Files/IVI Foundation/VISA/Win64/Bin/:/mnt/c/Program Files (x86)/National Instruments/Shared/LabVIEW CLI:/mnt/c/Program Files (x86)/IVI Foundation/IVI/Bin/:/mnt/c/Program Files/IVI Foundation/IVI/Bin/:/mnt/c/Program Files (x86)/IVI Foundation/VISA/WinNT/Bin:/mnt/c/Users/User/AppData/Local/Programs/Python/Python310/Scripts/:/mnt/c/Users/User/AppData/Local/Programs/Python/Python310/:/mnt/c/Users/User/AppData/Local/Microsoft/WindowsApps:/mnt/c/Users/User/AppData/Local/Programs/Microsoft VS Code/bin:/mnt/c/Users/User/AppData/Roaming/npm:/snap/bin:/opt/gradle/gradle-8.5/bin:/opt/gradle/gradle-8.5/bin'), ('XDG_RUNTIME_DIR', '/run/user/1000/'), ('DISPLAY', ':0'), ('LANG', 'en_US.UTF-8'), ('LS_COLORS', 'rs=0:di=01;34:ln=01;36:mh=00:pi=40;33:so=01;35:do=01;35:bd=40;33;01:cd=40;33;01:or=40;31;01:mi=00:su=37;41:sg=30;43:ca=30;41:tw=30;42:ow=34;42:st=37;44:ex=01;32:*.tar=01;31:*.tgz=01;31:*.arc=01;31:*.arj=01;31:*.taz=01;31:*.lha=01;31:*.lz4=01;31:*.lzh=01;31:*.lzma=01;31:*.tlz=01;31:*.txz=01;31:*.tzo=01;31:*.t7z=01;31:*.zip=01;31:*.z=01;31:*.dz=01;31:*.gz=01;31:*.lrz=01;31:*.lz=01;31:*.lzo=01;31:*.xz=01;31:*.zst=01;31:*.tzst=01;31:*.bz2=01;31:*.bz=01;31:*.tbz=01;31:*.tbz2=01;31:*.tz=01;31:*.deb=01;31:*.rpm=01;31:*.jar=01;31:*.war=01;31:*.ear=01;31:*.sar=01;31:*.rar=01;31:*.alz=01;31:*.ace=01;31:*.zoo=01;31:*.cpio=01;31:*.7z=01;31:*.rz=01;31:*.cab=01;31:*.wim=01;31:*.swm=01;31:*.dwm=01;31:*.esd=01;31:*.jpg=01;35:*.jpeg=01;35:*.mjpg=01;35:*.mjpeg=01;35:*.gif=01;35:*.bmp=01;35:*.pbm=01;35:*.pgm=01;35:*.ppm=01;35:*.tga=01;35:*.xbm=01;35:*.xpm=01;35:*.tif=01;35:*.tiff=01;35:*.png=01;35:*.svg=01;35:*.svgz=01;35:*.mng=01;35:*.pcx=01;35:*.mov=01;35:*.mpg=01;35:*.mpeg=01;35:*.m2v=01;35:*.mkv=01;35:*.webm=01;35:*.webp=01;35:*.ogm=01;35:*.mp4=01;35:*.m4v=01;35:*.mp4v=01;35:*.vob=01;35:*.qt=01;35:*.nuv=01;35:*.wmv=01;35:*.asf=01;35:*.rm=01;35:*.rmvb=01;35:*.flc=01;35:*.avi=01;35:*.fli=01;35:*.flv=01;35:*.gl=01;35:*.dl=01;35:*.xcf=01;35:*.xwd=01;35:*.yuv=01;35:*.cgm=01;35:*.emf=01;35:*.ogv=01;35:*.ogx=01;35:*.aac=00;36:*.au=00;36:*.flac=00;36:*.m4a=00;36:*.mid=00;36:*.midi=00;36:*.mka=00;36:*.mp3=00;36:*.mpc=00;36:*.ogg=00;36:*.ra=00;36:*.wav=00;36:*.oga=00;36:*.opus=00;36:*.spx=00;36:*.xspf=00;36:'), ('VSCODE_GIT_IPC_HANDLE', '/run/user/1000/vscode-git-f95bf93406.sock'), ('TERM_PROGRAM', 'vscode'), ('AMENT_PREFIX_PATH', '/opt/ros/iron'), ('SHELL', '/bin/bash'), ('LESSCLOSE', '/usr/bin/lesspipe %s %s'), ('ROS_AUTOMATIC_DISCOVERY_RANGE', 'SUBNET'), ('VSCODE_GIT_ASKPASS_EXTRA_ARGS', ''), ('PWD', '/home/jonnydang2004/QUADRAPED/build/quadruped_interfaces'), ('NVM_CD_FLAGS', ''), ('XDG_DATA_DIRS', '/usr/local/share:/usr/share:/var/lib/snapd/desktop'), ('PYTHONPATH', '/opt/ros/iron/lib/python3.10/site-packages'), ('COLCON', '1'), ('WSL2_GUI_APPS_ENABLED', '1'), ('HOSTTYPE', 'x86_64'), ('WSLENV', 'VSCODE_WSL_EXT_LOCATION/up'), ('CMAKE_PREFIX_PATH', '/opt/ros/iron')]), 'shell': False}
[11.494236] (-) TimerEvent: {}
[11.594996] (-) TimerEvent: {}
[11.694697] (quadruped_interfaces) StdoutLine: {'line': b'[  2%] \x1b[34m\x1b[1mGenerating type hashes for ROS interfaces\x1b[0m\n'}
[11.695046] (-) TimerEvent: {}
[11.796245] (-) TimerEvent: {}
[11.910392] (-) TimerEvent: {}
[11.914837] (quadruped_interfaces) StdoutLine: {'line': b'[  2%] Built target ament_cmake_python_copy_quadruped_interfaces\n'}
[12.011269] (-) TimerEvent: {}
[12.117320] (-) TimerEvent: {}
[12.219867] (-) TimerEvent: {}
[12.321979] (-) TimerEvent: {}
[12.422614] (-) TimerEvent: {}
[12.527804] (-) TimerEvent: {}
[12.632858] (-) TimerEvent: {}
[12.733375] (-) TimerEvent: {}
[12.833944] (-) TimerEvent: {}
[12.934455] (-) TimerEvent: {}
[13.034967] (-) TimerEvent: {}
[13.135516] (-) TimerEvent: {}
[13.236125] (-) TimerEvent: {}
[13.264646] (quadruped_interfaces) StdoutLine: {'line': b'[  2%] Built target quadruped_interfaces__rosidl_generator_type_description\n'}
[13.310952] (quadruped_interfaces) StdoutLine: {'line': b'[  5%] \x1b[34m\x1b[1mGenerating C code for ROS interfaces\x1b[0m\n'}
[13.345442] (-) TimerEvent: {}
[13.352611] (quadruped_interfaces) StdoutLine: {'line': b'[  8%] \x1b[34m\x1b[1mGenerating C++ code for ROS interfaces\x1b[0m\n'}
[13.445383] (-) TimerEvent: {}
[13.545833] (-) TimerEvent: {}
[13.646264] (-) TimerEvent: {}
[13.746760] (-) TimerEvent: {}
[13.847246] (-) TimerEvent: {}
[13.900971] (quadruped_interfaces) StdoutLine: {'line': b'running egg_info\n'}
[13.903257] (quadruped_interfaces) StdoutLine: {'line': b'creating quadruped_interfaces.egg-info\n'}
[13.904181] (quadruped_interfaces) StdoutLine: {'line': b'writing quadruped_interfaces.egg-info/PKG-INFO\n'}
[13.905131] (quadruped_interfaces) StdoutLine: {'line': b'writing dependency_links to quadruped_interfaces.egg-info/dependency_links.txt\n'}
[13.906143] (quadruped_interfaces) StdoutLine: {'line': b'writing top-level names to quadruped_interfaces.egg-info/top_level.txt\n'}
[13.907258] (quadruped_interfaces) StdoutLine: {'line': b"writing manifest file 'quadruped_interfaces.egg-info/SOURCES.txt'\n"}
[13.936908] (quadruped_interfaces) StdoutLine: {'line': b"reading manifest file 'quadruped_interfaces.egg-info/SOURCES.txt'\n"}
[13.939073] (quadruped_interfaces) StdoutLine: {'line': b"writing manifest file 'quadruped_interfaces.egg-info/SOURCES.txt'\n"}
[13.947395] (-) TimerEvent: {}
[14.029860] (quadruped_interfaces) StdoutLine: {'line': b'[  8%] Built target ament_cmake_python_build_quadruped_interfaces_egg\n'}
[14.047560] (-) TimerEvent: {}
[14.148063] (-) TimerEvent: {}
[14.248556] (-) TimerEvent: {}
[14.349089] (-) TimerEvent: {}
[14.449633] (-) TimerEvent: {}
[14.550140] (-) TimerEvent: {}
[14.568432] (quadruped_interfaces) StdoutLine: {'line': b'[  8%] Built target quadruped_interfaces__cpp\n'}
[14.650347] (-) TimerEvent: {}
[14.697949] (quadruped_interfaces) StdoutLine: {'line': b'[ 11%] \x1b[32mBuilding C object CMakeFiles/quadruped_interfaces__rosidl_generator_c.dir/rosidl_generator_c/quadruped_interfaces/msg/detail/pos__functions.c.o\x1b[0m\n'}
[14.702310] (quadruped_interfaces) StdoutLine: {'line': b'[ 14%] \x1b[32mBuilding C object CMakeFiles/quadruped_interfaces__rosidl_generator_c.dir/rosidl_generator_c/quadruped_interfaces/msg/detail/pos__description.c.o\x1b[0m\n'}
[14.707156] (quadruped_interfaces) StdoutLine: {'line': b'[ 17%] \x1b[32mBuilding C object CMakeFiles/quadruped_interfaces__rosidl_generator_c.dir/rosidl_generator_c/quadruped_interfaces/msg/detail/pos__type_support.c.o\x1b[0m\n'}
[14.755320] (-) TimerEvent: {}
[14.855889] (-) TimerEvent: {}
[14.956629] (-) TimerEvent: {}
[15.057189] (-) TimerEvent: {}
[15.158215] (-) TimerEvent: {}
[15.262657] (-) TimerEvent: {}
[15.364548] (-) TimerEvent: {}
[15.413598] (quadruped_interfaces) StdoutLine: {'line': b'[ 20%] \x1b[32m\x1b[1mLinking C shared library libquadruped_interfaces__rosidl_generator_c.so\x1b[0m\n'}
[15.464750] (-) TimerEvent: {}
[15.569126] (-) TimerEvent: {}
[15.669686] (-) TimerEvent: {}
[15.770197] (-) TimerEvent: {}
[15.870628] (-) TimerEvent: {}
[15.893970] (quadruped_interfaces) StdoutLine: {'line': b'[ 20%] Built target quadruped_interfaces__rosidl_generator_c\n'}
[15.970779] (-) TimerEvent: {}
[15.979477] (quadruped_interfaces) StdoutLine: {'line': b'[ 23%] \x1b[34m\x1b[1mGenerating C++ type support for eProsima Fast-RTPS\x1b[0m\n'}
[16.047455] (quadruped_interfaces) StdoutLine: {'line': b'[ 26%] \x1b[34m\x1b[1mGenerating C type support for eProsima Fast-RTPS\x1b[0m\n'}
[16.052921] (quadruped_interfaces) StdoutLine: {'line': b'[ 29%] \x1b[34m\x1b[1mGenerating C++ introspection for ROS interfaces\x1b[0m\n'}
[16.053528] (quadruped_interfaces) StdoutLine: {'line': b'[ 32%] \x1b[34m\x1b[1mGenerating C++ type support dispatch for ROS interfaces\x1b[0m\n'}
[16.070919] (-) TimerEvent: {}
[16.175089] (-) TimerEvent: {}
[16.279501] (-) TimerEvent: {}
[16.389283] (-) TimerEvent: {}
[16.490605] (-) TimerEvent: {}
[16.596150] (-) TimerEvent: {}
[16.708206] (-) TimerEvent: {}
[16.808614] (-) TimerEvent: {}
[16.912554] (-) TimerEvent: {}
[17.017636] (-) TimerEvent: {}
[17.118125] (-) TimerEvent: {}
[17.218558] (-) TimerEvent: {}
[17.319057] (-) TimerEvent: {}
[17.419727] (-) TimerEvent: {}
[17.520152] (-) TimerEvent: {}
[17.620655] (-) TimerEvent: {}
[17.721365] (-) TimerEvent: {}
[17.828186] (-) TimerEvent: {}
[17.928605] (-) TimerEvent: {}
[18.029139] (-) TimerEvent: {}
[18.129671] (-) TimerEvent: {}
[18.230130] (-) TimerEvent: {}
[18.331000] (-) TimerEvent: {}
[18.335356] (quadruped_interfaces) StdoutLine: {'line': b'[ 35%] \x1b[32mBuilding CXX object CMakeFiles/quadruped_interfaces__rosidl_typesupport_cpp.dir/rosidl_typesupport_cpp/quadruped_interfaces/msg/pos__type_support.cpp.o\x1b[0m\n'}
[18.431151] (-) TimerEvent: {}
[18.532006] (-) TimerEvent: {}
[18.624409] (quadruped_interfaces) StdoutLine: {'line': b'[ 38%] \x1b[32mBuilding CXX object CMakeFiles/quadruped_interfaces__rosidl_typesupport_fastrtps_c.dir/rosidl_typesupport_fastrtps_c/quadruped_interfaces/msg/detail/pos__type_support_c.cpp.o\x1b[0m\n'}
[18.636526] (-) TimerEvent: {}
[18.698035] (quadruped_interfaces) StdoutLine: {'line': b'[ 41%] \x1b[32mBuilding CXX object CMakeFiles/quadruped_interfaces__rosidl_typesupport_introspection_cpp.dir/rosidl_typesupport_introspection_cpp/quadruped_interfaces/msg/detail/pos__type_support.cpp.o\x1b[0m\n'}
[18.736673] (-) TimerEvent: {}
[18.839172] (-) TimerEvent: {}
[18.964212] (-) TimerEvent: {}
[19.022794] (quadruped_interfaces) StdoutLine: {'line': b'[ 44%] \x1b[32mBuilding CXX object CMakeFiles/quadruped_interfaces__rosidl_typesupport_fastrtps_cpp.dir/rosidl_typesupport_fastrtps_cpp/quadruped_interfaces/msg/detail/dds_fastrtps/pos__type_support.cpp.o\x1b[0m\n'}
[19.064363] (-) TimerEvent: {}
[19.164832] (-) TimerEvent: {}
[19.265810] (-) TimerEvent: {}
[19.366241] (-) TimerEvent: {}
[19.466799] (-) TimerEvent: {}
[19.575014] (-) TimerEvent: {}
[19.675601] (-) TimerEvent: {}
[19.777461] (-) TimerEvent: {}
[19.881580] (-) TimerEvent: {}
[19.984001] (-) TimerEvent: {}
[20.085807] (-) TimerEvent: {}
[20.194758] (-) TimerEvent: {}
[20.295849] (-) TimerEvent: {}
[20.396366] (-) TimerEvent: {}
[20.496957] (-) TimerEvent: {}
[20.597466] (-) TimerEvent: {}
[20.697999] (-) TimerEvent: {}
[20.798483] (-) TimerEvent: {}
[20.898969] (-) TimerEvent: {}
[20.999721] (-) TimerEvent: {}
[21.100274] (-) TimerEvent: {}
[21.200717] (-) TimerEvent: {}
[21.303645] (-) TimerEvent: {}
[21.404215] (-) TimerEvent: {}
[21.504817] (-) TimerEvent: {}
[21.605557] (-) TimerEvent: {}
[21.706586] (-) TimerEvent: {}
[21.807147] (-) TimerEvent: {}
[21.907699] (-) TimerEvent: {}
[22.011999] (-) TimerEvent: {}
[22.115353] (-) TimerEvent: {}
[22.215911] (-) TimerEvent: {}
[22.316421] (-) TimerEvent: {}
[22.416922] (-) TimerEvent: {}
[22.521875] (-) TimerEvent: {}
[22.622389] (-) TimerEvent: {}
[22.722868] (-) TimerEvent: {}
[22.823486] (-) TimerEvent: {}
[22.924064] (-) TimerEvent: {}
[23.024583] (-) TimerEvent: {}
[23.125816] (-) TimerEvent: {}
[23.231821] (-) TimerEvent: {}
[23.332745] (-) TimerEvent: {}
[23.441097] (-) TimerEvent: {}
[23.541653] (-) TimerEvent: {}
[23.663884] (-) TimerEvent: {}
[23.768713] (-) TimerEvent: {}
[23.869325] (-) TimerEvent: {}
[23.971516] (-) TimerEvent: {}
[24.073410] (-) TimerEvent: {}
[24.178290] (-) TimerEvent: {}
[24.285347] (-) TimerEvent: {}
[24.385977] (-) TimerEvent: {}
[24.488701] (-) TimerEvent: {}
[24.589184] (-) TimerEvent: {}
[24.690277] (-) TimerEvent: {}
[24.790835] (-) TimerEvent: {}
[24.891426] (-) TimerEvent: {}
[24.995155] (-) TimerEvent: {}
[25.095738] (-) TimerEvent: {}
[25.196535] (-) TimerEvent: {}
[25.297592] (-) TimerEvent: {}
[25.409628] (-) TimerEvent: {}
[25.510826] (-) TimerEvent: {}
[25.524372] (quadruped_interfaces) StdoutLine: {'line': b'[ 47%] \x1b[32m\x1b[1mLinking CXX shared library libquadruped_interfaces__rosidl_typesupport_fastrtps_c.so\x1b[0m\n'}
[25.614631] (-) TimerEvent: {}
[25.724290] (-) TimerEvent: {}
[25.824748] (-) TimerEvent: {}
[25.911223] (quadruped_interfaces) StdoutLine: {'line': b'[ 50%] \x1b[32m\x1b[1mLinking CXX shared library libquadruped_interfaces__rosidl_typesupport_cpp.so\x1b[0m\n'}
[25.926659] (-) TimerEvent: {}
[26.027119] (-) TimerEvent: {}
[26.127575] (-) TimerEvent: {}
[26.230095] (-) TimerEvent: {}
[26.334319] (-) TimerEvent: {}
[26.390764] (quadruped_interfaces) StdoutLine: {'line': b'[ 52%] \x1b[32m\x1b[1mLinking CXX shared library libquadruped_interfaces__rosidl_typesupport_introspection_cpp.so\x1b[0m\n'}
[26.456385] (-) TimerEvent: {}
[26.556956] (-) TimerEvent: {}
[26.657507] (-) TimerEvent: {}
[26.762646] (-) TimerEvent: {}
[26.863396] (-) TimerEvent: {}
[26.966955] (-) TimerEvent: {}
[27.071320] (-) TimerEvent: {}
[27.148090] (quadruped_interfaces) StdoutLine: {'line': b'[ 55%] \x1b[32m\x1b[1mLinking CXX shared library libquadruped_interfaces__rosidl_typesupport_fastrtps_cpp.so\x1b[0m\n'}
[27.171462] (-) TimerEvent: {}
[27.278542] (-) TimerEvent: {}
[27.307189] (quadruped_interfaces) StdoutLine: {'line': b'[ 55%] Built target quadruped_interfaces__rosidl_typesupport_cpp\n'}
[27.370084] (quadruped_interfaces) StdoutLine: {'line': b'[ 55%] Built target quadruped_interfaces__rosidl_typesupport_introspection_cpp\n'}
[27.381462] (-) TimerEvent: {}
[27.383438] (quadruped_interfaces) StdoutLine: {'line': b'[ 58%] \x1b[34m\x1b[1mGenerating C introspection for ROS interfaces\x1b[0m\n'}
[27.393879] (quadruped_interfaces) StdoutLine: {'line': b'[ 58%] Built target quadruped_interfaces__rosidl_typesupport_fastrtps_c\n'}
[27.444222] (quadruped_interfaces) StdoutLine: {'line': b'[ 61%] \x1b[34m\x1b[1mGenerating C type support dispatch for ROS interfaces\x1b[0m\n'}
[27.481983] (-) TimerEvent: {}
[27.583463] (-) TimerEvent: {}
[27.683903] (-) TimerEvent: {}
[27.784424] (-) TimerEvent: {}
[27.885928] (-) TimerEvent: {}
[27.998043] (-) TimerEvent: {}
[28.106028] (-) TimerEvent: {}
[28.178246] (quadruped_interfaces) StdoutLine: {'line': b'[ 61%] Built target quadruped_interfaces__rosidl_typesupport_fastrtps_cpp\n'}
[28.207653] (-) TimerEvent: {}
[28.314854] (-) TimerEvent: {}
[28.415432] (-) TimerEvent: {}
[28.515978] (-) TimerEvent: {}
[28.622556] (-) TimerEvent: {}
[28.723036] (-) TimerEvent: {}
[28.824151] (-) TimerEvent: {}
[28.925096] (-) TimerEvent: {}
[29.026682] (-) TimerEvent: {}
[29.093462] (quadruped_interfaces) StdoutLine: {'line': b'[ 64%] \x1b[32mBuilding C object CMakeFiles/quadruped_interfaces__rosidl_typesupport_introspection_c.dir/rosidl_typesupport_introspection_c/quadruped_interfaces/msg/detail/pos__type_support.c.o\x1b[0m\n'}
[29.122655] (quadruped_interfaces) StdoutLine: {'line': b'[ 67%] \x1b[32mBuilding CXX object CMakeFiles/quadruped_interfaces__rosidl_typesupport_c.dir/rosidl_typesupport_c/quadruped_interfaces/msg/pos__type_support.cpp.o\x1b[0m\n'}
[29.126812] (-) TimerEvent: {}
[29.224039] (quadruped_interfaces) StdoutLine: {'line': b'[ 70%] \x1b[32m\x1b[1mLinking C shared library libquadruped_interfaces__rosidl_typesupport_introspection_c.so\x1b[0m\n'}
[29.227385] (-) TimerEvent: {}
[29.280512] (quadruped_interfaces) StdoutLine: {'line': b'[ 73%] \x1b[32m\x1b[1mLinking CXX shared library libquadruped_interfaces__rosidl_typesupport_c.so\x1b[0m\n'}
[29.327596] (-) TimerEvent: {}
[29.428142] (-) TimerEvent: {}
[29.528708] (-) TimerEvent: {}
[29.616580] (quadruped_interfaces) StdoutLine: {'line': b'[ 73%] Built target quadruped_interfaces__rosidl_typesupport_introspection_c\n'}
[29.630184] (-) TimerEvent: {}
[29.714903] (quadruped_interfaces) StdoutLine: {'line': b'[ 73%] Built target quadruped_interfaces__rosidl_typesupport_c\n'}
[29.730371] (-) TimerEvent: {}
[29.779077] (quadruped_interfaces) StdoutLine: {'line': b'[ 73%] Built target quadruped_interfaces\n'}
[29.830541] (-) TimerEvent: {}
[29.842373] (quadruped_interfaces) StdoutLine: {'line': b'[ 76%] \x1b[34m\x1b[1mGenerating Python code for ROS interfaces\x1b[0m\n'}
[29.930835] (-) TimerEvent: {}
[30.032372] (-) TimerEvent: {}
[30.136145] (-) TimerEvent: {}
[30.236694] (-) TimerEvent: {}
[30.337272] (-) TimerEvent: {}
[30.437895] (-) TimerEvent: {}
[30.538393] (-) TimerEvent: {}
[30.638958] (-) TimerEvent: {}
[30.745103] (-) TimerEvent: {}
[30.845582] (-) TimerEvent: {}
[30.946107] (-) TimerEvent: {}
[31.046876] (-) TimerEvent: {}
[31.147461] (-) TimerEvent: {}
[31.253134] (-) TimerEvent: {}
[31.337145] (quadruped_interfaces) StdoutLine: {'line': b'[ 76%] Built target quadruped_interfaces__py\n'}
[31.353346] (-) TimerEvent: {}
[31.408074] (quadruped_interfaces) StdoutLine: {'line': b'[ 79%] \x1b[32mBuilding C object CMakeFiles/quadruped_interfaces__rosidl_generator_py.dir/rosidl_generator_py/quadruped_interfaces/msg/_pos_s.c.o\x1b[0m\n'}
[31.453552] (-) TimerEvent: {}
[31.554139] (-) TimerEvent: {}
[31.654838] (-) TimerEvent: {}
[31.756391] (-) TimerEvent: {}
[31.857221] (-) TimerEvent: {}
[31.959434] (-) TimerEvent: {}
[32.060537] (-) TimerEvent: {}
[32.079854] (quadruped_interfaces) StdoutLine: {'line': b'[ 82%] \x1b[32m\x1b[1mLinking C shared library rosidl_generator_py/quadruped_interfaces/libquadruped_interfaces__rosidl_generator_py.so\x1b[0m\n'}
[32.160764] (-) TimerEvent: {}
[32.261495] (-) TimerEvent: {}
[32.363075] (-) TimerEvent: {}
[32.464371] (-) TimerEvent: {}
[32.569311] (-) TimerEvent: {}
[32.673501] (-) TimerEvent: {}
[32.706491] (quadruped_interfaces) StdoutLine: {'line': b'[ 82%] Built target quadruped_interfaces__rosidl_generator_py\n'}
[32.773645] (-) TimerEvent: {}
[32.877110] (-) TimerEvent: {}
[32.937384] (quadruped_interfaces) StdoutLine: {'line': b'[ 85%] \x1b[32mBuilding C object CMakeFiles/quadruped_interfaces__rosidl_typesupport_c__pyext.dir/rosidl_generator_py/quadruped_interfaces/_quadruped_interfaces_s.ep.rosidl_typesupport_c.c.o\x1b[0m\n'}
[32.963596] (quadruped_interfaces) StdoutLine: {'line': b'[ 88%] \x1b[32mBuilding C object CMakeFiles/quadruped_interfaces__rosidl_typesupport_fastrtps_c__pyext.dir/rosidl_generator_py/quadruped_interfaces/_quadruped_interfaces_s.ep.rosidl_typesupport_fastrtps_c.c.o\x1b[0m\n'}
[32.977300] (-) TimerEvent: {}
[33.001671] (quadruped_interfaces) StdoutLine: {'line': b'[ 91%] \x1b[32mBuilding C object CMakeFiles/quadruped_interfaces__rosidl_typesupport_introspection_c__pyext.dir/rosidl_generator_py/quadruped_interfaces/_quadruped_interfaces_s.ep.rosidl_typesupport_introspection_c.c.o\x1b[0m\n'}
[33.081667] (-) TimerEvent: {}
[33.182848] (-) TimerEvent: {}
[33.294711] (-) TimerEvent: {}
[33.395697] (-) TimerEvent: {}
[33.496149] (-) TimerEvent: {}
[33.624054] (-) TimerEvent: {}
[33.731184] (-) TimerEvent: {}
[33.842504] (-) TimerEvent: {}
[33.944154] (-) TimerEvent: {}
[34.046102] (-) TimerEvent: {}
[34.126143] (quadruped_interfaces) StdoutLine: {'line': b'[ 94%] \x1b[32m\x1b[1mLinking C shared library rosidl_generator_py/quadruped_interfaces/quadruped_interfaces_s__rosidl_typesupport_introspection_c.cpython-310-x86_64-linux-gnu.so\x1b[0m\n'}
[34.146254] (-) TimerEvent: {}
[34.162548] (quadruped_interfaces) StdoutLine: {'line': b'[ 97%] \x1b[32m\x1b[1mLinking C shared library rosidl_generator_py/quadruped_interfaces/quadruped_interfaces_s__rosidl_typesupport_c.cpython-310-x86_64-linux-gnu.so\x1b[0m\n'}
[34.253752] (-) TimerEvent: {}
[34.354283] (-) TimerEvent: {}
[34.385237] (quadruped_interfaces) StdoutLine: {'line': b'[100%] \x1b[32m\x1b[1mLinking C shared library rosidl_generator_py/quadruped_interfaces/quadruped_interfaces_s__rosidl_typesupport_fastrtps_c.cpython-310-x86_64-linux-gnu.so\x1b[0m\n'}
[34.454467] (-) TimerEvent: {}
[34.555006] (-) TimerEvent: {}
[34.655573] (-) TimerEvent: {}
[34.765130] (-) TimerEvent: {}
[34.865611] (-) TimerEvent: {}
[34.967215] (-) TimerEvent: {}
[35.067740] (-) TimerEvent: {}
[35.162108] (quadruped_interfaces) StdoutLine: {'line': b'[100%] Built target quadruped_interfaces__rosidl_typesupport_introspection_c__pyext\n'}
[35.167877] (-) TimerEvent: {}
[35.210246] (quadruped_interfaces) StdoutLine: {'line': b'[100%] Built target quadruped_interfaces__rosidl_typesupport_c__pyext\n'}
[35.226641] (quadruped_interfaces) StdoutLine: {'line': b'[100%] Built target quadruped_interfaces__rosidl_typesupport_fastrtps_c__pyext\n'}
[35.268029] (-) TimerEvent: {}
[35.282392] (quadruped_interfaces) CommandEnded: {'returncode': 0}
[35.368207] (-) TimerEvent: {}
[35.468377] (quadruped_interfaces) JobProgress: {'identifier': 'quadruped_interfaces', 'progress': 'install'}
[35.469433] (-) TimerEvent: {}
[35.485843] (quadruped_interfaces) Command: {'cmd': ['/usr/bin/cmake', '--install', '/home/jonnydang2004/QUADRAPED/build/quadruped_interfaces'], 'cwd': '/home/jonnydang2004/QUADRAPED/build/quadruped_interfaces', 'env': OrderedDict([('LESSOPEN', '| /usr/bin/lesspipe %s'), ('USER', 'jonnydang2004'), ('GIT_ASKPASS', '/home/jonnydang2004/.vscode-server/bin/38c31bc77e0dd6ae88a4e9cc93428cc27a56ba40/extensions/git/dist/askpass.sh'), ('SHLVL', '1'), ('LD_LIBRARY_PATH', '/opt/ros/iron/opt/rviz_ogre_vendor/lib:/opt/ros/iron/lib/x86_64-linux-gnu:/opt/ros/iron/lib'), ('HOME', '/home/jonnydang2004'), ('TERM_PROGRAM_VERSION', '1.93.1'), ('NVM_BIN', '/home/jonnydang2004/.nvm/versions/node/v18.19.0/bin'), ('VSCODE_IPC_HOOK_CLI', '/run/user/1000/vscode-ipc-aeaa321f-954c-44ec-865c-68b87d92bff0.sock'), ('NVM_INC', '/home/jonnydang2004/.nvm/versions/node/v18.19.0/include/node'), ('ROS_PYTHON_VERSION', '3'), ('VSCODE_GIT_ASKPASS_MAIN', '/home/jonnydang2004/.vscode-server/bin/38c31bc77e0dd6ae88a4e9cc93428cc27a56ba40/extensions/git/dist/askpass-main.js'), ('VSCODE_GIT_ASKPASS_NODE', '/home/jonnydang2004/.vscode-server/bin/38c31bc77e0dd6ae88a4e9cc93428cc27a56ba40/node'), ('DBUS_SESSION_BUS_ADDRESS', 'unix:path=/run/user/1000/bus'), ('COLORTERM', 'truecolor'), ('WSL_DISTRO_NAME', 'Ubuntu'), ('NVM_DIR', '/home/jonnydang2004/.nvm'), ('WAYLAND_DISPLAY', 'wayland-0'), ('ROS_DISTRO', 'iron'), ('LOGNAME', 'jonnydang2004'), ('NAME', 'DESKTOP-JO2E52O'), ('WSL_INTEROP', '/run/WSL/33065_interop'), ('PULSE_SERVER', 'unix:/mnt/wslg/PulseServer'), ('_', '/usr/bin/colcon'), ('ROS_VERSION', '2'), ('TERM', 'xterm-256color'), ('_colcon_cd_rott', '/opt/ros/iron/'), ('PATH', '/home/jonnydang2004/.vscode-server/bin/38c31bc77e0dd6ae88a4e9cc93428cc27a56ba40/bin/remote-cli:/home/jonnydang2004/.local/bin:/opt/ros/iron/bin:/home/jonnydang2004/.nvm/versions/node/v18.19.0/bin:/usr/local/sbin:/usr/local/bin:/usr/sbin:/usr/bin:/sbin:/bin:/usr/games:/usr/local/games:/usr/lib/wsl/lib:/mnt/c/Windows/system32:/mnt/c/Windows:/mnt/c/Windows/System32/Wbem:/mnt/c/Windows/System32/WindowsPowerShell/v1.0/:/mnt/c/Windows/System32/OpenSSH/:/mnt/c/Program Files (x86)/Intel/Intel(R) Management Engine Components/DAL:/mnt/c/Program Files/Intel/Intel(R) Management Engine Components/DAL:/mnt/c/Program Files/MATLAB/R2023b/bin:/mnt/c/Program Files/MATLAB/R2022a/bin:/mnt/c/Program Files/Docker/Docker/resources/bin:/mnt/c/Program Files/dotnet/:/mnt/c/Program Files/:/mnt/c/Program Files/Git/cmd:/mnt/c/Program Files (x86)/IVI Foundation/VISA/WinNT/Bin/:/mnt/c/Program Files/IVI Foundation/VISA/Win64/Bin/:/mnt/c/Program Files (x86)/National Instruments/Shared/LabVIEW CLI:/mnt/c/Program Files (x86)/IVI Foundation/IVI/Bin/:/mnt/c/Program Files/IVI Foundation/IVI/Bin/:/mnt/c/Program Files (x86)/IVI Foundation/VISA/WinNT/Bin:/mnt/c/Users/User/AppData/Local/Programs/Python/Python310/Scripts/:/mnt/c/Users/User/AppData/Local/Programs/Python/Python310/:/mnt/c/Users/User/AppData/Local/Microsoft/WindowsApps:/mnt/c/Users/User/AppData/Local/Programs/Microsoft VS Code/bin:/mnt/c/Users/User/AppData/Roaming/npm:/snap/bin:/opt/gradle/gradle-8.5/bin:/opt/gradle/gradle-8.5/bin'), ('XDG_RUNTIME_DIR', '/run/user/1000/'), ('DISPLAY', ':0'), ('LANG', 'en_US.UTF-8'), ('LS_COLORS', 'rs=0:di=01;34:ln=01;36:mh=00:pi=40;33:so=01;35:do=01;35:bd=40;33;01:cd=40;33;01:or=40;31;01:mi=00:su=37;41:sg=30;43:ca=30;41:tw=30;42:ow=34;42:st=37;44:ex=01;32:*.tar=01;31:*.tgz=01;31:*.arc=01;31:*.arj=01;31:*.taz=01;31:*.lha=01;31:*.lz4=01;31:*.lzh=01;31:*.lzma=01;31:*.tlz=01;31:*.txz=01;31:*.tzo=01;31:*.t7z=01;31:*.zip=01;31:*.z=01;31:*.dz=01;31:*.gz=01;31:*.lrz=01;31:*.lz=01;31:*.lzo=01;31:*.xz=01;31:*.zst=01;31:*.tzst=01;31:*.bz2=01;31:*.bz=01;31:*.tbz=01;31:*.tbz2=01;31:*.tz=01;31:*.deb=01;31:*.rpm=01;31:*.jar=01;31:*.war=01;31:*.ear=01;31:*.sar=01;31:*.rar=01;31:*.alz=01;31:*.ace=01;31:*.zoo=01;31:*.cpio=01;31:*.7z=01;31:*.rz=01;31:*.cab=01;31:*.wim=01;31:*.swm=01;31:*.dwm=01;31:*.esd=01;31:*.jpg=01;35:*.jpeg=01;35:*.mjpg=01;35:*.mjpeg=01;35:*.gif=01;35:*.bmp=01;35:*.pbm=01;35:*.pgm=01;35:*.ppm=01;35:*.tga=01;35:*.xbm=01;35:*.xpm=01;35:*.tif=01;35:*.tiff=01;35:*.png=01;35:*.svg=01;35:*.svgz=01;35:*.mng=01;35:*.pcx=01;35:*.mov=01;35:*.mpg=01;35:*.mpeg=01;35:*.m2v=01;35:*.mkv=01;35:*.webm=01;35:*.webp=01;35:*.ogm=01;35:*.mp4=01;35:*.m4v=01;35:*.mp4v=01;35:*.vob=01;35:*.qt=01;35:*.nuv=01;35:*.wmv=01;35:*.asf=01;35:*.rm=01;35:*.rmvb=01;35:*.flc=01;35:*.avi=01;35:*.fli=01;35:*.flv=01;35:*.gl=01;35:*.dl=01;35:*.xcf=01;35:*.xwd=01;35:*.yuv=01;35:*.cgm=01;35:*.emf=01;35:*.ogv=01;35:*.ogx=01;35:*.aac=00;36:*.au=00;36:*.flac=00;36:*.m4a=00;36:*.mid=00;36:*.midi=00;36:*.mka=00;36:*.mp3=00;36:*.mpc=00;36:*.ogg=00;36:*.ra=00;36:*.wav=00;36:*.oga=00;36:*.opus=00;36:*.spx=00;36:*.xspf=00;36:'), ('VSCODE_GIT_IPC_HANDLE', '/run/user/1000/vscode-git-f95bf93406.sock'), ('TERM_PROGRAM', 'vscode'), ('AMENT_PREFIX_PATH', '/opt/ros/iron'), ('SHELL', '/bin/bash'), ('LESSCLOSE', '/usr/bin/lesspipe %s %s'), ('ROS_AUTOMATIC_DISCOVERY_RANGE', 'SUBNET'), ('VSCODE_GIT_ASKPASS_EXTRA_ARGS', ''), ('PWD', '/home/jonnydang2004/QUADRAPED/build/quadruped_interfaces'), ('NVM_CD_FLAGS', ''), ('XDG_DATA_DIRS', '/usr/local/share:/usr/share:/var/lib/snapd/desktop'), ('PYTHONPATH', '/opt/ros/iron/lib/python3.10/site-packages'), ('COLCON', '1'), ('WSL2_GUI_APPS_ENABLED', '1'), ('HOSTTYPE', 'x86_64'), ('WSLENV', 'VSCODE_WSL_EXT_LOCATION/up'), ('CMAKE_PREFIX_PATH', '/opt/ros/iron')]), 'shell': False}
[35.508374] (quadruped_interfaces) StdoutLine: {'line': b'-- Install configuration: ""\n'}
[35.513848] (quadruped_interfaces) StdoutLine: {'line': b'-- Installing: /home/jonnydang2004/QUADRAPED/install/quadruped_interfaces/share/ament_index/resource_index/rosidl_interfaces/quadruped_interfaces\n'}
[35.515357] (quadruped_interfaces) StdoutLine: {'line': b'-- Installing: /home/jonnydang2004/QUADRAPED/install/quadruped_interfaces/share/quadruped_interfaces/msg/Pos.json\n'}
[35.515838] (quadruped_interfaces) StdoutLine: {'line': b'-- Installing: /home/jonnydang2004/QUADRAPED/install/quadruped_interfaces/include/quadruped_interfaces/quadruped_interfaces\n'}
[35.516483] (quadruped_interfaces) StdoutLine: {'line': b'-- Installing: /home/jonnydang2004/QUADRAPED/install/quadruped_interfaces/include/quadruped_interfaces/quadruped_interfaces/msg\n'}
[35.516952] (quadruped_interfaces) StdoutLine: {'line': b'-- Installing: /home/jonnydang2004/QUADRAPED/install/quadruped_interfaces/include/quadruped_interfaces/quadruped_interfaces/msg/pos.h\n'}
[35.517414] (quadruped_interfaces) StdoutLine: {'line': b'-- Installing: /home/jonnydang2004/QUADRAPED/install/quadruped_interfaces/include/quadruped_interfaces/quadruped_interfaces/msg/rosidl_generator_c__visibility_control.h\n'}
[35.517807] (quadruped_interfaces) StdoutLine: {'line': b'-- Installing: /home/jonnydang2004/QUADRAPED/install/quadruped_interfaces/include/quadruped_interfaces/quadruped_interfaces/msg/detail\n'}
[35.518260] (quadruped_interfaces) StdoutLine: {'line': b'-- Installing: /home/jonnydang2004/QUADRAPED/install/quadruped_interfaces/include/quadruped_interfaces/quadruped_interfaces/msg/detail/pos__functions.c\n'}
[35.518855] (quadruped_interfaces) StdoutLine: {'line': b'-- Installing: /home/jonnydang2004/QUADRAPED/install/quadruped_interfaces/include/quadruped_interfaces/quadruped_interfaces/msg/detail/pos__description.c\n'}
[35.519398] (quadruped_interfaces) StdoutLine: {'line': b'-- Installing: /home/jonnydang2004/QUADRAPED/install/quadruped_interfaces/include/quadruped_interfaces/quadruped_interfaces/msg/detail/pos__type_support.c\n'}
[35.519741] (quadruped_interfaces) StdoutLine: {'line': b'-- Installing: /home/jonnydang2004/QUADRAPED/install/quadruped_interfaces/include/quadruped_interfaces/quadruped_interfaces/msg/detail/pos__functions.h\n'}
[35.519922] (quadruped_interfaces) StdoutLine: {'line': b'-- Installing: /home/jonnydang2004/QUADRAPED/install/quadruped_interfaces/include/quadruped_interfaces/quadruped_interfaces/msg/detail/pos__type_support.h\n'}
[35.520120] (quadruped_interfaces) StdoutLine: {'line': b'-- Installing: /home/jonnydang2004/QUADRAPED/install/quadruped_interfaces/include/quadruped_interfaces/quadruped_interfaces/msg/detail/pos__struct.h\n'}
[35.520605] (quadruped_interfaces) StdoutLine: {'line': b'-- Installing: /home/jonnydang2004/QUADRAPED/install/quadruped_interfaces/share/quadruped_interfaces/environment/library_path.sh\n'}
[35.521018] (quadruped_interfaces) StdoutLine: {'line': b'-- Installing: /home/jonnydang2004/QUADRAPED/install/quadruped_interfaces/share/quadruped_interfaces/environment/library_path.dsv\n'}
[35.521510] (quadruped_interfaces) StdoutLine: {'line': b'-- Installing: /home/jonnydang2004/QUADRAPED/install/quadruped_interfaces/lib/libquadruped_interfaces__rosidl_generator_c.so\n'}
[35.524974] (quadruped_interfaces) StdoutLine: {'line': b'-- Set runtime path of "/home/jonnydang2004/QUADRAPED/install/quadruped_interfaces/lib/libquadruped_interfaces__rosidl_generator_c.so" to ""\n'}
[35.525922] (quadruped_interfaces) StdoutLine: {'line': b'-- Up-to-date: /home/jonnydang2004/QUADRAPED/install/quadruped_interfaces/include/quadruped_interfaces/quadruped_interfaces\n'}
[35.526230] (quadruped_interfaces) StdoutLine: {'line': b'-- Up-to-date: /home/jonnydang2004/QUADRAPED/install/quadruped_interfaces/include/quadruped_interfaces/quadruped_interfaces/msg\n'}
[35.526725] (quadruped_interfaces) StdoutLine: {'line': b'-- Installing: /home/jonnydang2004/QUADRAPED/install/quadruped_interfaces/include/quadruped_interfaces/quadruped_interfaces/msg/rosidl_typesupport_fastrtps_c__visibility_control.h\n'}
[35.527026] (quadruped_interfaces) StdoutLine: {'line': b'-- Up-to-date: /home/jonnydang2004/QUADRAPED/install/quadruped_interfaces/include/quadruped_interfaces/quadruped_interfaces/msg/detail\n'}
[35.527348] (quadruped_interfaces) StdoutLine: {'line': b'-- Installing: /home/jonnydang2004/QUADRAPED/install/quadruped_interfaces/include/quadruped_interfaces/quadruped_interfaces/msg/detail/pos__rosidl_typesupport_fastrtps_c.h\n'}
[35.528036] (quadruped_interfaces) StdoutLine: {'line': b'-- Installing: /home/jonnydang2004/QUADRAPED/install/quadruped_interfaces/lib/libquadruped_interfaces__rosidl_typesupport_fastrtps_c.so\n'}
[35.528594] (quadruped_interfaces) StdoutLine: {'line': b'-- Set runtime path of "/home/jonnydang2004/QUADRAPED/install/quadruped_interfaces/lib/libquadruped_interfaces__rosidl_typesupport_fastrtps_c.so" to ""\n'}
[35.528929] (quadruped_interfaces) StdoutLine: {'line': b'-- Up-to-date: /home/jonnydang2004/QUADRAPED/install/quadruped_interfaces/include/quadruped_interfaces/quadruped_interfaces\n'}
[35.529451] (quadruped_interfaces) StdoutLine: {'line': b'-- Up-to-date: /home/jonnydang2004/QUADRAPED/install/quadruped_interfaces/include/quadruped_interfaces/quadruped_interfaces/msg\n'}
[35.529718] (quadruped_interfaces) StdoutLine: {'line': b'-- Installing: /home/jonnydang2004/QUADRAPED/install/quadruped_interfaces/include/quadruped_interfaces/quadruped_interfaces/msg/rosidl_typesupport_introspection_c__visibility_control.h\n'}
[35.529947] (quadruped_interfaces) StdoutLine: {'line': b'-- Up-to-date: /home/jonnydang2004/QUADRAPED/install/quadruped_interfaces/include/quadruped_interfaces/quadruped_interfaces/msg/detail\n'}
[35.530166] (quadruped_interfaces) StdoutLine: {'line': b'-- Installing: /home/jonnydang2004/QUADRAPED/install/quadruped_interfaces/include/quadruped_interfaces/quadruped_interfaces/msg/detail/pos__rosidl_typesupport_introspection_c.h\n'}
[35.530769] (quadruped_interfaces) StdoutLine: {'line': b'-- Installing: /home/jonnydang2004/QUADRAPED/install/quadruped_interfaces/include/quadruped_interfaces/quadruped_interfaces/msg/detail/pos__type_support.c\n'}
[35.530998] (quadruped_interfaces) StdoutLine: {'line': b'-- Installing: /home/jonnydang2004/QUADRAPED/install/quadruped_interfaces/lib/libquadruped_interfaces__rosidl_typesupport_introspection_c.so\n'}
[35.531246] (quadruped_interfaces) StdoutLine: {'line': b'-- Set runtime path of "/home/jonnydang2004/QUADRAPED/install/quadruped_interfaces/lib/libquadruped_interfaces__rosidl_typesupport_introspection_c.so" to ""\n'}
[35.531617] (quadruped_interfaces) StdoutLine: {'line': b'-- Installing: /home/jonnydang2004/QUADRAPED/install/quadruped_interfaces/lib/libquadruped_interfaces__rosidl_typesupport_c.so\n'}
[35.531978] (quadruped_interfaces) StdoutLine: {'line': b'-- Set runtime path of "/home/jonnydang2004/QUADRAPED/install/quadruped_interfaces/lib/libquadruped_interfaces__rosidl_typesupport_c.so" to ""\n'}
[35.532682] (quadruped_interfaces) StdoutLine: {'line': b'-- Up-to-date: /home/jonnydang2004/QUADRAPED/install/quadruped_interfaces/include/quadruped_interfaces/quadruped_interfaces\n'}
[35.533376] (quadruped_interfaces) StdoutLine: {'line': b'-- Up-to-date: /home/jonnydang2004/QUADRAPED/install/quadruped_interfaces/include/quadruped_interfaces/quadruped_interfaces/msg\n'}
[35.533769] (quadruped_interfaces) StdoutLine: {'line': b'-- Installing: /home/jonnydang2004/QUADRAPED/install/quadruped_interfaces/include/quadruped_interfaces/quadruped_interfaces/msg/pos.hpp\n'}
[35.534094] (quadruped_interfaces) StdoutLine: {'line': b'-- Up-to-date: /home/jonnydang2004/QUADRAPED/install/quadruped_interfaces/include/quadruped_interfaces/quadruped_interfaces/msg/detail\n'}
[35.534444] (quadruped_interfaces) StdoutLine: {'line': b'-- Installing: /home/jonnydang2004/QUADRAPED/install/quadruped_interfaces/include/quadruped_interfaces/quadruped_interfaces/msg/detail/pos__struct.hpp\n'}
[35.535242] (quadruped_interfaces) StdoutLine: {'line': b'-- Installing: /home/jonnydang2004/QUADRAPED/install/quadruped_interfaces/include/quadruped_interfaces/quadruped_interfaces/msg/detail/pos__builder.hpp\n'}
[35.535729] (quadruped_interfaces) StdoutLine: {'line': b'-- Installing: /home/jonnydang2004/QUADRAPED/install/quadruped_interfaces/include/quadruped_interfaces/quadruped_interfaces/msg/detail/pos__traits.hpp\n'}
[35.536118] (quadruped_interfaces) StdoutLine: {'line': b'-- Up-to-date: /home/jonnydang2004/QUADRAPED/install/quadruped_interfaces/include/quadruped_interfaces/quadruped_interfaces\n'}
[35.536633] (quadruped_interfaces) StdoutLine: {'line': b'-- Up-to-date: /home/jonnydang2004/QUADRAPED/install/quadruped_interfaces/include/quadruped_interfaces/quadruped_interfaces/msg\n'}
[35.536850] (quadruped_interfaces) StdoutLine: {'line': b'-- Installing: /home/jonnydang2004/QUADRAPED/install/quadruped_interfaces/include/quadruped_interfaces/quadruped_interfaces/msg/rosidl_typesupport_fastrtps_cpp__visibility_control.h\n'}
[35.537045] (quadruped_interfaces) StdoutLine: {'line': b'-- Up-to-date: /home/jonnydang2004/QUADRAPED/install/quadruped_interfaces/include/quadruped_interfaces/quadruped_interfaces/msg/detail\n'}
[35.537260] (quadruped_interfaces) StdoutLine: {'line': b'-- Installing: /home/jonnydang2004/QUADRAPED/install/quadruped_interfaces/include/quadruped_interfaces/quadruped_interfaces/msg/detail/dds_fastrtps\n'}
[35.537493] (quadruped_interfaces) StdoutLine: {'line': b'-- Installing: /home/jonnydang2004/QUADRAPED/install/quadruped_interfaces/include/quadruped_interfaces/quadruped_interfaces/msg/detail/pos__rosidl_typesupport_fastrtps_cpp.hpp\n'}
[35.538207] (quadruped_interfaces) StdoutLine: {'line': b'-- Installing: /home/jonnydang2004/QUADRAPED/install/quadruped_interfaces/lib/libquadruped_interfaces__rosidl_typesupport_fastrtps_cpp.so\n'}
[35.538747] (quadruped_interfaces) StdoutLine: {'line': b'-- Set runtime path of "/home/jonnydang2004/QUADRAPED/install/quadruped_interfaces/lib/libquadruped_interfaces__rosidl_typesupport_fastrtps_cpp.so" to ""\n'}
[35.539100] (quadruped_interfaces) StdoutLine: {'line': b'-- Up-to-date: /home/jonnydang2004/QUADRAPED/install/quadruped_interfaces/include/quadruped_interfaces/quadruped_interfaces\n'}
[35.539371] (quadruped_interfaces) StdoutLine: {'line': b'-- Up-to-date: /home/jonnydang2004/QUADRAPED/install/quadruped_interfaces/include/quadruped_interfaces/quadruped_interfaces/msg\n'}
[35.539648] (quadruped_interfaces) StdoutLine: {'line': b'-- Up-to-date: /home/jonnydang2004/QUADRAPED/install/quadruped_interfaces/include/quadruped_interfaces/quadruped_interfaces/msg/detail\n'}
[35.540012] (quadruped_interfaces) StdoutLine: {'line': b'-- Installing: /home/jonnydang2004/QUADRAPED/install/quadruped_interfaces/include/quadruped_interfaces/quadruped_interfaces/msg/detail/pos__rosidl_typesupport_introspection_cpp.hpp\n'}
[35.540650] (quadruped_interfaces) StdoutLine: {'line': b'-- Installing: /home/jonnydang2004/QUADRAPED/install/quadruped_interfaces/include/quadruped_interfaces/quadruped_interfaces/msg/detail/pos__type_support.cpp\n'}
[35.540945] (quadruped_interfaces) StdoutLine: {'line': b'-- Installing: /home/jonnydang2004/QUADRAPED/install/quadruped_interfaces/lib/libquadruped_interfaces__rosidl_typesupport_introspection_cpp.so\n'}
[35.541236] (quadruped_interfaces) StdoutLine: {'line': b'-- Set runtime path of "/home/jonnydang2004/QUADRAPED/install/quadruped_interfaces/lib/libquadruped_interfaces__rosidl_typesupport_introspection_cpp.so" to ""\n'}
[35.541523] (quadruped_interfaces) StdoutLine: {'line': b'-- Installing: /home/jonnydang2004/QUADRAPED/install/quadruped_interfaces/lib/libquadruped_interfaces__rosidl_typesupport_cpp.so\n'}
[35.549912] (quadruped_interfaces) StdoutLine: {'line': b'-- Set runtime path of "/home/jonnydang2004/QUADRAPED/install/quadruped_interfaces/lib/libquadruped_interfaces__rosidl_typesupport_cpp.so" to ""\n'}
[35.550727] (quadruped_interfaces) StdoutLine: {'line': b'-- Installing: /home/jonnydang2004/QUADRAPED/install/quadruped_interfaces/share/quadruped_interfaces/environment/pythonpath.sh\n'}
[35.550981] (quadruped_interfaces) StdoutLine: {'line': b'-- Installing: /home/jonnydang2004/QUADRAPED/install/quadruped_interfaces/share/quadruped_interfaces/environment/pythonpath.dsv\n'}
[35.551218] (quadruped_interfaces) StdoutLine: {'line': b'-- Installing: /home/jonnydang2004/QUADRAPED/install/quadruped_interfaces/lib/python3.10/site-packages/quadruped_interfaces-0.0.0-py3.10.egg-info\n'}
[35.554131] (quadruped_interfaces) StdoutLine: {'line': b'-- Installing: /home/jonnydang2004/QUADRAPED/install/quadruped_interfaces/lib/python3.10/site-packages/quadruped_interfaces-0.0.0-py3.10.egg-info/top_level.txt\n'}
[35.554536] (quadruped_interfaces) StdoutLine: {'line': b'-- Installing: /home/jonnydang2004/QUADRAPED/install/quadruped_interfaces/lib/python3.10/site-packages/quadruped_interfaces-0.0.0-py3.10.egg-info/dependency_links.txt\n'}
[35.554934] (quadruped_interfaces) StdoutLine: {'line': b'-- Installing: /home/jonnydang2004/QUADRAPED/install/quadruped_interfaces/lib/python3.10/site-packages/quadruped_interfaces-0.0.0-py3.10.egg-info/SOURCES.txt\n'}
[35.555235] (quadruped_interfaces) StdoutLine: {'line': b'-- Installing: /home/jonnydang2004/QUADRAPED/install/quadruped_interfaces/lib/python3.10/site-packages/quadruped_interfaces-0.0.0-py3.10.egg-info/PKG-INFO\n'}
[35.555486] (quadruped_interfaces) StdoutLine: {'line': b'-- Installing: /home/jonnydang2004/QUADRAPED/install/quadruped_interfaces/lib/python3.10/site-packages/quadruped_interfaces\n'}
[35.555748] (quadruped_interfaces) StdoutLine: {'line': b'-- Installing: /home/jonnydang2004/QUADRAPED/install/quadruped_interfaces/lib/python3.10/site-packages/quadruped_interfaces/quadruped_interfaces_s__rosidl_typesupport_fastrtps_c.cpython-310-x86_64-linux-gnu.so\n'}
[35.557298] (quadruped_interfaces) StdoutLine: {'line': b'-- Installing: /home/jonnydang2004/QUADRAPED/install/quadruped_interfaces/lib/python3.10/site-packages/quadruped_interfaces/libquadruped_interfaces__rosidl_generator_py.so\n'}
[35.558773] (quadruped_interfaces) StdoutLine: {'line': b'-- Installing: /home/jonnydang2004/QUADRAPED/install/quadruped_interfaces/lib/python3.10/site-packages/quadruped_interfaces/quadruped_interfaces_s__rosidl_typesupport_c.cpython-310-x86_64-linux-gnu.so\n'}
[35.559192] (quadruped_interfaces) StdoutLine: {'line': b'-- Installing: /home/jonnydang2004/QUADRAPED/install/quadruped_interfaces/lib/python3.10/site-packages/quadruped_interfaces/msg\n'}
[35.560402] (quadruped_interfaces) StdoutLine: {'line': b'-- Installing: /home/jonnydang2004/QUADRAPED/install/quadruped_interfaces/lib/python3.10/site-packages/quadruped_interfaces/msg/_pos_s.c\n'}
[35.560868] (quadruped_interfaces) StdoutLine: {'line': b'-- Installing: /home/jonnydang2004/QUADRAPED/install/quadruped_interfaces/lib/python3.10/site-packages/quadruped_interfaces/msg/_pos.py\n'}
[35.561168] (quadruped_interfaces) StdoutLine: {'line': b'-- Installing: /home/jonnydang2004/QUADRAPED/install/quadruped_interfaces/lib/python3.10/site-packages/quadruped_interfaces/msg/__init__.py\n'}
[35.562033] (quadruped_interfaces) StdoutLine: {'line': b'-- Installing: /home/jonnydang2004/QUADRAPED/install/quadruped_interfaces/lib/python3.10/site-packages/quadruped_interfaces/_quadruped_interfaces_s.ep.rosidl_typesupport_introspection_c.c\n'}
[35.563173] (quadruped_interfaces) StdoutLine: {'line': b'-- Installing: /home/jonnydang2004/QUADRAPED/install/quadruped_interfaces/lib/python3.10/site-packages/quadruped_interfaces/quadruped_interfaces_s__rosidl_typesupport_introspection_c.cpython-310-x86_64-linux-gnu.so\n'}
[35.563603] (quadruped_interfaces) StdoutLine: {'line': b'-- Installing: /home/jonnydang2004/QUADRAPED/install/quadruped_interfaces/lib/python3.10/site-packages/quadruped_interfaces/_quadruped_interfaces_s.ep.rosidl_typesupport_c.c\n'}
[35.563992] (quadruped_interfaces) StdoutLine: {'line': b'-- Installing: /home/jonnydang2004/QUADRAPED/install/quadruped_interfaces/lib/python3.10/site-packages/quadruped_interfaces/_quadruped_interfaces_s.ep.rosidl_typesupport_fastrtps_c.c\n'}
[35.564264] (quadruped_interfaces) StdoutLine: {'line': b'-- Installing: /home/jonnydang2004/QUADRAPED/install/quadruped_interfaces/lib/python3.10/site-packages/quadruped_interfaces/__init__.py\n'}
[35.569567] (-) TimerEvent: {}
[35.643802] (quadruped_interfaces) StdoutLine: {'line': b"Listing '/home/jonnydang2004/QUADRAPED/install/quadruped_interfaces/lib/python3.10/site-packages/quadruped_interfaces'...\n"}
[35.644174] (quadruped_interfaces) StdoutLine: {'line': b"Compiling '/home/jonnydang2004/QUADRAPED/install/quadruped_interfaces/lib/python3.10/site-packages/quadruped_interfaces/__init__.py'...\n"}
[35.644415] (quadruped_interfaces) StdoutLine: {'line': b"Listing '/home/jonnydang2004/QUADRAPED/install/quadruped_interfaces/lib/python3.10/site-packages/quadruped_interfaces/msg'...\n"}
[35.644601] (quadruped_interfaces) StdoutLine: {'line': b"Compiling '/home/jonnydang2004/QUADRAPED/install/quadruped_interfaces/lib/python3.10/site-packages/quadruped_interfaces/msg/__init__.py'...\n"}
[35.644871] (quadruped_interfaces) StdoutLine: {'line': b"Compiling '/home/jonnydang2004/QUADRAPED/install/quadruped_interfaces/lib/python3.10/site-packages/quadruped_interfaces/msg/_pos.py'...\n"}
[35.661576] (quadruped_interfaces) StdoutLine: {'line': b'-- Installing: /home/jonnydang2004/QUADRAPED/install/quadruped_interfaces/lib/python3.10/site-packages/quadruped_interfaces/quadruped_interfaces_s__rosidl_typesupport_fastrtps_c.cpython-310-x86_64-linux-gnu.so\n'}
[35.662747] (quadruped_interfaces) StdoutLine: {'line': b'-- Set runtime path of "/home/jonnydang2004/QUADRAPED/install/quadruped_interfaces/lib/python3.10/site-packages/quadruped_interfaces/quadruped_interfaces_s__rosidl_typesupport_fastrtps_c.cpython-310-x86_64-linux-gnu.so" to ""\n'}
[35.663374] (quadruped_interfaces) StdoutLine: {'line': b'-- Installing: /home/jonnydang2004/QUADRAPED/install/quadruped_interfaces/lib/python3.10/site-packages/quadruped_interfaces/quadruped_interfaces_s__rosidl_typesupport_introspection_c.cpython-310-x86_64-linux-gnu.so\n'}
[35.664458] (quadruped_interfaces) StdoutLine: {'line': b'-- Set runtime path of "/home/jonnydang2004/QUADRAPED/install/quadruped_interfaces/lib/python3.10/site-packages/quadruped_interfaces/quadruped_interfaces_s__rosidl_typesupport_introspection_c.cpython-310-x86_64-linux-gnu.so" to ""\n'}
[35.665115] (quadruped_interfaces) StdoutLine: {'line': b'-- Installing: /home/jonnydang2004/QUADRAPED/install/quadruped_interfaces/lib/python3.10/site-packages/quadruped_interfaces/quadruped_interfaces_s__rosidl_typesupport_c.cpython-310-x86_64-linux-gnu.so\n'}
[35.666219] (quadruped_interfaces) StdoutLine: {'line': b'-- Set runtime path of "/home/jonnydang2004/QUADRAPED/install/quadruped_interfaces/lib/python3.10/site-packages/quadruped_interfaces/quadruped_interfaces_s__rosidl_typesupport_c.cpython-310-x86_64-linux-gnu.so" to ""\n'}
[35.666570] (quadruped_interfaces) StdoutLine: {'line': b'-- Installing: /home/jonnydang2004/QUADRAPED/install/quadruped_interfaces/lib/libquadruped_interfaces__rosidl_generator_py.so\n'}
[35.667586] (quadruped_interfaces) StdoutLine: {'line': b'-- Set runtime path of "/home/jonnydang2004/QUADRAPED/install/quadruped_interfaces/lib/libquadruped_interfaces__rosidl_generator_py.so" to ""\n'}
[35.667934] (quadruped_interfaces) StdoutLine: {'line': b'-- Installing: /home/jonnydang2004/QUADRAPED/install/quadruped_interfaces/share/quadruped_interfaces/msg/Pos.idl\n'}
[35.669689] (-) TimerEvent: {}
[35.670422] (quadruped_interfaces) StdoutLine: {'line': b'-- Installing: /home/jonnydang2004/QUADRAPED/install/quadruped_interfaces/share/quadruped_interfaces/msg/Pos.msg\n'}
[35.670955] (quadruped_interfaces) StdoutLine: {'line': b'-- Installing: /home/jonnydang2004/QUADRAPED/install/quadruped_interfaces/share/ament_index/resource_index/package_run_dependencies/quadruped_interfaces\n'}
[35.672025] (quadruped_interfaces) StdoutLine: {'line': b'-- Installing: /home/jonnydang2004/QUADRAPED/install/quadruped_interfaces/share/ament_index/resource_index/parent_prefix_path/quadruped_interfaces\n'}
[35.673090] (quadruped_interfaces) StdoutLine: {'line': b'-- Installing: /home/jonnydang2004/QUADRAPED/install/quadruped_interfaces/share/quadruped_interfaces/environment/ament_prefix_path.sh\n'}
[35.673492] (quadruped_interfaces) StdoutLine: {'line': b'-- Installing: /home/jonnydang2004/QUADRAPED/install/quadruped_interfaces/share/quadruped_interfaces/environment/ament_prefix_path.dsv\n'}
[35.674671] (quadruped_interfaces) StdoutLine: {'line': b'-- Installing: /home/jonnydang2004/QUADRAPED/install/quadruped_interfaces/share/quadruped_interfaces/environment/path.sh\n'}
[35.675113] (quadruped_interfaces) StdoutLine: {'line': b'-- Installing: /home/jonnydang2004/QUADRAPED/install/quadruped_interfaces/share/quadruped_interfaces/environment/path.dsv\n'}
[35.681635] (quadruped_interfaces) StdoutLine: {'line': b'-- Installing: /home/jonnydang2004/QUADRAPED/install/quadruped_interfaces/share/quadruped_interfaces/local_setup.bash\n'}
[35.682134] (quadruped_interfaces) StdoutLine: {'line': b'-- Installing: /home/jonnydang2004/QUADRAPED/install/quadruped_interfaces/share/quadruped_interfaces/local_setup.sh\n'}
[35.682394] (quadruped_interfaces) StdoutLine: {'line': b'-- Installing: /home/jonnydang2004/QUADRAPED/install/quadruped_interfaces/share/quadruped_interfaces/local_setup.zsh\n'}
[35.682694] (quadruped_interfaces) StdoutLine: {'line': b'-- Installing: /home/jonnydang2004/QUADRAPED/install/quadruped_interfaces/share/quadruped_interfaces/local_setup.dsv\n'}
[35.682995] (quadruped_interfaces) StdoutLine: {'line': b'-- Installing: /home/jonnydang2004/QUADRAPED/install/quadruped_interfaces/share/quadruped_interfaces/package.dsv\n'}
[35.683214] (quadruped_interfaces) StdoutLine: {'line': b'-- Installing: /home/jonnydang2004/QUADRAPED/install/quadruped_interfaces/share/ament_index/resource_index/packages/quadruped_interfaces\n'}
[35.683466] (quadruped_interfaces) StdoutLine: {'line': b'-- Installing: /home/jonnydang2004/QUADRAPED/install/quadruped_interfaces/share/quadruped_interfaces/cmake/export_quadruped_interfaces__rosidl_generator_cExport.cmake\n'}
[35.684183] (quadruped_interfaces) StdoutLine: {'line': b'-- Installing: /home/jonnydang2004/QUADRAPED/install/quadruped_interfaces/share/quadruped_interfaces/cmake/export_quadruped_interfaces__rosidl_generator_cExport-noconfig.cmake\n'}
[35.684636] (quadruped_interfaces) StdoutLine: {'line': b'-- Installing: /home/jonnydang2004/QUADRAPED/install/quadruped_interfaces/share/quadruped_interfaces/cmake/export_quadruped_interfaces__rosidl_typesupport_fastrtps_cExport.cmake\n'}
[35.686035] (quadruped_interfaces) StdoutLine: {'line': b'-- Installing: /home/jonnydang2004/QUADRAPED/install/quadruped_interfaces/share/quadruped_interfaces/cmake/export_quadruped_interfaces__rosidl_typesupport_fastrtps_cExport-noconfig.cmake\n'}
[35.690767] (quadruped_interfaces) StdoutLine: {'line': b'-- Installing: /home/jonnydang2004/QUADRAPED/install/quadruped_interfaces/share/quadruped_interfaces/cmake/quadruped_interfaces__rosidl_typesupport_introspection_cExport.cmake\n'}
[35.695287] (quadruped_interfaces) StdoutLine: {'line': b'-- Installing: /home/jonnydang2004/QUADRAPED/install/quadruped_interfaces/share/quadruped_interfaces/cmake/quadruped_interfaces__rosidl_typesupport_introspection_cExport-noconfig.cmake\n'}
[35.695825] (quadruped_interfaces) StdoutLine: {'line': b'-- Installing: /home/jonnydang2004/QUADRAPED/install/quadruped_interfaces/share/quadruped_interfaces/cmake/quadruped_interfaces__rosidl_typesupport_cExport.cmake\n'}
[35.696025] (quadruped_interfaces) StdoutLine: {'line': b'-- Installing: /home/jonnydang2004/QUADRAPED/install/quadruped_interfaces/share/quadruped_interfaces/cmake/quadruped_interfaces__rosidl_typesupport_cExport-noconfig.cmake\n'}
[35.696320] (quadruped_interfaces) StdoutLine: {'line': b'-- Installing: /home/jonnydang2004/QUADRAPED/install/quadruped_interfaces/share/quadruped_interfaces/cmake/export_quadruped_interfaces__rosidl_generator_cppExport.cmake\n'}
[35.697208] (quadruped_interfaces) StdoutLine: {'line': b'-- Installing: /home/jonnydang2004/QUADRAPED/install/quadruped_interfaces/share/quadruped_interfaces/cmake/export_quadruped_interfaces__rosidl_typesupport_fastrtps_cppExport.cmake\n'}
[35.697630] (quadruped_interfaces) StdoutLine: {'line': b'-- Installing: /home/jonnydang2004/QUADRAPED/install/quadruped_interfaces/share/quadruped_interfaces/cmake/export_quadruped_interfaces__rosidl_typesupport_fastrtps_cppExport-noconfig.cmake\n'}
[35.698227] (quadruped_interfaces) StdoutLine: {'line': b'-- Installing: /home/jonnydang2004/QUADRAPED/install/quadruped_interfaces/share/quadruped_interfaces/cmake/quadruped_interfaces__rosidl_typesupport_introspection_cppExport.cmake\n'}
[35.698736] (quadruped_interfaces) StdoutLine: {'line': b'-- Installing: /home/jonnydang2004/QUADRAPED/install/quadruped_interfaces/share/quadruped_interfaces/cmake/quadruped_interfaces__rosidl_typesupport_introspection_cppExport-noconfig.cmake\n'}
[35.699155] (quadruped_interfaces) StdoutLine: {'line': b'-- Installing: /home/jonnydang2004/QUADRAPED/install/quadruped_interfaces/share/quadruped_interfaces/cmake/quadruped_interfaces__rosidl_typesupport_cppExport.cmake\n'}
[35.699598] (quadruped_interfaces) StdoutLine: {'line': b'-- Installing: /home/jonnydang2004/QUADRAPED/install/quadruped_interfaces/share/quadruped_interfaces/cmake/quadruped_interfaces__rosidl_typesupport_cppExport-noconfig.cmake\n'}
[35.700096] (quadruped_interfaces) StdoutLine: {'line': b'-- Installing: /home/jonnydang2004/QUADRAPED/install/quadruped_interfaces/share/quadruped_interfaces/cmake/export_quadruped_interfaces__rosidl_generator_pyExport.cmake\n'}
[35.700484] (quadruped_interfaces) StdoutLine: {'line': b'-- Installing: /home/jonnydang2004/QUADRAPED/install/quadruped_interfaces/share/quadruped_interfaces/cmake/export_quadruped_interfaces__rosidl_generator_pyExport-noconfig.cmake\n'}
[35.701128] (quadruped_interfaces) StdoutLine: {'line': b'-- Installing: /home/jonnydang2004/QUADRAPED/install/quadruped_interfaces/share/quadruped_interfaces/cmake/rosidl_cmake-extras.cmake\n'}
[35.701482] (quadruped_interfaces) StdoutLine: {'line': b'-- Installing: /home/jonnydang2004/QUADRAPED/install/quadruped_interfaces/share/quadruped_interfaces/cmake/ament_cmake_export_include_directories-extras.cmake\n'}
[35.702449] (quadruped_interfaces) StdoutLine: {'line': b'-- Installing: /home/jonnydang2004/QUADRAPED/install/quadruped_interfaces/share/quadruped_interfaces/cmake/ament_cmake_export_libraries-extras.cmake\n'}
[35.702804] (quadruped_interfaces) StdoutLine: {'line': b'-- Installing: /home/jonnydang2004/QUADRAPED/install/quadruped_interfaces/share/quadruped_interfaces/cmake/ament_cmake_export_targets-extras.cmake\n'}
[35.703143] (quadruped_interfaces) StdoutLine: {'line': b'-- Installing: /home/jonnydang2004/QUADRAPED/install/quadruped_interfaces/share/quadruped_interfaces/cmake/rosidl_cmake_export_typesupport_targets-extras.cmake\n'}
[35.704933] (quadruped_interfaces) StdoutLine: {'line': b'-- Installing: /home/jonnydang2004/QUADRAPED/install/quadruped_interfaces/share/quadruped_interfaces/cmake/ament_cmake_export_dependencies-extras.cmake\n'}
[35.707840] (quadruped_interfaces) StdoutLine: {'line': b'-- Installing: /home/jonnydang2004/QUADRAPED/install/quadruped_interfaces/share/quadruped_interfaces/cmake/rosidl_cmake_export_typesupport_libraries-extras.cmake\n'}
[35.708207] (quadruped_interfaces) StdoutLine: {'line': b'-- Installing: /home/jonnydang2004/QUADRAPED/install/quadruped_interfaces/share/quadruped_interfaces/cmake/quadruped_interfacesConfig.cmake\n'}
[35.708435] (quadruped_interfaces) StdoutLine: {'line': b'-- Installing: /home/jonnydang2004/QUADRAPED/install/quadruped_interfaces/share/quadruped_interfaces/cmake/quadruped_interfacesConfig-version.cmake\n'}
[35.709348] (quadruped_interfaces) StdoutLine: {'line': b'-- Installing: /home/jonnydang2004/QUADRAPED/install/quadruped_interfaces/share/quadruped_interfaces/package.xml\n'}
[35.714617] (quadruped_interfaces) CommandEnded: {'returncode': 0}
[35.769873] (-) TimerEvent: {}
[35.871668] (-) TimerEvent: {}
[35.972277] (-) TimerEvent: {}
[35.997841] (quadruped_interfaces) JobEnded: {'identifier': 'quadruped_interfaces', 'rc': 0}
[35.999719] (quadruped_control) JobStarted: {'identifier': 'quadruped_control'}
[36.072522] (-) TimerEvent: {}
[36.173137] (-) TimerEvent: {}
[36.273716] (-) TimerEvent: {}
[36.353843] (quadruped_control) JobProgress: {'identifier': 'quadruped_control', 'progress': 'cmake'}
[36.353965] (quadruped_control) Command: {'cmd': ['/usr/bin/cmake', '/home/jonnydang2004/QUADRAPED/src/quadruped_control', '-DCMAKE_INSTALL_PREFIX=/home/jonnydang2004/QUADRAPED/install/quadruped_control'], 'cwd': '/home/jonnydang2004/QUADRAPED/build/quadruped_control', 'env': OrderedDict([('LESSOPEN', '| /usr/bin/lesspipe %s'), ('USER', 'jonnydang2004'), ('GIT_ASKPASS', '/home/jonnydang2004/.vscode-server/bin/38c31bc77e0dd6ae88a4e9cc93428cc27a56ba40/extensions/git/dist/askpass.sh'), ('SHLVL', '1'), ('LD_LIBRARY_PATH', '/home/jonnydang2004/QUADRAPED/install/quadruped_interfaces/lib:/opt/ros/iron/opt/rviz_ogre_vendor/lib:/opt/ros/iron/lib/x86_64-linux-gnu:/opt/ros/iron/lib'), ('HOME', '/home/jonnydang2004'), ('TERM_PROGRAM_VERSION', '1.93.1'), ('NVM_BIN', '/home/jonnydang2004/.nvm/versions/node/v18.19.0/bin'), ('VSCODE_IPC_HOOK_CLI', '/run/user/1000/vscode-ipc-aeaa321f-954c-44ec-865c-68b87d92bff0.sock'), ('NVM_INC', '/home/jonnydang2004/.nvm/versions/node/v18.19.0/include/node'), ('ROS_PYTHON_VERSION', '3'), ('VSCODE_GIT_ASKPASS_MAIN', '/home/jonnydang2004/.vscode-server/bin/38c31bc77e0dd6ae88a4e9cc93428cc27a56ba40/extensions/git/dist/askpass-main.js'), ('VSCODE_GIT_ASKPASS_NODE', '/home/jonnydang2004/.vscode-server/bin/38c31bc77e0dd6ae88a4e9cc93428cc27a56ba40/node'), ('DBUS_SESSION_BUS_ADDRESS', 'unix:path=/run/user/1000/bus'), ('COLORTERM', 'truecolor'), ('WSL_DISTRO_NAME', 'Ubuntu'), ('NVM_DIR', '/home/jonnydang2004/.nvm'), ('WAYLAND_DISPLAY', 'wayland-0'), ('ROS_DISTRO', 'iron'), ('LOGNAME', 'jonnydang2004'), ('NAME', 'DESKTOP-JO2E52O'), ('WSL_INTEROP', '/run/WSL/33065_interop'), ('PULSE_SERVER', 'unix:/mnt/wslg/PulseServer'), ('_', '/usr/bin/colcon'), ('ROS_VERSION', '2'), ('TERM', 'xterm-256color'), ('_colcon_cd_rott', '/opt/ros/iron/'), ('PATH', '/home/jonnydang2004/.vscode-server/bin/38c31bc77e0dd6ae88a4e9cc93428cc27a56ba40/bin/remote-cli:/home/jonnydang2004/.local/bin:/opt/ros/iron/bin:/home/jonnydang2004/.nvm/versions/node/v18.19.0/bin:/usr/local/sbin:/usr/local/bin:/usr/sbin:/usr/bin:/sbin:/bin:/usr/games:/usr/local/games:/usr/lib/wsl/lib:/mnt/c/Windows/system32:/mnt/c/Windows:/mnt/c/Windows/System32/Wbem:/mnt/c/Windows/System32/WindowsPowerShell/v1.0/:/mnt/c/Windows/System32/OpenSSH/:/mnt/c/Program Files (x86)/Intel/Intel(R) Management Engine Components/DAL:/mnt/c/Program Files/Intel/Intel(R) Management Engine Components/DAL:/mnt/c/Program Files/MATLAB/R2023b/bin:/mnt/c/Program Files/MATLAB/R2022a/bin:/mnt/c/Program Files/Docker/Docker/resources/bin:/mnt/c/Program Files/dotnet/:/mnt/c/Program Files/:/mnt/c/Program Files/Git/cmd:/mnt/c/Program Files (x86)/IVI Foundation/VISA/WinNT/Bin/:/mnt/c/Program Files/IVI Foundation/VISA/Win64/Bin/:/mnt/c/Program Files (x86)/National Instruments/Shared/LabVIEW CLI:/mnt/c/Program Files (x86)/IVI Foundation/IVI/Bin/:/mnt/c/Program Files/IVI Foundation/IVI/Bin/:/mnt/c/Program Files (x86)/IVI Foundation/VISA/WinNT/Bin:/mnt/c/Users/User/AppData/Local/Programs/Python/Python310/Scripts/:/mnt/c/Users/User/AppData/Local/Programs/Python/Python310/:/mnt/c/Users/User/AppData/Local/Microsoft/WindowsApps:/mnt/c/Users/User/AppData/Local/Programs/Microsoft VS Code/bin:/mnt/c/Users/User/AppData/Roaming/npm:/snap/bin:/opt/gradle/gradle-8.5/bin:/opt/gradle/gradle-8.5/bin'), ('XDG_RUNTIME_DIR', '/run/user/1000/'), ('DISPLAY', ':0'), ('LANG', 'en_US.UTF-8'), ('LS_COLORS', 'rs=0:di=01;34:ln=01;36:mh=00:pi=40;33:so=01;35:do=01;35:bd=40;33;01:cd=40;33;01:or=40;31;01:mi=00:su=37;41:sg=30;43:ca=30;41:tw=30;42:ow=34;42:st=37;44:ex=01;32:*.tar=01;31:*.tgz=01;31:*.arc=01;31:*.arj=01;31:*.taz=01;31:*.lha=01;31:*.lz4=01;31:*.lzh=01;31:*.lzma=01;31:*.tlz=01;31:*.txz=01;31:*.tzo=01;31:*.t7z=01;31:*.zip=01;31:*.z=01;31:*.dz=01;31:*.gz=01;31:*.lrz=01;31:*.lz=01;31:*.lzo=01;31:*.xz=01;31:*.zst=01;31:*.tzst=01;31:*.bz2=01;31:*.bz=01;31:*.tbz=01;31:*.tbz2=01;31:*.tz=01;31:*.deb=01;31:*.rpm=01;31:*.jar=01;31:*.war=01;31:*.ear=01;31:*.sar=01;31:*.rar=01;31:*.alz=01;31:*.ace=01;31:*.zoo=01;31:*.cpio=01;31:*.7z=01;31:*.rz=01;31:*.cab=01;31:*.wim=01;31:*.swm=01;31:*.dwm=01;31:*.esd=01;31:*.jpg=01;35:*.jpeg=01;35:*.mjpg=01;35:*.mjpeg=01;35:*.gif=01;35:*.bmp=01;35:*.pbm=01;35:*.pgm=01;35:*.ppm=01;35:*.tga=01;35:*.xbm=01;35:*.xpm=01;35:*.tif=01;35:*.tiff=01;35:*.png=01;35:*.svg=01;35:*.svgz=01;35:*.mng=01;35:*.pcx=01;35:*.mov=01;35:*.mpg=01;35:*.mpeg=01;35:*.m2v=01;35:*.mkv=01;35:*.webm=01;35:*.webp=01;35:*.ogm=01;35:*.mp4=01;35:*.m4v=01;35:*.mp4v=01;35:*.vob=01;35:*.qt=01;35:*.nuv=01;35:*.wmv=01;35:*.asf=01;35:*.rm=01;35:*.rmvb=01;35:*.flc=01;35:*.avi=01;35:*.fli=01;35:*.flv=01;35:*.gl=01;35:*.dl=01;35:*.xcf=01;35:*.xwd=01;35:*.yuv=01;35:*.cgm=01;35:*.emf=01;35:*.ogv=01;35:*.ogx=01;35:*.aac=00;36:*.au=00;36:*.flac=00;36:*.m4a=00;36:*.mid=00;36:*.midi=00;36:*.mka=00;36:*.mp3=00;36:*.mpc=00;36:*.ogg=00;36:*.ra=00;36:*.wav=00;36:*.oga=00;36:*.opus=00;36:*.spx=00;36:*.xspf=00;36:'), ('VSCODE_GIT_IPC_HANDLE', '/run/user/1000/vscode-git-f95bf93406.sock'), ('TERM_PROGRAM', 'vscode'), ('AMENT_PREFIX_PATH', '/home/jonnydang2004/QUADRAPED/install/quadruped_interfaces:/opt/ros/iron'), ('SHELL', '/bin/bash'), ('LESSCLOSE', '/usr/bin/lesspipe %s %s'), ('ROS_AUTOMATIC_DISCOVERY_RANGE', 'SUBNET'), ('VSCODE_GIT_ASKPASS_EXTRA_ARGS', ''), ('PWD', '/home/jonnydang2004/QUADRAPED/build/quadruped_control'), ('NVM_CD_FLAGS', ''), ('XDG_DATA_DIRS', '/usr/local/share:/usr/share:/var/lib/snapd/desktop'), ('PYTHONPATH', '/home/jonnydang2004/QUADRAPED/install/quadruped_interfaces/lib/python3.10/site-packages:/opt/ros/iron/lib/python3.10/site-packages'), ('COLCON', '1'), ('WSL2_GUI_APPS_ENABLED', '1'), ('HOSTTYPE', 'x86_64'), ('WSLENV', 'VSCODE_WSL_EXT_LOCATION/up'), ('CMAKE_PREFIX_PATH', '/home/jonnydang2004/QUADRAPED/install/quadruped_interfaces:/opt/ros/iron')]), 'shell': False}
[36.373960] (-) TimerEvent: {}
[36.474622] (-) TimerEvent: {}
[36.575290] (-) TimerEvent: {}
[36.675836] (-) TimerEvent: {}
[36.687726] (quadruped_control) StdoutLine: {'line': b'-- The C compiler identification is GNU 11.4.0\n'}
[36.776035] (-) TimerEvent: {}
[36.876630] (-) TimerEvent: {}
[36.977258] (-) TimerEvent: {}
[37.077839] (-) TimerEvent: {}
[37.178431] (-) TimerEvent: {}
[37.278979] (-) TimerEvent: {}
[37.379640] (-) TimerEvent: {}
[37.480197] (-) TimerEvent: {}
[37.580756] (-) TimerEvent: {}
[37.681294] (-) TimerEvent: {}
[37.781925] (-) TimerEvent: {}
[37.882472] (-) TimerEvent: {}
[37.913823] (quadruped_control) StdoutLine: {'line': b'-- The CXX compiler identification is GNU 11.4.0\n'}
[37.982630] (-) TimerEvent: {}
[38.083196] (-) TimerEvent: {}
[38.183767] (-) TimerEvent: {}
[38.284336] (-) TimerEvent: {}
[38.384937] (-) TimerEvent: {}
[38.485433] (-) TimerEvent: {}
[38.586039] (-) TimerEvent: {}
[38.654899] (quadruped_control) StdoutLine: {'line': b'-- Detecting C compiler ABI info\n'}
[38.686354] (-) TimerEvent: {}
[38.787061] (-) TimerEvent: {}
[38.887689] (-) TimerEvent: {}
[38.988315] (-) TimerEvent: {}
[39.007284] (quadruped_control) StdoutLine: {'line': b'-- Detecting C compiler ABI info - done\n'}
[39.030868] (quadruped_control) StdoutLine: {'line': b'-- Check for working C compiler: /usr/bin/cc - skipped\n'}
[39.031403] (quadruped_control) StdoutLine: {'line': b'-- Detecting C compile features\n'}
[39.032452] (quadruped_control) StdoutLine: {'line': b'-- Detecting C compile features - done\n'}
[39.039648] (quadruped_control) StdoutLine: {'line': b'-- Detecting CXX compiler ABI info\n'}
[39.088477] (-) TimerEvent: {}
[39.188975] (-) TimerEvent: {}
[39.289581] (-) TimerEvent: {}
[39.390161] (-) TimerEvent: {}
[39.423076] (quadruped_control) StdoutLine: {'line': b'-- Detecting CXX compiler ABI info - done\n'}
[39.433427] (quadruped_control) StdoutLine: {'line': b'-- Check for working CXX compiler: /usr/bin/c++ - skipped\n'}
[39.433943] (quadruped_control) StdoutLine: {'line': b'-- Detecting CXX compile features\n'}
[39.438569] (quadruped_control) StdoutLine: {'line': b'-- Detecting CXX compile features - done\n'}
[39.443325] (quadruped_control) StdoutLine: {'line': b'-- Found ament_cmake: 2.0.5 (/opt/ros/iron/share/ament_cmake/cmake)\n'}
[39.490327] (-) TimerEvent: {}
[39.590914] (-) TimerEvent: {}
[39.692044] (-) TimerEvent: {}
[39.792594] (-) TimerEvent: {}
[39.893223] (-) TimerEvent: {}
[39.993699] (-) TimerEvent: {}
[40.083848] (quadruped_control) StdoutLine: {'line': b'-- Found Python3: /usr/bin/python3.10 (found version "3.10.12") found components: Interpreter \n'}
[40.093900] (-) TimerEvent: {}
[40.194476] (-) TimerEvent: {}
[40.295020] (-) TimerEvent: {}
[40.344159] (quadruped_control) StdoutLine: {'line': b'-- Found rclcpp: 21.0.6 (/opt/ros/iron/share/rclcpp/cmake)\n'}
[40.395212] (-) TimerEvent: {}
[40.495723] (-) TimerEvent: {}
[40.596352] (-) TimerEvent: {}
[40.697034] (-) TimerEvent: {}
[40.735046] (quadruped_control) StdoutLine: {'line': b'-- Found rosidl_generator_c: 4.0.1 (/opt/ros/iron/share/rosidl_generator_c/cmake)\n'}
[40.764598] (quadruped_control) StdoutLine: {'line': b'-- Found rosidl_generator_cpp: 4.0.1 (/opt/ros/iron/share/rosidl_generator_cpp/cmake)\n'}
[40.797200] (-) TimerEvent: {}
[40.803363] (quadruped_control) StdoutLine: {'line': b'-- Using all available rosidl_typesupport_c: rosidl_typesupport_fastrtps_c;rosidl_typesupport_introspection_c\n'}
[40.858851] (quadruped_control) StdoutLine: {'line': b'-- Using all available rosidl_typesupport_cpp: rosidl_typesupport_fastrtps_cpp;rosidl_typesupport_introspection_cpp\n'}
[40.897353] (-) TimerEvent: {}
[40.997895] (-) TimerEvent: {}
[41.098444] (-) TimerEvent: {}
[41.199047] (-) TimerEvent: {}
[41.299616] (-) TimerEvent: {}
[41.380616] (quadruped_control) StdoutLine: {'line': b'-- Found rmw_implementation_cmake: 7.1.0 (/opt/ros/iron/share/rmw_implementation_cmake/cmake)\n'}
[41.391135] (quadruped_control) StdoutLine: {'line': b'-- Found rmw_fastrtps_cpp: 7.1.3 (/opt/ros/iron/share/rmw_fastrtps_cpp/cmake)\n'}
[41.399812] (-) TimerEvent: {}
[41.500376] (-) TimerEvent: {}
[41.600927] (-) TimerEvent: {}
[41.701495] (-) TimerEvent: {}
[41.802454] (-) TimerEvent: {}
[41.902982] (-) TimerEvent: {}
[42.003610] (-) TimerEvent: {}
[42.104183] (-) TimerEvent: {}
[42.204665] (-) TimerEvent: {}
[42.305189] (-) TimerEvent: {}
[42.405850] (-) TimerEvent: {}
[42.506453] (-) TimerEvent: {}
[42.607027] (-) TimerEvent: {}
[42.707640] (-) TimerEvent: {}
[42.808312] (-) TimerEvent: {}
[42.909069] (-) TimerEvent: {}
[43.013457] (-) TimerEvent: {}
[43.114031] (-) TimerEvent: {}
[43.214630] (-) TimerEvent: {}
[43.315224] (-) TimerEvent: {}
[43.415821] (-) TimerEvent: {}
[43.516426] (-) TimerEvent: {}
[43.617016] (-) TimerEvent: {}
[43.717528] (-) TimerEvent: {}
[43.818198] (-) TimerEvent: {}
[43.918884] (-) TimerEvent: {}
[44.019381] (-) TimerEvent: {}
[44.119928] (-) TimerEvent: {}
[44.220487] (-) TimerEvent: {}
[44.321080] (-) TimerEvent: {}
[44.421600] (-) TimerEvent: {}
[44.522185] (-) TimerEvent: {}
[44.622690] (-) TimerEvent: {}
[44.723320] (-) TimerEvent: {}
[44.823927] (-) TimerEvent: {}
[44.924464] (-) TimerEvent: {}
[45.019834] (quadruped_control) StdoutLine: {'line': b'-- Found OpenSSL: /usr/lib/x86_64-linux-gnu/libcrypto.so (found version "3.0.2")  \n'}
[45.024662] (-) TimerEvent: {}
[45.125296] (-) TimerEvent: {}
[45.225860] (-) TimerEvent: {}
[45.326480] (-) TimerEvent: {}
[45.427101] (-) TimerEvent: {}
[45.527787] (-) TimerEvent: {}
[45.628418] (-) TimerEvent: {}
[45.729022] (-) TimerEvent: {}
[45.829661] (-) TimerEvent: {}
[45.930232] (-) TimerEvent: {}
[46.030798] (-) TimerEvent: {}
[46.131340] (-) TimerEvent: {}
[46.231943] (-) TimerEvent: {}
[46.332517] (-) TimerEvent: {}
[46.432992] (-) TimerEvent: {}
[46.533475] (-) TimerEvent: {}
[46.633957] (-) TimerEvent: {}
[46.734544] (-) TimerEvent: {}
[46.835028] (-) TimerEvent: {}
[46.935537] (-) TimerEvent: {}
[47.036082] (-) TimerEvent: {}
[47.136652] (-) TimerEvent: {}
[47.237214] (-) TimerEvent: {}
[47.337674] (-) TimerEvent: {}
[47.438163] (-) TimerEvent: {}
[47.538775] (-) TimerEvent: {}
[47.639280] (-) TimerEvent: {}
[47.739765] (-) TimerEvent: {}
[47.840353] (-) TimerEvent: {}
[47.941090] (-) TimerEvent: {}
[48.041663] (-) TimerEvent: {}
[48.110240] (quadruped_control) StdoutLine: {'line': b'-- Found FastRTPS: /opt/ros/iron/include  \n'}
[48.141861] (-) TimerEvent: {}
[48.242436] (-) TimerEvent: {}
[48.343052] (-) TimerEvent: {}
[48.443673] (-) TimerEvent: {}
[48.544283] (-) TimerEvent: {}
[48.644839] (-) TimerEvent: {}
[48.745393] (-) TimerEvent: {}
[48.845988] (-) TimerEvent: {}
[48.946603] (-) TimerEvent: {}
[49.047138] (-) TimerEvent: {}
[49.147646] (-) TimerEvent: {}
[49.248131] (-) TimerEvent: {}
[49.348803] (-) TimerEvent: {}
[49.449424] (-) TimerEvent: {}
[49.549966] (-) TimerEvent: {}
[49.650467] (-) TimerEvent: {}
[49.751001] (-) TimerEvent: {}
[49.851601] (-) TimerEvent: {}
[49.952165] (-) TimerEvent: {}
[50.052838] (-) TimerEvent: {}
[50.153492] (-) TimerEvent: {}
[50.254119] (-) TimerEvent: {}
[50.354685] (-) TimerEvent: {}
[50.455289] (-) TimerEvent: {}
[50.556097] (-) TimerEvent: {}
[50.656781] (-) TimerEvent: {}
[50.757373] (-) TimerEvent: {}
[50.857967] (-) TimerEvent: {}
[50.958524] (-) TimerEvent: {}
[51.059117] (-) TimerEvent: {}
[51.159704] (-) TimerEvent: {}
[51.260345] (-) TimerEvent: {}
[51.361001] (-) TimerEvent: {}
[51.461609] (-) TimerEvent: {}
[51.562223] (-) TimerEvent: {}
[51.662803] (-) TimerEvent: {}
[51.763402] (-) TimerEvent: {}
[51.863987] (-) TimerEvent: {}
[51.964562] (-) TimerEvent: {}
[52.065273] (-) TimerEvent: {}
[52.165817] (-) TimerEvent: {}
[52.266407] (-) TimerEvent: {}
[52.366949] (-) TimerEvent: {}
[52.467471] (-) TimerEvent: {}
[52.568107] (-) TimerEvent: {}
[52.668613] (-) TimerEvent: {}
[52.769262] (-) TimerEvent: {}
[52.869789] (-) TimerEvent: {}
[52.970297] (-) TimerEvent: {}
[53.070861] (-) TimerEvent: {}
[53.171439] (-) TimerEvent: {}
[53.268406] (quadruped_control) StdoutLine: {'line': b"-- Using RMW implementation 'rmw_fastrtps_cpp' as default\n"}
[53.271596] (-) TimerEvent: {}
[53.372149] (-) TimerEvent: {}
[53.472704] (-) TimerEvent: {}
[53.573442] (-) TimerEvent: {}
[53.674196] (-) TimerEvent: {}
[53.774788] (-) TimerEvent: {}
[53.875347] (-) TimerEvent: {}
[53.975861] (-) TimerEvent: {}
[54.076444] (-) TimerEvent: {}
[54.117728] (quadruped_control) StdoutLine: {'line': b'-- Found quadruped_interfaces: 0.0.0 (/home/jonnydang2004/QUADRAPED/install/quadruped_interfaces/share/quadruped_interfaces/cmake)\n'}
[54.172751] (quadruped_control) StdoutLine: {'line': b'-- Found ament_lint_auto: 0.14.3 (/opt/ros/iron/share/ament_lint_auto/cmake)\n'}
[54.176610] (-) TimerEvent: {}
[54.277109] (-) TimerEvent: {}
[54.353752] (quadruped_control) StdoutLine: {'line': b"-- Added test 'cppcheck' to perform static code analysis on C / C++ code\n"}
[54.354402] (quadruped_control) StdoutLine: {'line': b'-- Configured cppcheck include dirs: \n'}
[54.354624] (quadruped_control) StdoutLine: {'line': b'-- Configured cppcheck exclude dirs and/or files: \n'}
[54.357586] (quadruped_control) StdoutLine: {'line': b"-- Added test 'flake8' to check Python code syntax and style conventions\n"}
[54.358015] (quadruped_control) StdoutLine: {'line': b"-- Configured 'flake8' exclude dirs and/or files: \n"}
[54.363174] (quadruped_control) StdoutLine: {'line': b"-- Added test 'lint_cmake' to check CMake code style\n"}
[54.365000] (quadruped_control) StdoutLine: {'line': b"-- Added test 'pep257' to check Python code against some of the docstring style conventions in PEP 257\n"}
[54.368309] (quadruped_control) StdoutLine: {'line': b"-- Added test 'uncrustify' to check C / C++ code style\n"}
[54.368672] (quadruped_control) StdoutLine: {'line': b'-- Configured uncrustify additional arguments: \n'}
[54.370269] (quadruped_control) StdoutLine: {'line': b"-- Added test 'xmllint' to check XML markup files\n"}
[54.375341] (quadruped_control) StdoutLine: {'line': b'-- Configuring done\n'}
[54.377276] (-) TimerEvent: {}
[54.436225] (quadruped_control) StdoutLine: {'line': b'-- Generating done\n'}
[54.446524] (quadruped_control) StdoutLine: {'line': b'-- Build files have been written to: /home/jonnydang2004/QUADRAPED/build/quadruped_control\n'}
[54.466154] (quadruped_control) CommandEnded: {'returncode': 0}
[54.467673] (quadruped_control) JobProgress: {'identifier': 'quadruped_control', 'progress': 'build'}
[54.468819] (quadruped_control) Command: {'cmd': ['/usr/bin/cmake', '--build', '/home/jonnydang2004/QUADRAPED/build/quadruped_control', '--', '-j4', '-l4'], 'cwd': '/home/jonnydang2004/QUADRAPED/build/quadruped_control', 'env': OrderedDict([('LESSOPEN', '| /usr/bin/lesspipe %s'), ('USER', 'jonnydang2004'), ('GIT_ASKPASS', '/home/jonnydang2004/.vscode-server/bin/38c31bc77e0dd6ae88a4e9cc93428cc27a56ba40/extensions/git/dist/askpass.sh'), ('SHLVL', '1'), ('LD_LIBRARY_PATH', '/home/jonnydang2004/QUADRAPED/install/quadruped_interfaces/lib:/opt/ros/iron/opt/rviz_ogre_vendor/lib:/opt/ros/iron/lib/x86_64-linux-gnu:/opt/ros/iron/lib'), ('HOME', '/home/jonnydang2004'), ('TERM_PROGRAM_VERSION', '1.93.1'), ('NVM_BIN', '/home/jonnydang2004/.nvm/versions/node/v18.19.0/bin'), ('VSCODE_IPC_HOOK_CLI', '/run/user/1000/vscode-ipc-aeaa321f-954c-44ec-865c-68b87d92bff0.sock'), ('NVM_INC', '/home/jonnydang2004/.nvm/versions/node/v18.19.0/include/node'), ('ROS_PYTHON_VERSION', '3'), ('VSCODE_GIT_ASKPASS_MAIN', '/home/jonnydang2004/.vscode-server/bin/38c31bc77e0dd6ae88a4e9cc93428cc27a56ba40/extensions/git/dist/askpass-main.js'), ('VSCODE_GIT_ASKPASS_NODE', '/home/jonnydang2004/.vscode-server/bin/38c31bc77e0dd6ae88a4e9cc93428cc27a56ba40/node'), ('DBUS_SESSION_BUS_ADDRESS', 'unix:path=/run/user/1000/bus'), ('COLORTERM', 'truecolor'), ('WSL_DISTRO_NAME', 'Ubuntu'), ('NVM_DIR', '/home/jonnydang2004/.nvm'), ('WAYLAND_DISPLAY', 'wayland-0'), ('ROS_DISTRO', 'iron'), ('LOGNAME', 'jonnydang2004'), ('NAME', 'DESKTOP-JO2E52O'), ('WSL_INTEROP', '/run/WSL/33065_interop'), ('PULSE_SERVER', 'unix:/mnt/wslg/PulseServer'), ('_', '/usr/bin/colcon'), ('ROS_VERSION', '2'), ('TERM', 'xterm-256color'), ('_colcon_cd_rott', '/opt/ros/iron/'), ('PATH', '/home/jonnydang2004/.vscode-server/bin/38c31bc77e0dd6ae88a4e9cc93428cc27a56ba40/bin/remote-cli:/home/jonnydang2004/.local/bin:/opt/ros/iron/bin:/home/jonnydang2004/.nvm/versions/node/v18.19.0/bin:/usr/local/sbin:/usr/local/bin:/usr/sbin:/usr/bin:/sbin:/bin:/usr/games:/usr/local/games:/usr/lib/wsl/lib:/mnt/c/Windows/system32:/mnt/c/Windows:/mnt/c/Windows/System32/Wbem:/mnt/c/Windows/System32/WindowsPowerShell/v1.0/:/mnt/c/Windows/System32/OpenSSH/:/mnt/c/Program Files (x86)/Intel/Intel(R) Management Engine Components/DAL:/mnt/c/Program Files/Intel/Intel(R) Management Engine Components/DAL:/mnt/c/Program Files/MATLAB/R2023b/bin:/mnt/c/Program Files/MATLAB/R2022a/bin:/mnt/c/Program Files/Docker/Docker/resources/bin:/mnt/c/Program Files/dotnet/:/mnt/c/Program Files/:/mnt/c/Program Files/Git/cmd:/mnt/c/Program Files (x86)/IVI Foundation/VISA/WinNT/Bin/:/mnt/c/Program Files/IVI Foundation/VISA/Win64/Bin/:/mnt/c/Program Files (x86)/National Instruments/Shared/LabVIEW CLI:/mnt/c/Program Files (x86)/IVI Foundation/IVI/Bin/:/mnt/c/Program Files/IVI Foundation/IVI/Bin/:/mnt/c/Program Files (x86)/IVI Foundation/VISA/WinNT/Bin:/mnt/c/Users/User/AppData/Local/Programs/Python/Python310/Scripts/:/mnt/c/Users/User/AppData/Local/Programs/Python/Python310/:/mnt/c/Users/User/AppData/Local/Microsoft/WindowsApps:/mnt/c/Users/User/AppData/Local/Programs/Microsoft VS Code/bin:/mnt/c/Users/User/AppData/Roaming/npm:/snap/bin:/opt/gradle/gradle-8.5/bin:/opt/gradle/gradle-8.5/bin'), ('XDG_RUNTIME_DIR', '/run/user/1000/'), ('DISPLAY', ':0'), ('LANG', 'en_US.UTF-8'), ('LS_COLORS', 'rs=0:di=01;34:ln=01;36:mh=00:pi=40;33:so=01;35:do=01;35:bd=40;33;01:cd=40;33;01:or=40;31;01:mi=00:su=37;41:sg=30;43:ca=30;41:tw=30;42:ow=34;42:st=37;44:ex=01;32:*.tar=01;31:*.tgz=01;31:*.arc=01;31:*.arj=01;31:*.taz=01;31:*.lha=01;31:*.lz4=01;31:*.lzh=01;31:*.lzma=01;31:*.tlz=01;31:*.txz=01;31:*.tzo=01;31:*.t7z=01;31:*.zip=01;31:*.z=01;31:*.dz=01;31:*.gz=01;31:*.lrz=01;31:*.lz=01;31:*.lzo=01;31:*.xz=01;31:*.zst=01;31:*.tzst=01;31:*.bz2=01;31:*.bz=01;31:*.tbz=01;31:*.tbz2=01;31:*.tz=01;31:*.deb=01;31:*.rpm=01;31:*.jar=01;31:*.war=01;31:*.ear=01;31:*.sar=01;31:*.rar=01;31:*.alz=01;31:*.ace=01;31:*.zoo=01;31:*.cpio=01;31:*.7z=01;31:*.rz=01;31:*.cab=01;31:*.wim=01;31:*.swm=01;31:*.dwm=01;31:*.esd=01;31:*.jpg=01;35:*.jpeg=01;35:*.mjpg=01;35:*.mjpeg=01;35:*.gif=01;35:*.bmp=01;35:*.pbm=01;35:*.pgm=01;35:*.ppm=01;35:*.tga=01;35:*.xbm=01;35:*.xpm=01;35:*.tif=01;35:*.tiff=01;35:*.png=01;35:*.svg=01;35:*.svgz=01;35:*.mng=01;35:*.pcx=01;35:*.mov=01;35:*.mpg=01;35:*.mpeg=01;35:*.m2v=01;35:*.mkv=01;35:*.webm=01;35:*.webp=01;35:*.ogm=01;35:*.mp4=01;35:*.m4v=01;35:*.mp4v=01;35:*.vob=01;35:*.qt=01;35:*.nuv=01;35:*.wmv=01;35:*.asf=01;35:*.rm=01;35:*.rmvb=01;35:*.flc=01;35:*.avi=01;35:*.fli=01;35:*.flv=01;35:*.gl=01;35:*.dl=01;35:*.xcf=01;35:*.xwd=01;35:*.yuv=01;35:*.cgm=01;35:*.emf=01;35:*.ogv=01;35:*.ogx=01;35:*.aac=00;36:*.au=00;36:*.flac=00;36:*.m4a=00;36:*.mid=00;36:*.midi=00;36:*.mka=00;36:*.mp3=00;36:*.mpc=00;36:*.ogg=00;36:*.ra=00;36:*.wav=00;36:*.oga=00;36:*.opus=00;36:*.spx=00;36:*.xspf=00;36:'), ('VSCODE_GIT_IPC_HANDLE', '/run/user/1000/vscode-git-f95bf93406.sock'), ('TERM_PROGRAM', 'vscode'), ('AMENT_PREFIX_PATH', '/home/jonnydang2004/QUADRAPED/install/quadruped_interfaces:/opt/ros/iron'), ('SHELL', '/bin/bash'), ('LESSCLOSE', '/usr/bin/lesspipe %s %s'), ('ROS_AUTOMATIC_DISCOVERY_RANGE', 'SUBNET'), ('VSCODE_GIT_ASKPASS_EXTRA_ARGS', ''), ('PWD', '/home/jonnydang2004/QUADRAPED/build/quadruped_control'), ('NVM_CD_FLAGS', ''), ('XDG_DATA_DIRS', '/usr/local/share:/usr/share:/var/lib/snapd/desktop'), ('PYTHONPATH', '/home/jonnydang2004/QUADRAPED/install/quadruped_interfaces/lib/python3.10/site-packages:/opt/ros/iron/lib/python3.10/site-packages'), ('COLCON', '1'), ('WSL2_GUI_APPS_ENABLED', '1'), ('HOSTTYPE', 'x86_64'), ('WSLENV', 'VSCODE_WSL_EXT_LOCATION/up'), ('CMAKE_PREFIX_PATH', '/home/jonnydang2004/QUADRAPED/install/quadruped_interfaces:/opt/ros/iron')]), 'shell': False}
[54.477434] (-) TimerEvent: {}
[54.582766] (-) TimerEvent: {}
[54.616235] (quadruped_control) StdoutLine: {'line': b'[ 25%] \x1b[32mBuilding CXX object CMakeFiles/inverse_kinematics.dir/src/inverse_kinematics.cpp.o\x1b[0m\n'}
[54.616721] (quadruped_control) StdoutLine: {'line': b'[ 50%] \x1b[32mBuilding CXX object CMakeFiles/motor_config.dir/src/motor_config.cpp.o\x1b[0m\n'}
[54.685226] (-) TimerEvent: {}
[54.785687] (-) TimerEvent: {}
[54.886268] (-) TimerEvent: {}
[54.986876] (-) TimerEvent: {}
[55.087343] (-) TimerEvent: {}
[55.187803] (-) TimerEvent: {}
[55.288735] (-) TimerEvent: {}
[55.389281] (-) TimerEvent: {}
[55.489830] (-) TimerEvent: {}
[55.590327] (-) TimerEvent: {}
[55.690931] (-) TimerEvent: {}
[55.791456] (-) TimerEvent: {}
[55.891995] (-) TimerEvent: {}
[55.942498] (quadruped_control) StderrLine: {'line': b'\x1b[01m\x1b[K/home/jonnydang2004/QUADRAPED/src/quadruped_control/src/motor_config.cpp:7:10:\x1b[m\x1b[K \x1b[01;31m\x1b[Kfatal error: \x1b[m\x1b[KServo.h: No such file or directory\n'}
[55.942870] (quadruped_control) StderrLine: {'line': b'    7 | #include \x1b[01;31m\x1b[K"Servo.h"\x1b[m\x1b[K\n'}
[55.942995] (quadruped_control) StderrLine: {'line': b'      |          \x1b[01;31m\x1b[K^~~~~~~~~\x1b[m\x1b[K\n'}
[55.943095] (quadruped_control) StderrLine: {'line': b'compilation terminated.\n'}
[55.946361] (quadruped_control) StderrLine: {'line': b'gmake[2]: *** [CMakeFiles/motor_config.dir/build.make:76: CMakeFiles/motor_config.dir/src/motor_config.cpp.o] Error 1\n'}
[55.947210] (quadruped_control) StderrLine: {'line': b'gmake[1]: *** [CMakeFiles/Makefile2:165: CMakeFiles/motor_config.dir/all] Error 2\n'}
[55.947638] (quadruped_control) StderrLine: {'line': b'gmake[1]: *** Waiting for unfinished jobs....\n'}
[55.992153] (-) TimerEvent: {}
[56.092707] (-) TimerEvent: {}
[56.193279] (-) TimerEvent: {}
[56.293823] (-) TimerEvent: {}
[56.394496] (-) TimerEvent: {}
[56.495100] (-) TimerEvent: {}
[56.595674] (-) TimerEvent: {}
[56.696233] (-) TimerEvent: {}
[56.796834] (-) TimerEvent: {}
[56.897366] (-) TimerEvent: {}
[56.997919] (-) TimerEvent: {}
[57.098409] (-) TimerEvent: {}
[57.199120] (-) TimerEvent: {}
[57.299656] (-) TimerEvent: {}
[57.400291] (-) TimerEvent: {}
[57.500822] (-) TimerEvent: {}
[57.601367] (-) TimerEvent: {}
[57.702070] (-) TimerEvent: {}
[57.802734] (-) TimerEvent: {}
[57.903467] (-) TimerEvent: {}
[58.003998] (-) TimerEvent: {}
[58.104743] (-) TimerEvent: {}
[58.205376] (-) TimerEvent: {}
[58.306503] (-) TimerEvent: {}
[58.407290] (-) TimerEvent: {}
[58.507947] (-) TimerEvent: {}
[58.608475] (-) TimerEvent: {}
[58.709083] (-) TimerEvent: {}
[58.809670] (-) TimerEvent: {}
[58.910258] (-) TimerEvent: {}
[59.010905] (-) TimerEvent: {}
[59.111611] (-) TimerEvent: {}
[59.212160] (-) TimerEvent: {}
[59.312801] (-) TimerEvent: {}
[59.413339] (-) TimerEvent: {}
[59.513895] (-) TimerEvent: {}
[59.614765] (-) TimerEvent: {}
[59.715510] (-) TimerEvent: {}
[59.816512] (-) TimerEvent: {}
[59.917367] (-) TimerEvent: {}
[60.017846] (-) TimerEvent: {}
[60.118391] (-) TimerEvent: {}
[60.218949] (-) TimerEvent: {}
[60.319960] (-) TimerEvent: {}
[60.420518] (-) TimerEvent: {}
[60.521242] (-) TimerEvent: {}
[60.622623] (-) TimerEvent: {}
[60.723134] (-) TimerEvent: {}
[60.823698] (-) TimerEvent: {}
[60.924338] (-) TimerEvent: {}
[61.024867] (-) TimerEvent: {}
[61.125391] (-) TimerEvent: {}
[61.225969] (-) TimerEvent: {}
[61.326570] (-) TimerEvent: {}
[61.427212] (-) TimerEvent: {}
[61.527886] (-) TimerEvent: {}
[61.628478] (-) TimerEvent: {}
[61.729103] (-) TimerEvent: {}
[61.829753] (-) TimerEvent: {}
[61.930438] (-) TimerEvent: {}
[62.031109] (-) TimerEvent: {}
[62.131758] (-) TimerEvent: {}
[62.232518] (-) TimerEvent: {}
[62.333200] (-) TimerEvent: {}
[62.433753] (-) TimerEvent: {}
[62.534347] (-) TimerEvent: {}
[62.634918] (-) TimerEvent: {}
[62.735830] (-) TimerEvent: {}
[62.837623] (-) TimerEvent: {}
[62.939023] (-) TimerEvent: {}
[63.039501] (-) TimerEvent: {}
[63.140133] (-) TimerEvent: {}
[63.240670] (-) TimerEvent: {}
[63.341282] (-) TimerEvent: {}
[63.441894] (-) TimerEvent: {}
[63.542455] (-) TimerEvent: {}
[63.643492] (-) TimerEvent: {}
[63.744095] (-) TimerEvent: {}
[63.844692] (-) TimerEvent: {}
[63.945259] (-) TimerEvent: {}
[64.045870] (-) TimerEvent: {}
[64.146428] (-) TimerEvent: {}
[64.247004] (-) TimerEvent: {}
[64.347623] (-) TimerEvent: {}
[64.448168] (-) TimerEvent: {}
[64.548837] (-) TimerEvent: {}
[64.649394] (-) TimerEvent: {}
[64.749953] (-) TimerEvent: {}
[64.850521] (-) TimerEvent: {}
[64.951161] (-) TimerEvent: {}
[65.052173] (-) TimerEvent: {}
[65.152831] (-) TimerEvent: {}
[65.253650] (-) TimerEvent: {}
[65.355518] (-) TimerEvent: {}
[65.457628] (-) TimerEvent: {}
[65.558308] (-) TimerEvent: {}
[65.658883] (-) TimerEvent: {}
[65.759481] (-) TimerEvent: {}
[65.860179] (-) TimerEvent: {}
[65.960744] (-) TimerEvent: {}
[66.061408] (-) TimerEvent: {}
[66.161960] (-) TimerEvent: {}
[66.262521] (-) TimerEvent: {}
[66.363110] (-) TimerEvent: {}
[66.463655] (-) TimerEvent: {}
[66.564179] (-) TimerEvent: {}
[66.664783] (-) TimerEvent: {}
[66.765356] (-) TimerEvent: {}
[66.865970] (-) TimerEvent: {}
[66.966582] (-) TimerEvent: {}
[67.067141] (-) TimerEvent: {}
[67.167936] (-) TimerEvent: {}
[67.268571] (-) TimerEvent: {}
[67.369184] (-) TimerEvent: {}
[67.469653] (-) TimerEvent: {}
[67.570200] (-) TimerEvent: {}
[67.670784] (-) TimerEvent: {}
[67.771336] (-) TimerEvent: {}
[67.871839] (-) TimerEvent: {}
[67.972452] (-) TimerEvent: {}
[68.072945] (-) TimerEvent: {}
[68.173580] (-) TimerEvent: {}
[68.274131] (-) TimerEvent: {}
[68.374850] (-) TimerEvent: {}
[68.475723] (-) TimerEvent: {}
[68.576404] (-) TimerEvent: {}
[68.676932] (-) TimerEvent: {}
[68.777430] (-) TimerEvent: {}
[68.877994] (-) TimerEvent: {}
[68.978607] (-) TimerEvent: {}
[69.079167] (-) TimerEvent: {}
[69.179675] (-) TimerEvent: {}
[69.280375] (-) TimerEvent: {}
[69.380950] (-) TimerEvent: {}
[69.481655] (-) TimerEvent: {}
[69.582286] (-) TimerEvent: {}
[69.683122] (-) TimerEvent: {}
[69.784831] (-) TimerEvent: {}
[69.885380] (-) TimerEvent: {}
[69.986096] (-) TimerEvent: {}
[70.086650] (-) TimerEvent: {}
[70.187116] (-) TimerEvent: {}
[70.287693] (-) TimerEvent: {}
[70.388218] (-) TimerEvent: {}
[70.488664] (-) TimerEvent: {}
[70.589223] (-) TimerEvent: {}
[70.689896] (-) TimerEvent: {}
[70.790443] (-) TimerEvent: {}
[70.891043] (-) TimerEvent: {}
[70.991710] (-) TimerEvent: {}
[71.092223] (-) TimerEvent: {}
[71.192732] (-) TimerEvent: {}
[71.293199] (-) TimerEvent: {}
[71.393793] (-) TimerEvent: {}
[71.463984] (quadruped_control) StderrLine: {'line': b'\x1b[01m\x1b[K/home/jonnydang2004/QUADRAPED/src/quadruped_control/src/inverse_kinematics.cpp:\x1b[m\x1b[K In constructor \xe2\x80\x98\x1b[01m\x1b[KInverseKinematics::InverseKinematics()\x1b[m\x1b[K\xe2\x80\x99:\n'}
[71.464340] (quadruped_control) StderrLine: {'line': b'\x1b[01m\x1b[K/home/jonnydang2004/QUADRAPED/src/quadruped_control/src/inverse_kinematics.cpp:11:32:\x1b[m\x1b[K \x1b[01;31m\x1b[Kerror: \x1b[m\x1b[Kno matching function for call to \xe2\x80\x98\x1b[01m\x1b[KInverseKinematics::pos::pos()\x1b[m\x1b[K\xe2\x80\x99\n'}
[71.464584] (quadruped_control) StderrLine: {'line': b'   11 |     : Node("inverse_kinematics"\x1b[01;31m\x1b[K)\x1b[m\x1b[K\n'}
[71.464872] (quadruped_control) StderrLine: {'line': b'      |                                \x1b[01;31m\x1b[K^\x1b[m\x1b[K\n'}
[71.465279] (quadruped_control) StderrLine: {'line': b'\x1b[01m\x1b[K/home/jonnydang2004/QUADRAPED/src/quadruped_control/src/inverse_kinematics.cpp:30:9:\x1b[m\x1b[K \x1b[01;36m\x1b[Knote: \x1b[m\x1b[Kcandidate: \xe2\x80\x98\x1b[01m\x1b[KInverseKinematics::pos::pos(double, double)\x1b[m\x1b[K\xe2\x80\x99\n'}
[71.465418] (quadruped_control) StderrLine: {'line': b'   30 |         \x1b[01;36m\x1b[Kpos\x1b[m\x1b[K(double x, double z) : x(x), z(z) {}\n'}
[71.465520] (quadruped_control) StderrLine: {'line': b'      |         \x1b[01;36m\x1b[K^~~\x1b[m\x1b[K\n'}
[71.467004] (quadruped_control) StderrLine: {'line': b'\x1b[01m\x1b[K/home/jonnydang2004/QUADRAPED/src/quadruped_control/src/inverse_kinematics.cpp:30:9:\x1b[m\x1b[K \x1b[01;36m\x1b[Knote: \x1b[m\x1b[K  candidate expects 2 arguments, 0 provided\n'}
[71.467327] (quadruped_control) StderrLine: {'line': b'\x1b[01m\x1b[K/home/jonnydang2004/QUADRAPED/src/quadruped_control/src/inverse_kinematics.cpp:25:12:\x1b[m\x1b[K \x1b[01;36m\x1b[Knote: \x1b[m\x1b[Kcandidate: \xe2\x80\x98\x1b[01m\x1b[Kconstexpr InverseKinematics::pos::pos(const InverseKinematics::pos&)\x1b[m\x1b[K\xe2\x80\x99\n'}
[71.467565] (quadruped_control) StderrLine: {'line': b'   25 |     struct \x1b[01;36m\x1b[Kpos\x1b[m\x1b[K\n'}
[71.467813] (quadruped_control) StderrLine: {'line': b'      |            \x1b[01;36m\x1b[K^~~\x1b[m\x1b[K\n'}
[71.468056] (quadruped_control) StderrLine: {'line': b'\x1b[01m\x1b[K/home/jonnydang2004/QUADRAPED/src/quadruped_control/src/inverse_kinematics.cpp:25:12:\x1b[m\x1b[K \x1b[01;36m\x1b[Knote: \x1b[m\x1b[K  candidate expects 1 argument, 0 provided\n'}
[71.468268] (quadruped_control) StderrLine: {'line': b'\x1b[01m\x1b[K/home/jonnydang2004/QUADRAPED/src/quadruped_control/src/inverse_kinematics.cpp:11:32:\x1b[m\x1b[K \x1b[01;31m\x1b[Kerror: \x1b[m\x1b[Kno matching function for call to \xe2\x80\x98\x1b[01m\x1b[KInverseKinematics::pos::pos()\x1b[m\x1b[K\xe2\x80\x99\n'}
[71.468463] (quadruped_control) StderrLine: {'line': b'   11 |     : Node("inverse_kinematics"\x1b[01;31m\x1b[K)\x1b[m\x1b[K\n'}
[71.468677] (quadruped_control) StderrLine: {'line': b'      |                                \x1b[01;31m\x1b[K^\x1b[m\x1b[K\n'}
[71.468863] (quadruped_control) StderrLine: {'line': b'\x1b[01m\x1b[K/home/jonnydang2004/QUADRAPED/src/quadruped_control/src/inverse_kinematics.cpp:30:9:\x1b[m\x1b[K \x1b[01;36m\x1b[Knote: \x1b[m\x1b[Kcandidate: \xe2\x80\x98\x1b[01m\x1b[KInverseKinematics::pos::pos(double, double)\x1b[m\x1b[K\xe2\x80\x99\n'}
[71.469117] (quadruped_control) StderrLine: {'line': b'   30 |         \x1b[01;36m\x1b[Kpos\x1b[m\x1b[K(double x, double z) : x(x), z(z) {}\n'}
[71.469306] (quadruped_control) StderrLine: {'line': b'      |         \x1b[01;36m\x1b[K^~~\x1b[m\x1b[K\n'}
[71.469531] (quadruped_control) StderrLine: {'line': b'\x1b[01m\x1b[K/home/jonnydang2004/QUADRAPED/src/quadruped_control/src/inverse_kinematics.cpp:30:9:\x1b[m\x1b[K \x1b[01;36m\x1b[Knote: \x1b[m\x1b[K  candidate expects 2 arguments, 0 provided\n'}
[71.469744] (quadruped_control) StderrLine: {'line': b'\x1b[01m\x1b[K/home/jonnydang2004/QUADRAPED/src/quadruped_control/src/inverse_kinematics.cpp:25:12:\x1b[m\x1b[K \x1b[01;36m\x1b[Knote: \x1b[m\x1b[Kcandidate: \xe2\x80\x98\x1b[01m\x1b[Kconstexpr InverseKinematics::pos::pos(const InverseKinematics::pos&)\x1b[m\x1b[K\xe2\x80\x99\n'}
[71.470000] (quadruped_control) StderrLine: {'line': b'   25 |     struct \x1b[01;36m\x1b[Kpos\x1b[m\x1b[K\n'}
[71.470199] (quadruped_control) StderrLine: {'line': b'      |            \x1b[01;36m\x1b[K^~~\x1b[m\x1b[K\n'}
[71.470411] (quadruped_control) StderrLine: {'line': b'\x1b[01m\x1b[K/home/jonnydang2004/QUADRAPED/src/quadruped_control/src/inverse_kinematics.cpp:25:12:\x1b[m\x1b[K \x1b[01;36m\x1b[Knote: \x1b[m\x1b[K  candidate expects 1 argument, 0 provided\n'}
[71.493978] (-) TimerEvent: {}
[71.594673] (-) TimerEvent: {}
[71.654927] (quadruped_control) StderrLine: {'line': b'\x1b[01m\x1b[K/home/jonnydang2004/QUADRAPED/src/quadruped_control/src/inverse_kinematics.cpp:\x1b[m\x1b[K In member function \xe2\x80\x98\x1b[01m\x1b[Kvoid InverseKinematics::timer_callback()\x1b[m\x1b[K\xe2\x80\x99:\n'}
[71.656842] (quadruped_control) StderrLine: {'line': b'\x1b[01m\x1b[K/home/jonnydang2004/QUADRAPED/src/quadruped_control/src/inverse_kinematics.cpp:56:21:\x1b[m\x1b[K \x1b[01;31m\x1b[Kerror: \x1b[m\x1b[K\xe2\x80\x98\x1b[01m\x1b[Kstruct quadruped_interfaces::msg::Pos_<std::allocator<void> >\x1b[m\x1b[K\xe2\x80\x99 has no member named \xe2\x80\x98\x1b[01m\x1b[Kdata\x1b[m\x1b[K\xe2\x80\x99\n'}
[71.657206] (quadruped_control) StderrLine: {'line': b'   56 |             message.\x1b[01;31m\x1b[Kdata\x1b[m\x1b[K = new_coords;\n'}
[71.657407] (quadruped_control) StderrLine: {'line': b'      |                     \x1b[01;31m\x1b[K^~~~\x1b[m\x1b[K\n'}
[71.667865] (quadruped_control) StderrLine: {'line': b'\x1b[01m\x1b[K/home/jonnydang2004/QUADRAPED/src/quadruped_control/src/inverse_kinematics.cpp:\x1b[m\x1b[K In member function \xe2\x80\x98\x1b[01m\x1b[Kvoid InverseKinematics::topic_callback(quadruped_interfaces::msg::Pos_<std::allocator<void> >::SharedPtr) const\x1b[m\x1b[K\xe2\x80\x99:\n'}
[71.668210] (quadruped_control) StderrLine: {'line': b'\x1b[01m\x1b[K/home/jonnydang2004/QUADRAPED/src/quadruped_control/src/inverse_kinematics.cpp:64:35:\x1b[m\x1b[K \x1b[01;31m\x1b[Kerror: \x1b[m\x1b[Kpassing \xe2\x80\x98\x1b[01m\x1b[Kconst InverseKinematics::pos\x1b[m\x1b[K\xe2\x80\x99 as \xe2\x80\x98\x1b[01m\x1b[Kthis\x1b[m\x1b[K\xe2\x80\x99 argument discards qualifiers [\x1b[01;31m\x1b[K\x1b]8;;https://gcc.gnu.org/onlinedocs/gcc/Warning-Options.html#index-fpermissive\x07-fpermissive\x1b]8;;\x07\x1b[m\x1b[K]\n'}
[71.668523] (quadruped_control) StderrLine: {'line': b'   64 |         dest_ = pos(msg->x, msg->z\x1b[01;31m\x1b[K)\x1b[m\x1b[K;  // Receive destination pos (x, z)\n'}
[71.668638] (quadruped_control) StderrLine: {'line': b'      |                                   \x1b[01;31m\x1b[K^\x1b[m\x1b[K\n'}
[71.668773] (quadruped_control) StderrLine: {'line': b'\x1b[01m\x1b[K/home/jonnydang2004/QUADRAPED/src/quadruped_control/src/inverse_kinematics.cpp:32:14:\x1b[m\x1b[K \x1b[01;36m\x1b[Knote: \x1b[m\x1b[K  in call to \xe2\x80\x98\x1b[01m\x1b[KInverseKinematics::pos& InverseKinematics::pos::operator=(const InverseKinematics::pos&)\x1b[m\x1b[K\xe2\x80\x99\n'}
[71.669001] (quadruped_control) StderrLine: {'line': b'   32 |         pos& \x1b[01;36m\x1b[Koperator\x1b[m\x1b[K=(const pos& a) {\n'}
[71.669093] (quadruped_control) StderrLine: {'line': b'      |              \x1b[01;36m\x1b[K^~~~~~~~\x1b[m\x1b[K\n'}
[71.673945] (quadruped_control) StderrLine: {'line': b'\x1b[01m\x1b[K/home/jonnydang2004/QUADRAPED/src/quadruped_control/src/inverse_kinematics.cpp:65:39:\x1b[m\x1b[K \x1b[01;31m\x1b[Kerror: \x1b[m\x1b[Kpassing \xe2\x80\x98\x1b[01m\x1b[Kconst InverseKinematics\x1b[m\x1b[K\xe2\x80\x99 as \xe2\x80\x98\x1b[01m\x1b[Kthis\x1b[m\x1b[K\xe2\x80\x99 argument discards qualifiers [\x1b[01;31m\x1b[K\x1b]8;;https://gcc.gnu.org/onlinedocs/gcc/Warning-Options.html#index-fpermissive\x07-fpermissive\x1b]8;;\x07\x1b[m\x1b[K]\n'}
[71.674280] (quadruped_control) StderrLine: {'line': b'   65 |         new_coords = \x1b[01;31m\x1b[KinverseKinematics(dest_)\x1b[m\x1b[K;\n'}
[71.674504] (quadruped_control) StderrLine: {'line': b'      |                      \x1b[01;31m\x1b[K~~~~~~~~~~~~~~~~~^~~~~~~\x1b[m\x1b[K\n'}
[71.674709] (quadruped_control) StderrLine: {'line': b'\x1b[01m\x1b[K/home/jonnydang2004/QUADRAPED/src/quadruped_control/src/inverse_kinematics.cpp:71:9:\x1b[m\x1b[K \x1b[01;36m\x1b[Knote: \x1b[m\x1b[K  in call to \xe2\x80\x98\x1b[01m\x1b[KInverseKinematics::pos InverseKinematics::inverseKinematics(InverseKinematics::pos)\x1b[m\x1b[K\xe2\x80\x99\n'}
[71.675028] (quadruped_control) StderrLine: {'line': b'   71 |     pos \x1b[01;36m\x1b[KinverseKinematics\x1b[m\x1b[K(pos destination) {\n'}
[71.675221] (quadruped_control) StderrLine: {'line': b'      |         \x1b[01;36m\x1b[K^~~~~~~~~~~~~~~~~\x1b[m\x1b[K\n'}
[71.675395] (quadruped_control) StderrLine: {'line': b'\x1b[01m\x1b[K/home/jonnydang2004/QUADRAPED/src/quadruped_control/src/inverse_kinematics.cpp:65:39:\x1b[m\x1b[K \x1b[01;35m\x1b[Kwarning: \x1b[m\x1b[Kimplicitly-declared \xe2\x80\x98\x1b[01m\x1b[Kconstexpr InverseKinematics::pos::pos(const InverseKinematics::pos&)\x1b[m\x1b[K\xe2\x80\x99 is deprecated [\x1b[01;35m\x1b[K\x1b]8;;https://gcc.gnu.org/onlinedocs/gcc/Warning-Options.html#index-Wdeprecated-copy\x07-Wdeprecated-copy\x1b]8;;\x07\x1b[m\x1b[K]\n'}
[71.675584] (quadruped_control) StderrLine: {'line': b'   65 |         new_coords = \x1b[01;35m\x1b[KinverseKinematics(dest_)\x1b[m\x1b[K;\n'}
[71.675766] (quadruped_control) StderrLine: {'line': b'      |                      \x1b[01;35m\x1b[K~~~~~~~~~~~~~~~~~^~~~~~~\x1b[m\x1b[K\n'}
[71.675958] (quadruped_control) StderrLine: {'line': b'\x1b[01m\x1b[K/home/jonnydang2004/QUADRAPED/src/quadruped_control/src/inverse_kinematics.cpp:32:14:\x1b[m\x1b[K \x1b[01;36m\x1b[Knote: \x1b[m\x1b[Kbecause \xe2\x80\x98\x1b[01m\x1b[KInverseKinematics::pos\x1b[m\x1b[K\xe2\x80\x99 has user-provided \xe2\x80\x98\x1b[01m\x1b[KInverseKinematics::pos& InverseKinematics::pos::operator=(const InverseKinematics::pos&)\x1b[m\x1b[K\xe2\x80\x99\n'}
[71.676171] (quadruped_control) StderrLine: {'line': b'   32 |         pos& \x1b[01;36m\x1b[Koperator\x1b[m\x1b[K=(const pos& a) {\n'}
[71.676483] (quadruped_control) StderrLine: {'line': b'      |              \x1b[01;36m\x1b[K^~~~~~~~\x1b[m\x1b[K\n'}
[71.676653] (quadruped_control) StderrLine: {'line': b'\x1b[01m\x1b[K/home/jonnydang2004/QUADRAPED/src/quadruped_control/src/inverse_kinematics.cpp:71:31:\x1b[m\x1b[K \x1b[01;36m\x1b[Knote: \x1b[m\x1b[K  initializing argument 1 of \xe2\x80\x98\x1b[01m\x1b[KInverseKinematics::pos InverseKinematics::inverseKinematics(InverseKinematics::pos)\x1b[m\x1b[K\xe2\x80\x99\n'}
[71.676884] (quadruped_control) StderrLine: {'line': b'   71 |     pos inverseKinematics(\x1b[01;36m\x1b[Kpos destination\x1b[m\x1b[K) {\n'}
[71.677168] (quadruped_control) StderrLine: {'line': b'      |                           \x1b[01;36m\x1b[K~~~~^~~~~~~~~~~\x1b[m\x1b[K\n'}
[71.677293] (quadruped_control) StderrLine: {'line': b'\x1b[01m\x1b[K/home/jonnydang2004/QUADRAPED/src/quadruped_control/src/inverse_kinematics.cpp:65:45:\x1b[m\x1b[K \x1b[01;31m\x1b[Kerror: \x1b[m\x1b[Kpassing \xe2\x80\x98\x1b[01m\x1b[Kconst InverseKinematics::pos\x1b[m\x1b[K\xe2\x80\x99 as \xe2\x80\x98\x1b[01m\x1b[Kthis\x1b[m\x1b[K\xe2\x80\x99 argument discards qualifiers [\x1b[01;31m\x1b[K\x1b]8;;https://gcc.gnu.org/onlinedocs/gcc/Warning-Options.html#index-fpermissive\x07-fpermissive\x1b]8;;\x07\x1b[m\x1b[K]\n'}
[71.677573] (quadruped_control) StderrLine: {'line': b'   65 |         new_coords = inverseKinematics(dest_\x1b[01;31m\x1b[K)\x1b[m\x1b[K;\n'}
[71.677689] (quadruped_control) StderrLine: {'line': b'      |                                             \x1b[01;31m\x1b[K^\x1b[m\x1b[K\n'}
[71.677880] (quadruped_control) StderrLine: {'line': b'\x1b[01m\x1b[K/home/jonnydang2004/QUADRAPED/src/quadruped_control/src/inverse_kinematics.cpp:32:14:\x1b[m\x1b[K \x1b[01;36m\x1b[Knote: \x1b[m\x1b[K  in call to \xe2\x80\x98\x1b[01m\x1b[KInverseKinematics::pos& InverseKinematics::pos::operator=(const InverseKinematics::pos&)\x1b[m\x1b[K\xe2\x80\x99\n'}
[71.677977] (quadruped_control) StderrLine: {'line': b'   32 |         pos& \x1b[01;36m\x1b[Koperator\x1b[m\x1b[K=(const pos& a) {\n'}
[71.678099] (quadruped_control) StderrLine: {'line': b'      |              \x1b[01;36m\x1b[K^~~~~~~~\x1b[m\x1b[K\n'}
[71.678256] (quadruped_control) StderrLine: {'line': b'\x1b[01m\x1b[K/home/jonnydang2004/QUADRAPED/src/quadruped_control/src/inverse_kinematics.cpp:66:32:\x1b[m\x1b[K \x1b[01;31m\x1b[Kerror: \x1b[m\x1b[Kassignment of member \xe2\x80\x98\x1b[01m\x1b[KInverseKinematics::new_position_received_\x1b[m\x1b[K\xe2\x80\x99 in read-only object\n'}
[71.678399] (quadruped_control) StderrLine: {'line': b'   66 |         \x1b[01;31m\x1b[Knew_position_received_ = true\x1b[m\x1b[K;\n'}
[71.678525] (quadruped_control) StderrLine: {'line': b'      |         \x1b[01;31m\x1b[K~~~~~~~~~~~~~~~~~~~~~~~^~~~~~\x1b[m\x1b[K\n'}
[71.685273] (quadruped_control) StderrLine: {'line': b'\x1b[01m\x1b[K/home/jonnydang2004/QUADRAPED/src/quadruped_control/src/inverse_kinematics.cpp:\x1b[m\x1b[K In member function \xe2\x80\x98\x1b[01m\x1b[KInverseKinematics::pos InverseKinematics::inverseKinematics(InverseKinematics::pos)\x1b[m\x1b[K\xe2\x80\x99:\n'}
[71.685548] (quadruped_control) StderrLine: {'line': b'\x1b[01m\x1b[K/home/jonnydang2004/QUADRAPED/src/quadruped_control/src/inverse_kinematics.cpp:75:20:\x1b[m\x1b[K \x1b[01;31m\x1b[Kerror: \x1b[m\x1b[K\xe2\x80\x98\x1b[01m\x1b[Kdest\x1b[m\x1b[K\xe2\x80\x99 was not declared in this scope; did you mean \xe2\x80\x98\x1b[01m\x1b[Kdest_\x1b[m\x1b[K\xe2\x80\x99?\n'}
[71.685801] (quadruped_control) StderrLine: {'line': b'   75 |         double x = \x1b[01;31m\x1b[Kdest\x1b[m\x1b[K.x;\n'}
[71.685922] (quadruped_control) StderrLine: {'line': b'      |                    \x1b[01;31m\x1b[K^~~~\x1b[m\x1b[K\n'}
[71.686017] (quadruped_control) StderrLine: {'line': b'      |                    \x1b[32m\x1b[Kdest_\x1b[m\x1b[K\n'}
[71.688281] (quadruped_control) StderrLine: {'line': b'\x1b[01m\x1b[K/home/jonnydang2004/QUADRAPED/src/quadruped_control/src/inverse_kinematics.cpp:113:95:\x1b[m\x1b[K \x1b[01;31m\x1b[Kerror: \x1b[m\x1b[Kexpected \xe2\x80\x98\x1b[01m\x1b[K)\x1b[m\x1b[K\xe2\x80\x99 before \xe2\x80\x98\x1b[01m\x1b[K;\x1b[m\x1b[K\xe2\x80\x99 token\n'}
[71.688639] (quadruped_control) StderrLine: {'line': b'  113 |         theta1 = (180/M_PI)*(atan(x/z) - atan((link2*sin(theta2))/(link1 + link2*cos(theta2)))\x1b[01;31m\x1b[K;\x1b[m\x1b[K\n'}
[71.688887] (quadruped_control) StderrLine: {'line': b'      |                                                                                               \x1b[01;31m\x1b[K^\x1b[m\x1b[K\n'}
[71.689059] (quadruped_control) StderrLine: {'line': b'\x1b[01m\x1b[K/home/jonnydang2004/QUADRAPED/src/quadruped_control/src/inverse_kinematics.cpp:113:29:\x1b[m\x1b[K \x1b[01;36m\x1b[Knote: \x1b[m\x1b[Kto match this \xe2\x80\x98\x1b[01m\x1b[K(\x1b[m\x1b[K\xe2\x80\x99\n'}
[71.689234] (quadruped_control) StderrLine: {'line': b'  113 |         theta1 = (180/M_PI)*\x1b[01;36m\x1b[K(\x1b[m\x1b[Katan(x/z) - atan((link2*sin(theta2))/(link1 + link2*cos(theta2)));\n'}
[71.689387] (quadruped_control) StderrLine: {'line': b'      |                             \x1b[01;36m\x1b[K^\x1b[m\x1b[K\n'}
[71.689948] (quadruped_control) StderrLine: {'line': b'\x1b[01m\x1b[K/home/jonnydang2004/QUADRAPED/src/quadruped_control/src/inverse_kinematics.cpp:138:5:\x1b[m\x1b[K \x1b[01;31m\x1b[Kerror: \x1b[m\x1b[Kexpected \xe2\x80\x98\x1b[01m\x1b[K;\x1b[m\x1b[K\xe2\x80\x99 before \xe2\x80\x98\x1b[01m\x1b[K}\x1b[m\x1b[K\xe2\x80\x99 token\n'}
[71.690952] (quadruped_control) StderrLine: {'line': b'  138 |     \x1b[01;31m\x1b[K}\x1b[m\x1b[K\n'}
[71.691104] (quadruped_control) StderrLine: {'line': b'      |     \x1b[01;31m\x1b[K^\x1b[m\x1b[K\n'}
[71.691267] (quadruped_control) StderrLine: {'line': b'\x1b[01m\x1b[K/home/jonnydang2004/QUADRAPED/src/quadruped_control/src/inverse_kinematics.cpp:71:31:\x1b[m\x1b[K \x1b[01;35m\x1b[Kwarning: \x1b[m\x1b[Kunused parameter \xe2\x80\x98\x1b[01m\x1b[Kdestination\x1b[m\x1b[K\xe2\x80\x99 [\x1b[01;35m\x1b[K\x1b]8;;https://gcc.gnu.org/onlinedocs/gcc/Warning-Options.html#index-Wunused-parameter\x07-Wunused-parameter\x1b]8;;\x07\x1b[m\x1b[K]\n'}
[71.691505] (quadruped_control) StderrLine: {'line': b'   71 |     pos inverseKinematics(\x1b[01;35m\x1b[Kpos destination\x1b[m\x1b[K) {\n'}
[71.691714] (quadruped_control) StderrLine: {'line': b'      |                           \x1b[01;35m\x1b[K~~~~^~~~~~~~~~~\x1b[m\x1b[K\n'}
[71.694825] (-) TimerEvent: {}
[71.795326] (-) TimerEvent: {}
[71.895876] (-) TimerEvent: {}
[71.996516] (-) TimerEvent: {}
[72.097208] (-) TimerEvent: {}
[72.197834] (-) TimerEvent: {}
[72.298432] (-) TimerEvent: {}
[72.399035] (-) TimerEvent: {}
[72.499611] (-) TimerEvent: {}
[72.600131] (-) TimerEvent: {}
[72.700625] (-) TimerEvent: {}
[72.801134] (-) TimerEvent: {}
[72.901797] (-) TimerEvent: {}
[73.002298] (-) TimerEvent: {}
[73.103095] (-) TimerEvent: {}
[73.204325] (-) TimerEvent: {}
[73.304934] (-) TimerEvent: {}
[73.405576] (-) TimerEvent: {}
[73.506226] (-) TimerEvent: {}
[73.606772] (-) TimerEvent: {}
[73.707581] (-) TimerEvent: {}
[73.808516] (-) TimerEvent: {}
[73.908973] (-) TimerEvent: {}
[74.009494] (-) TimerEvent: {}
[74.110028] (-) TimerEvent: {}
[74.210612] (-) TimerEvent: {}
[74.311160] (-) TimerEvent: {}
[74.411775] (-) TimerEvent: {}
[74.512361] (-) TimerEvent: {}
[74.612881] (-) TimerEvent: {}
[74.713453] (-) TimerEvent: {}
[74.814129] (-) TimerEvent: {}
[74.914725] (-) TimerEvent: {}
[75.015418] (-) TimerEvent: {}
[75.116060] (-) TimerEvent: {}
[75.216896] (-) TimerEvent: {}
[75.317450] (-) TimerEvent: {}
[75.418079] (-) TimerEvent: {}
[75.518679] (-) TimerEvent: {}
[75.619171] (-) TimerEvent: {}
[75.720699] (-) TimerEvent: {}
[75.821192] (-) TimerEvent: {}
[75.921789] (-) TimerEvent: {}
[76.022360] (-) TimerEvent: {}
[76.122860] (-) TimerEvent: {}
[76.223400] (-) TimerEvent: {}
[76.323917] (-) TimerEvent: {}
[76.424459] (-) TimerEvent: {}
[76.524975] (-) TimerEvent: {}
[76.625516] (-) TimerEvent: {}
[76.726002] (-) TimerEvent: {}
[76.826539] (-) TimerEvent: {}
[76.927053] (-) TimerEvent: {}
[77.027590] (-) TimerEvent: {}
[77.128073] (-) TimerEvent: {}
[77.228681] (-) TimerEvent: {}
[77.329263] (-) TimerEvent: {}
[77.429892] (-) TimerEvent: {}
[77.530525] (-) TimerEvent: {}
[77.631252] (-) TimerEvent: {}
[77.731875] (-) TimerEvent: {}
[77.832547] (-) TimerEvent: {}
[77.933156] (-) TimerEvent: {}
[78.033788] (-) TimerEvent: {}
[78.134422] (-) TimerEvent: {}
[78.235024] (-) TimerEvent: {}
[78.342321] (-) TimerEvent: {}
[78.442977] (-) TimerEvent: {}
[78.543927] (-) TimerEvent: {}
[78.644565] (-) TimerEvent: {}
[78.745067] (-) TimerEvent: {}
[78.845982] (-) TimerEvent: {}
[78.947541] (-) TimerEvent: {}
[79.048026] (-) TimerEvent: {}
[79.148640] (-) TimerEvent: {}
[79.249203] (-) TimerEvent: {}
[79.349944] (-) TimerEvent: {}
[79.450571] (-) TimerEvent: {}
[79.551316] (-) TimerEvent: {}
[79.652447] (-) TimerEvent: {}
[79.754952] (-) TimerEvent: {}
[79.855562] (-) TimerEvent: {}
[79.956237] (-) TimerEvent: {}
[80.056779] (-) TimerEvent: {}
[80.157296] (-) TimerEvent: {}
[80.257863] (-) TimerEvent: {}
[80.358529] (-) TimerEvent: {}
[80.459158] (-) TimerEvent: {}
[80.559818] (-) TimerEvent: {}
[80.660403] (-) TimerEvent: {}
[80.760922] (-) TimerEvent: {}
[80.861920] (-) TimerEvent: {}
[80.963923] (-) TimerEvent: {}
[81.065609] (-) TimerEvent: {}
[81.166128] (-) TimerEvent: {}
[81.266634] (-) TimerEvent: {}
[81.367089] (-) TimerEvent: {}
[81.467551] (-) TimerEvent: {}
[81.568121] (-) TimerEvent: {}
[81.668685] (-) TimerEvent: {}
[81.769264] (-) TimerEvent: {}
[81.869881] (-) TimerEvent: {}
[81.970423] (-) TimerEvent: {}
[82.070901] (-) TimerEvent: {}
[82.171383] (-) TimerEvent: {}
[82.271926] (-) TimerEvent: {}
[82.372403] (-) TimerEvent: {}
[82.473018] (-) TimerEvent: {}
[82.573723] (-) TimerEvent: {}
[82.674299] (-) TimerEvent: {}
[82.774829] (-) TimerEvent: {}
[82.875431] (-) TimerEvent: {}
[82.976263] (-) TimerEvent: {}
[83.076832] (-) TimerEvent: {}
[83.177451] (-) TimerEvent: {}
[83.278038] (-) TimerEvent: {}
[83.359700] (quadruped_control) StderrLine: {'line': b'gmake[2]: *** [CMakeFiles/inverse_kinematics.dir/build.make:76: CMakeFiles/inverse_kinematics.dir/src/inverse_kinematics.cpp.o] Error 1\n'}
[83.360151] (quadruped_control) StderrLine: {'line': b'gmake[1]: *** [CMakeFiles/Makefile2:139: CMakeFiles/inverse_kinematics.dir/all] Error 2\n'}
[83.360730] (quadruped_control) StderrLine: {'line': b'gmake: *** [Makefile:146: all] Error 2\n'}
[83.363954] (quadruped_control) CommandEnded: {'returncode': 2}
[83.378225] (-) TimerEvent: {}
[83.444902] (quadruped_control) JobEnded: {'identifier': 'quadruped_control', 'rc': 2}
[83.457725] (-) EventReactorShutdown: {}
