[0.000000] (-) TimerEvent: {}
[0.001757] (quadruped_interfaces) JobQueued: {'identifier': 'quadruped_interfaces', 'dependencies': OrderedDict()}
[0.002015] (quadruped_control) JobQueued: {'identifier': 'quadruped_control', 'dependencies': OrderedDict([('quadruped_interfaces', '/home/jonnydang2004/QUADRAPED/install/quadruped_interfaces')])}
[0.002156] (quadruped_interfaces) JobStarted: {'identifier': 'quadruped_interfaces'}
[0.036367] (quadruped_interfaces) JobProgress: {'identifier': 'quadruped_interfaces', 'progress': 'cmake'}
[0.036556] (quadruped_interfaces) JobProgress: {'identifier': 'quadruped_interfaces', 'progress': 'build'}
[0.037275] (quadruped_interfaces) Command: {'cmd': ['/usr/bin/cmake', '--build', '/home/jonnydang2004/QUADRAPED/build/quadruped_interfaces', '--', '-j4', '-l4'], 'cwd': '/home/jonnydang2004/QUADRAPED/build/quadruped_interfaces', 'env': OrderedDict([('LESSOPEN', '| /usr/bin/lesspipe %s'), ('USER', 'jonnydang2004'), ('GIT_ASKPASS', '/home/jonnydang2004/.vscode-server/bin/38c31bc77e0dd6ae88a4e9cc93428cc27a56ba40/extensions/git/dist/askpass.sh'), ('SHLVL', '1'), ('LD_LIBRARY_PATH', '/opt/ros/iron/opt/rviz_ogre_vendor/lib:/opt/ros/iron/lib/x86_64-linux-gnu:/opt/ros/iron/lib'), ('HOME', '/home/jonnydang2004'), ('OLDPWD', '/home/jonnydang2004/QUADRAPED/pigpio-74'), ('TERM_PROGRAM_VERSION', '1.93.1'), ('NVM_BIN', '/home/jonnydang2004/.nvm/versions/node/v18.19.0/bin'), ('VSCODE_IPC_HOOK_CLI', '/run/user/1000/vscode-ipc-aeaa321f-954c-44ec-865c-68b87d92bff0.sock'), ('NVM_INC', '/home/jonnydang2004/.nvm/versions/node/v18.19.0/include/node'), ('ROS_PYTHON_VERSION', '3'), ('VSCODE_GIT_ASKPASS_MAIN', '/home/jonnydang2004/.vscode-server/bin/38c31bc77e0dd6ae88a4e9cc93428cc27a56ba40/extensions/git/dist/askpass-main.js'), ('VSCODE_GIT_ASKPASS_NODE', '/home/jonnydang2004/.vscode-server/bin/38c31bc77e0dd6ae88a4e9cc93428cc27a56ba40/node'), ('DBUS_SESSION_BUS_ADDRESS', 'unix:path=/run/user/1000/bus'), ('COLORTERM', 'truecolor'), ('WSL_DISTRO_NAME', 'Ubuntu'), ('NVM_DIR', '/home/jonnydang2004/.nvm'), ('WAYLAND_DISPLAY', 'wayland-0'), ('ROS_DISTRO', 'iron'), ('LOGNAME', 'jonnydang2004'), ('NAME', 'DESKTOP-JO2E52O'), ('WSL_INTEROP', '/run/WSL/33065_interop'), ('PULSE_SERVER', 'unix:/mnt/wslg/PulseServer'), ('_', '/usr/bin/colcon'), ('ROS_VERSION', '2'), ('TERM', 'xterm-256color'), ('_colcon_cd_rott', '/opt/ros/iron/'), ('PATH', '/home/jonnydang2004/.vscode-server/bin/38c31bc77e0dd6ae88a4e9cc93428cc27a56ba40/bin/remote-cli:/home/jonnydang2004/.local/bin:/opt/ros/iron/bin:/home/jonnydang2004/.nvm/versions/node/v18.19.0/bin:/usr/local/sbin:/usr/local/bin:/usr/sbin:/usr/bin:/sbin:/bin:/usr/games:/usr/local/games:/usr/lib/wsl/lib:/mnt/c/Windows/system32:/mnt/c/Windows:/mnt/c/Windows/System32/Wbem:/mnt/c/Windows/System32/WindowsPowerShell/v1.0/:/mnt/c/Windows/System32/OpenSSH/:/mnt/c/Program Files (x86)/Intel/Intel(R) Management Engine Components/DAL:/mnt/c/Program Files/Intel/Intel(R) Management Engine Components/DAL:/mnt/c/Program Files/MATLAB/R2023b/bin:/mnt/c/Program Files/MATLAB/R2022a/bin:/mnt/c/Program Files/Docker/Docker/resources/bin:/mnt/c/Program Files/dotnet/:/mnt/c/Program Files/:/mnt/c/Program Files/Git/cmd:/mnt/c/Program Files (x86)/IVI Foundation/VISA/WinNT/Bin/:/mnt/c/Program Files/IVI Foundation/VISA/Win64/Bin/:/mnt/c/Program Files (x86)/National Instruments/Shared/LabVIEW CLI:/mnt/c/Program Files (x86)/IVI Foundation/IVI/Bin/:/mnt/c/Program Files/IVI Foundation/IVI/Bin/:/mnt/c/Program Files (x86)/IVI Foundation/VISA/WinNT/Bin:/mnt/c/Users/User/AppData/Local/Programs/Python/Python310/Scripts/:/mnt/c/Users/User/AppData/Local/Programs/Python/Python310/:/mnt/c/Users/User/AppData/Local/Microsoft/WindowsApps:/mnt/c/Users/User/AppData/Local/Programs/Microsoft VS Code/bin:/mnt/c/Users/User/AppData/Roaming/npm:/snap/bin:/opt/gradle/gradle-8.5/bin:/opt/gradle/gradle-8.5/bin'), ('XDG_RUNTIME_DIR', '/run/user/1000/'), ('DISPLAY', ':0'), ('LANG', 'en_US.UTF-8'), ('LS_COLORS', 'rs=0:di=01;34:ln=01;36:mh=00:pi=40;33:so=01;35:do=01;35:bd=40;33;01:cd=40;33;01:or=40;31;01:mi=00:su=37;41:sg=30;43:ca=30;41:tw=30;42:ow=34;42:st=37;44:ex=01;32:*.tar=01;31:*.tgz=01;31:*.arc=01;31:*.arj=01;31:*.taz=01;31:*.lha=01;31:*.lz4=01;31:*.lzh=01;31:*.lzma=01;31:*.tlz=01;31:*.txz=01;31:*.tzo=01;31:*.t7z=01;31:*.zip=01;31:*.z=01;31:*.dz=01;31:*.gz=01;31:*.lrz=01;31:*.lz=01;31:*.lzo=01;31:*.xz=01;31:*.zst=01;31:*.tzst=01;31:*.bz2=01;31:*.bz=01;31:*.tbz=01;31:*.tbz2=01;31:*.tz=01;31:*.deb=01;31:*.rpm=01;31:*.jar=01;31:*.war=01;31:*.ear=01;31:*.sar=01;31:*.rar=01;31:*.alz=01;31:*.ace=01;31:*.zoo=01;31:*.cpio=01;31:*.7z=01;31:*.rz=01;31:*.cab=01;31:*.wim=01;31:*.swm=01;31:*.dwm=01;31:*.esd=01;31:*.jpg=01;35:*.jpeg=01;35:*.mjpg=01;35:*.mjpeg=01;35:*.gif=01;35:*.bmp=01;35:*.pbm=01;35:*.pgm=01;35:*.ppm=01;35:*.tga=01;35:*.xbm=01;35:*.xpm=01;35:*.tif=01;35:*.tiff=01;35:*.png=01;35:*.svg=01;35:*.svgz=01;35:*.mng=01;35:*.pcx=01;35:*.mov=01;35:*.mpg=01;35:*.mpeg=01;35:*.m2v=01;35:*.mkv=01;35:*.webm=01;35:*.webp=01;35:*.ogm=01;35:*.mp4=01;35:*.m4v=01;35:*.mp4v=01;35:*.vob=01;35:*.qt=01;35:*.nuv=01;35:*.wmv=01;35:*.asf=01;35:*.rm=01;35:*.rmvb=01;35:*.flc=01;35:*.avi=01;35:*.fli=01;35:*.flv=01;35:*.gl=01;35:*.dl=01;35:*.xcf=01;35:*.xwd=01;35:*.yuv=01;35:*.cgm=01;35:*.emf=01;35:*.ogv=01;35:*.ogx=01;35:*.aac=00;36:*.au=00;36:*.flac=00;36:*.m4a=00;36:*.mid=00;36:*.midi=00;36:*.mka=00;36:*.mp3=00;36:*.mpc=00;36:*.ogg=00;36:*.ra=00;36:*.wav=00;36:*.oga=00;36:*.opus=00;36:*.spx=00;36:*.xspf=00;36:'), ('VSCODE_GIT_IPC_HANDLE', '/run/user/1000/vscode-git-f95bf93406.sock'), ('TERM_PROGRAM', 'vscode'), ('AMENT_PREFIX_PATH', '/opt/ros/iron'), ('SHELL', '/bin/bash'), ('LESSCLOSE', '/usr/bin/lesspipe %s %s'), ('ROS_AUTOMATIC_DISCOVERY_RANGE', 'SUBNET'), ('VSCODE_GIT_ASKPASS_EXTRA_ARGS', ''), ('PWD', '/home/jonnydang2004/QUADRAPED/build/quadruped_interfaces'), ('NVM_CD_FLAGS', ''), ('XDG_DATA_DIRS', '/usr/local/share:/usr/share:/var/lib/snapd/desktop'), ('PYTHONPATH', '/opt/ros/iron/lib/python3.10/site-packages'), ('COLCON', '1'), ('WSL2_GUI_APPS_ENABLED', '1'), ('HOSTTYPE', 'x86_64'), ('WSLENV', 'VSCODE_WSL_EXT_LOCATION/up'), ('CMAKE_PREFIX_PATH', '/opt/ros/iron')]), 'shell': False}
[0.097854] (-) TimerEvent: {}
[0.164826] (quadruped_interfaces) StdoutLine: {'line': b'[  2%] Built target quadruped_interfaces__rosidl_generator_type_description\n'}
[0.192125] (quadruped_interfaces) StdoutLine: {'line': b'[  2%] Built target ament_cmake_python_copy_quadruped_interfaces\n'}
[0.198042] (-) TimerEvent: {}
[0.213867] (quadruped_interfaces) StdoutLine: {'line': b'[  5%] Built target quadruped_interfaces__cpp\n'}
[0.222884] (quadruped_interfaces) StdoutLine: {'line': b'[ 20%] Built target quadruped_interfaces__rosidl_generator_c\n'}
[0.297270] (quadruped_interfaces) StdoutLine: {'line': b'[ 29%] Built target quadruped_interfaces__rosidl_typesupport_introspection_cpp\n'}
[0.298140] (-) TimerEvent: {}
[0.322428] (quadruped_interfaces) StdoutLine: {'line': b'[ 38%] Built target quadruped_interfaces__rosidl_typesupport_fastrtps_cpp\n'}
[0.342798] (quadruped_interfaces) StdoutLine: {'line': b'[ 47%] Built target quadruped_interfaces__rosidl_typesupport_cpp\n'}
[0.394887] (quadruped_interfaces) StdoutLine: {'line': b'[ 61%] Built target quadruped_interfaces__rosidl_typesupport_fastrtps_c\n'}
[0.402982] (quadruped_interfaces) StdoutLine: {'line': b'[ 64%] Built target quadruped_interfaces__rosidl_typesupport_introspection_c\n'}
[0.403452] (-) TimerEvent: {}
[0.449017] (quadruped_interfaces) StdoutLine: {'line': b'[ 73%] Built target quadruped_interfaces__rosidl_typesupport_c\n'}
[0.494233] (quadruped_interfaces) StdoutLine: {'line': b'[ 73%] Built target quadruped_interfaces\n'}
[0.503644] (-) TimerEvent: {}
[0.543628] (quadruped_interfaces) StdoutLine: {'line': b'[ 76%] Built target quadruped_interfaces__py\n'}
[0.603800] (-) TimerEvent: {}
[0.629429] (quadruped_interfaces) StdoutLine: {'line': b'[ 82%] Built target quadruped_interfaces__rosidl_generator_py\n'}
[0.704725] (-) TimerEvent: {}
[0.762457] (quadruped_interfaces) StdoutLine: {'line': b'[ 88%] Built target quadruped_interfaces__rosidl_typesupport_fastrtps_c__pyext\n'}
[0.786929] (quadruped_interfaces) StdoutLine: {'line': b'[ 94%] Built target quadruped_interfaces__rosidl_typesupport_introspection_c__pyext\n'}
[0.801728] (quadruped_interfaces) StdoutLine: {'line': b'[100%] Built target quadruped_interfaces__rosidl_typesupport_c__pyext\n'}
[0.804632] (-) TimerEvent: {}
[0.905220] (-) TimerEvent: {}
[1.005745] (-) TimerEvent: {}
[1.109765] (-) TimerEvent: {}
[1.217327] (-) TimerEvent: {}
[1.318906] (quadruped_interfaces) StdoutLine: {'line': b'running egg_info\n'}
[1.319330] (-) TimerEvent: {}
[1.322394] (quadruped_interfaces) StdoutLine: {'line': b'writing quadruped_interfaces.egg-info/PKG-INFO\n'}
[1.324071] (quadruped_interfaces) StdoutLine: {'line': b'writing dependency_links to quadruped_interfaces.egg-info/dependency_links.txt\n'}
[1.324674] (quadruped_interfaces) StdoutLine: {'line': b'writing top-level names to quadruped_interfaces.egg-info/top_level.txt\n'}
[1.335125] (quadruped_interfaces) StdoutLine: {'line': b"reading manifest file 'quadruped_interfaces.egg-info/SOURCES.txt'\n"}
[1.340796] (quadruped_interfaces) StdoutLine: {'line': b"writing manifest file 'quadruped_interfaces.egg-info/SOURCES.txt'\n"}
[1.421137] (-) TimerEvent: {}
[1.447658] (quadruped_interfaces) StdoutLine: {'line': b'[100%] Built target ament_cmake_python_build_quadruped_interfaces_egg\n'}
[1.496709] (quadruped_interfaces) CommandEnded: {'returncode': 0}
[1.521342] (-) TimerEvent: {}
[1.621959] (-) TimerEvent: {}
[1.715293] (quadruped_interfaces) JobProgress: {'identifier': 'quadruped_interfaces', 'progress': 'install'}
[1.722168] (-) TimerEvent: {}
[1.744616] (quadruped_interfaces) Command: {'cmd': ['/usr/bin/cmake', '--install', '/home/jonnydang2004/QUADRAPED/build/quadruped_interfaces'], 'cwd': '/home/jonnydang2004/QUADRAPED/build/quadruped_interfaces', 'env': OrderedDict([('LESSOPEN', '| /usr/bin/lesspipe %s'), ('USER', 'jonnydang2004'), ('GIT_ASKPASS', '/home/jonnydang2004/.vscode-server/bin/38c31bc77e0dd6ae88a4e9cc93428cc27a56ba40/extensions/git/dist/askpass.sh'), ('SHLVL', '1'), ('LD_LIBRARY_PATH', '/opt/ros/iron/opt/rviz_ogre_vendor/lib:/opt/ros/iron/lib/x86_64-linux-gnu:/opt/ros/iron/lib'), ('HOME', '/home/jonnydang2004'), ('OLDPWD', '/home/jonnydang2004/QUADRAPED/pigpio-74'), ('TERM_PROGRAM_VERSION', '1.93.1'), ('NVM_BIN', '/home/jonnydang2004/.nvm/versions/node/v18.19.0/bin'), ('VSCODE_IPC_HOOK_CLI', '/run/user/1000/vscode-ipc-aeaa321f-954c-44ec-865c-68b87d92bff0.sock'), ('NVM_INC', '/home/jonnydang2004/.nvm/versions/node/v18.19.0/include/node'), ('ROS_PYTHON_VERSION', '3'), ('VSCODE_GIT_ASKPASS_MAIN', '/home/jonnydang2004/.vscode-server/bin/38c31bc77e0dd6ae88a4e9cc93428cc27a56ba40/extensions/git/dist/askpass-main.js'), ('VSCODE_GIT_ASKPASS_NODE', '/home/jonnydang2004/.vscode-server/bin/38c31bc77e0dd6ae88a4e9cc93428cc27a56ba40/node'), ('DBUS_SESSION_BUS_ADDRESS', 'unix:path=/run/user/1000/bus'), ('COLORTERM', 'truecolor'), ('WSL_DISTRO_NAME', 'Ubuntu'), ('NVM_DIR', '/home/jonnydang2004/.nvm'), ('WAYLAND_DISPLAY', 'wayland-0'), ('ROS_DISTRO', 'iron'), ('LOGNAME', 'jonnydang2004'), ('NAME', 'DESKTOP-JO2E52O'), ('WSL_INTEROP', '/run/WSL/33065_interop'), ('PULSE_SERVER', 'unix:/mnt/wslg/PulseServer'), ('_', '/usr/bin/colcon'), ('ROS_VERSION', '2'), ('TERM', 'xterm-256color'), ('_colcon_cd_rott', '/opt/ros/iron/'), ('PATH', '/home/jonnydang2004/.vscode-server/bin/38c31bc77e0dd6ae88a4e9cc93428cc27a56ba40/bin/remote-cli:/home/jonnydang2004/.local/bin:/opt/ros/iron/bin:/home/jonnydang2004/.nvm/versions/node/v18.19.0/bin:/usr/local/sbin:/usr/local/bin:/usr/sbin:/usr/bin:/sbin:/bin:/usr/games:/usr/local/games:/usr/lib/wsl/lib:/mnt/c/Windows/system32:/mnt/c/Windows:/mnt/c/Windows/System32/Wbem:/mnt/c/Windows/System32/WindowsPowerShell/v1.0/:/mnt/c/Windows/System32/OpenSSH/:/mnt/c/Program Files (x86)/Intel/Intel(R) Management Engine Components/DAL:/mnt/c/Program Files/Intel/Intel(R) Management Engine Components/DAL:/mnt/c/Program Files/MATLAB/R2023b/bin:/mnt/c/Program Files/MATLAB/R2022a/bin:/mnt/c/Program Files/Docker/Docker/resources/bin:/mnt/c/Program Files/dotnet/:/mnt/c/Program Files/:/mnt/c/Program Files/Git/cmd:/mnt/c/Program Files (x86)/IVI Foundation/VISA/WinNT/Bin/:/mnt/c/Program Files/IVI Foundation/VISA/Win64/Bin/:/mnt/c/Program Files (x86)/National Instruments/Shared/LabVIEW CLI:/mnt/c/Program Files (x86)/IVI Foundation/IVI/Bin/:/mnt/c/Program Files/IVI Foundation/IVI/Bin/:/mnt/c/Program Files (x86)/IVI Foundation/VISA/WinNT/Bin:/mnt/c/Users/User/AppData/Local/Programs/Python/Python310/Scripts/:/mnt/c/Users/User/AppData/Local/Programs/Python/Python310/:/mnt/c/Users/User/AppData/Local/Microsoft/WindowsApps:/mnt/c/Users/User/AppData/Local/Programs/Microsoft VS Code/bin:/mnt/c/Users/User/AppData/Roaming/npm:/snap/bin:/opt/gradle/gradle-8.5/bin:/opt/gradle/gradle-8.5/bin'), ('XDG_RUNTIME_DIR', '/run/user/1000/'), ('DISPLAY', ':0'), ('LANG', 'en_US.UTF-8'), ('LS_COLORS', 'rs=0:di=01;34:ln=01;36:mh=00:pi=40;33:so=01;35:do=01;35:bd=40;33;01:cd=40;33;01:or=40;31;01:mi=00:su=37;41:sg=30;43:ca=30;41:tw=30;42:ow=34;42:st=37;44:ex=01;32:*.tar=01;31:*.tgz=01;31:*.arc=01;31:*.arj=01;31:*.taz=01;31:*.lha=01;31:*.lz4=01;31:*.lzh=01;31:*.lzma=01;31:*.tlz=01;31:*.txz=01;31:*.tzo=01;31:*.t7z=01;31:*.zip=01;31:*.z=01;31:*.dz=01;31:*.gz=01;31:*.lrz=01;31:*.lz=01;31:*.lzo=01;31:*.xz=01;31:*.zst=01;31:*.tzst=01;31:*.bz2=01;31:*.bz=01;31:*.tbz=01;31:*.tbz2=01;31:*.tz=01;31:*.deb=01;31:*.rpm=01;31:*.jar=01;31:*.war=01;31:*.ear=01;31:*.sar=01;31:*.rar=01;31:*.alz=01;31:*.ace=01;31:*.zoo=01;31:*.cpio=01;31:*.7z=01;31:*.rz=01;31:*.cab=01;31:*.wim=01;31:*.swm=01;31:*.dwm=01;31:*.esd=01;31:*.jpg=01;35:*.jpeg=01;35:*.mjpg=01;35:*.mjpeg=01;35:*.gif=01;35:*.bmp=01;35:*.pbm=01;35:*.pgm=01;35:*.ppm=01;35:*.tga=01;35:*.xbm=01;35:*.xpm=01;35:*.tif=01;35:*.tiff=01;35:*.png=01;35:*.svg=01;35:*.svgz=01;35:*.mng=01;35:*.pcx=01;35:*.mov=01;35:*.mpg=01;35:*.mpeg=01;35:*.m2v=01;35:*.mkv=01;35:*.webm=01;35:*.webp=01;35:*.ogm=01;35:*.mp4=01;35:*.m4v=01;35:*.mp4v=01;35:*.vob=01;35:*.qt=01;35:*.nuv=01;35:*.wmv=01;35:*.asf=01;35:*.rm=01;35:*.rmvb=01;35:*.flc=01;35:*.avi=01;35:*.fli=01;35:*.flv=01;35:*.gl=01;35:*.dl=01;35:*.xcf=01;35:*.xwd=01;35:*.yuv=01;35:*.cgm=01;35:*.emf=01;35:*.ogv=01;35:*.ogx=01;35:*.aac=00;36:*.au=00;36:*.flac=00;36:*.m4a=00;36:*.mid=00;36:*.midi=00;36:*.mka=00;36:*.mp3=00;36:*.mpc=00;36:*.ogg=00;36:*.ra=00;36:*.wav=00;36:*.oga=00;36:*.opus=00;36:*.spx=00;36:*.xspf=00;36:'), ('VSCODE_GIT_IPC_HANDLE', '/run/user/1000/vscode-git-f95bf93406.sock'), ('TERM_PROGRAM', 'vscode'), ('AMENT_PREFIX_PATH', '/opt/ros/iron'), ('SHELL', '/bin/bash'), ('LESSCLOSE', '/usr/bin/lesspipe %s %s'), ('ROS_AUTOMATIC_DISCOVERY_RANGE', 'SUBNET'), ('VSCODE_GIT_ASKPASS_EXTRA_ARGS', ''), ('PWD', '/home/jonnydang2004/QUADRAPED/build/quadruped_interfaces'), ('NVM_CD_FLAGS', ''), ('XDG_DATA_DIRS', '/usr/local/share:/usr/share:/var/lib/snapd/desktop'), ('PYTHONPATH', '/opt/ros/iron/lib/python3.10/site-packages'), ('COLCON', '1'), ('WSL2_GUI_APPS_ENABLED', '1'), ('HOSTTYPE', 'x86_64'), ('WSLENV', 'VSCODE_WSL_EXT_LOCATION/up'), ('CMAKE_PREFIX_PATH', '/opt/ros/iron')]), 'shell': False}
[1.770063] (quadruped_interfaces) StdoutLine: {'line': b'-- Install configuration: ""\n'}
[1.775225] (quadruped_interfaces) StdoutLine: {'line': b'-- Up-to-date: /home/jonnydang2004/QUADRAPED/install/quadruped_interfaces/share/ament_index/resource_index/rosidl_interfaces/quadruped_interfaces\n'}
[1.782723] (quadruped_interfaces) StdoutLine: {'line': b'-- Up-to-date: /home/jonnydang2004/QUADRAPED/install/quadruped_interfaces/share/quadruped_interfaces/msg/Pos.json\n'}
[1.783085] (quadruped_interfaces) StdoutLine: {'line': b'-- Up-to-date: /home/jonnydang2004/QUADRAPED/install/quadruped_interfaces/include/quadruped_interfaces/quadruped_interfaces\n'}
[1.783460] (quadruped_interfaces) StdoutLine: {'line': b'-- Up-to-date: /home/jonnydang2004/QUADRAPED/install/quadruped_interfaces/include/quadruped_interfaces/quadruped_interfaces/msg\n'}
[1.783717] (quadruped_interfaces) StdoutLine: {'line': b'-- Up-to-date: /home/jonnydang2004/QUADRAPED/install/quadruped_interfaces/include/quadruped_interfaces/quadruped_interfaces/msg/pos.h\n'}
[1.783996] (quadruped_interfaces) StdoutLine: {'line': b'-- Up-to-date: /home/jonnydang2004/QUADRAPED/install/quadruped_interfaces/include/quadruped_interfaces/quadruped_interfaces/msg/rosidl_generator_c__visibility_control.h\n'}
[1.784313] (quadruped_interfaces) StdoutLine: {'line': b'-- Up-to-date: /home/jonnydang2004/QUADRAPED/install/quadruped_interfaces/include/quadruped_interfaces/quadruped_interfaces/msg/detail\n'}
[1.784592] (quadruped_interfaces) StdoutLine: {'line': b'-- Up-to-date: /home/jonnydang2004/QUADRAPED/install/quadruped_interfaces/include/quadruped_interfaces/quadruped_interfaces/msg/detail/pos__functions.c\n'}
[1.784853] (quadruped_interfaces) StdoutLine: {'line': b'-- Up-to-date: /home/jonnydang2004/QUADRAPED/install/quadruped_interfaces/include/quadruped_interfaces/quadruped_interfaces/msg/detail/pos__description.c\n'}
[1.785166] (quadruped_interfaces) StdoutLine: {'line': b'-- Installing: /home/jonnydang2004/QUADRAPED/install/quadruped_interfaces/include/quadruped_interfaces/quadruped_interfaces/msg/detail/pos__type_support.c\n'}
[1.785433] (quadruped_interfaces) StdoutLine: {'line': b'-- Up-to-date: /home/jonnydang2004/QUADRAPED/install/quadruped_interfaces/include/quadruped_interfaces/quadruped_interfaces/msg/detail/pos__functions.h\n'}
[1.785709] (quadruped_interfaces) StdoutLine: {'line': b'-- Up-to-date: /home/jonnydang2004/QUADRAPED/install/quadruped_interfaces/include/quadruped_interfaces/quadruped_interfaces/msg/detail/pos__type_support.h\n'}
[1.785969] (quadruped_interfaces) StdoutLine: {'line': b'-- Up-to-date: /home/jonnydang2004/QUADRAPED/install/quadruped_interfaces/include/quadruped_interfaces/quadruped_interfaces/msg/detail/pos__struct.h\n'}
[1.786269] (quadruped_interfaces) StdoutLine: {'line': b'-- Up-to-date: /home/jonnydang2004/QUADRAPED/install/quadruped_interfaces/share/quadruped_interfaces/environment/library_path.sh\n'}
[1.786517] (quadruped_interfaces) StdoutLine: {'line': b'-- Up-to-date: /home/jonnydang2004/QUADRAPED/install/quadruped_interfaces/share/quadruped_interfaces/environment/library_path.dsv\n'}
[1.786767] (quadruped_interfaces) StdoutLine: {'line': b'-- Up-to-date: /home/jonnydang2004/QUADRAPED/install/quadruped_interfaces/lib/libquadruped_interfaces__rosidl_generator_c.so\n'}
[1.787007] (quadruped_interfaces) StdoutLine: {'line': b'-- Up-to-date: /home/jonnydang2004/QUADRAPED/install/quadruped_interfaces/include/quadruped_interfaces/quadruped_interfaces\n'}
[1.787474] (quadruped_interfaces) StdoutLine: {'line': b'-- Up-to-date: /home/jonnydang2004/QUADRAPED/install/quadruped_interfaces/include/quadruped_interfaces/quadruped_interfaces/msg\n'}
[1.787753] (quadruped_interfaces) StdoutLine: {'line': b'-- Up-to-date: /home/jonnydang2004/QUADRAPED/install/quadruped_interfaces/include/quadruped_interfaces/quadruped_interfaces/msg/rosidl_typesupport_fastrtps_c__visibility_control.h\n'}
[1.788153] (quadruped_interfaces) StdoutLine: {'line': b'-- Up-to-date: /home/jonnydang2004/QUADRAPED/install/quadruped_interfaces/include/quadruped_interfaces/quadruped_interfaces/msg/detail\n'}
[1.788444] (quadruped_interfaces) StdoutLine: {'line': b'-- Up-to-date: /home/jonnydang2004/QUADRAPED/install/quadruped_interfaces/include/quadruped_interfaces/quadruped_interfaces/msg/detail/pos__rosidl_typesupport_fastrtps_c.h\n'}
[1.788788] (quadruped_interfaces) StdoutLine: {'line': b'-- Up-to-date: /home/jonnydang2004/QUADRAPED/install/quadruped_interfaces/lib/libquadruped_interfaces__rosidl_typesupport_fastrtps_c.so\n'}
[1.803297] (quadruped_interfaces) StdoutLine: {'line': b'-- Up-to-date: /home/jonnydang2004/QUADRAPED/install/quadruped_interfaces/include/quadruped_interfaces/quadruped_interfaces\n'}
[1.803704] (quadruped_interfaces) StdoutLine: {'line': b'-- Up-to-date: /home/jonnydang2004/QUADRAPED/install/quadruped_interfaces/include/quadruped_interfaces/quadruped_interfaces/msg\n'}
[1.803964] (quadruped_interfaces) StdoutLine: {'line': b'-- Up-to-date: /home/jonnydang2004/QUADRAPED/install/quadruped_interfaces/include/quadruped_interfaces/quadruped_interfaces/msg/rosidl_typesupport_introspection_c__visibility_control.h\n'}
[1.804239] (quadruped_interfaces) StdoutLine: {'line': b'-- Up-to-date: /home/jonnydang2004/QUADRAPED/install/quadruped_interfaces/include/quadruped_interfaces/quadruped_interfaces/msg/detail\n'}
[1.804440] (quadruped_interfaces) StdoutLine: {'line': b'-- Up-to-date: /home/jonnydang2004/QUADRAPED/install/quadruped_interfaces/include/quadruped_interfaces/quadruped_interfaces/msg/detail/pos__rosidl_typesupport_introspection_c.h\n'}
[1.804627] (quadruped_interfaces) StdoutLine: {'line': b'-- Installing: /home/jonnydang2004/QUADRAPED/install/quadruped_interfaces/include/quadruped_interfaces/quadruped_interfaces/msg/detail/pos__type_support.c\n'}
[1.804885] (quadruped_interfaces) StdoutLine: {'line': b'-- Up-to-date: /home/jonnydang2004/QUADRAPED/install/quadruped_interfaces/lib/libquadruped_interfaces__rosidl_typesupport_introspection_c.so\n'}
[1.805200] (quadruped_interfaces) StdoutLine: {'line': b'-- Up-to-date: /home/jonnydang2004/QUADRAPED/install/quadruped_interfaces/lib/libquadruped_interfaces__rosidl_typesupport_c.so\n'}
[1.805488] (quadruped_interfaces) StdoutLine: {'line': b'-- Up-to-date: /home/jonnydang2004/QUADRAPED/install/quadruped_interfaces/include/quadruped_interfaces/quadruped_interfaces\n'}
[1.805760] (quadruped_interfaces) StdoutLine: {'line': b'-- Up-to-date: /home/jonnydang2004/QUADRAPED/install/quadruped_interfaces/include/quadruped_interfaces/quadruped_interfaces/msg\n'}
[1.806033] (quadruped_interfaces) StdoutLine: {'line': b'-- Up-to-date: /home/jonnydang2004/QUADRAPED/install/quadruped_interfaces/include/quadruped_interfaces/quadruped_interfaces/msg/pos.hpp\n'}
[1.806337] (quadruped_interfaces) StdoutLine: {'line': b'-- Up-to-date: /home/jonnydang2004/QUADRAPED/install/quadruped_interfaces/include/quadruped_interfaces/quadruped_interfaces/msg/detail\n'}
[1.806618] (quadruped_interfaces) StdoutLine: {'line': b'-- Up-to-date: /home/jonnydang2004/QUADRAPED/install/quadruped_interfaces/include/quadruped_interfaces/quadruped_interfaces/msg/detail/pos__struct.hpp\n'}
[1.806911] (quadruped_interfaces) StdoutLine: {'line': b'-- Up-to-date: /home/jonnydang2004/QUADRAPED/install/quadruped_interfaces/include/quadruped_interfaces/quadruped_interfaces/msg/detail/pos__builder.hpp\n'}
[1.807338] (quadruped_interfaces) StdoutLine: {'line': b'-- Up-to-date: /home/jonnydang2004/QUADRAPED/install/quadruped_interfaces/include/quadruped_interfaces/quadruped_interfaces/msg/detail/pos__traits.hpp\n'}
[1.807665] (quadruped_interfaces) StdoutLine: {'line': b'-- Up-to-date: /home/jonnydang2004/QUADRAPED/install/quadruped_interfaces/include/quadruped_interfaces/quadruped_interfaces\n'}
[1.819651] (quadruped_interfaces) StdoutLine: {'line': b'-- Up-to-date: /home/jonnydang2004/QUADRAPED/install/quadruped_interfaces/include/quadruped_interfaces/quadruped_interfaces/msg\n'}
[1.820039] (quadruped_interfaces) StdoutLine: {'line': b'-- Up-to-date: /home/jonnydang2004/QUADRAPED/install/quadruped_interfaces/include/quadruped_interfaces/quadruped_interfaces/msg/rosidl_typesupport_fastrtps_cpp__visibility_control.h\n'}
[1.820364] (quadruped_interfaces) StdoutLine: {'line': b'-- Up-to-date: /home/jonnydang2004/QUADRAPED/install/quadruped_interfaces/include/quadruped_interfaces/quadruped_interfaces/msg/detail\n'}
[1.820545] (quadruped_interfaces) StdoutLine: {'line': b'-- Up-to-date: /home/jonnydang2004/QUADRAPED/install/quadruped_interfaces/include/quadruped_interfaces/quadruped_interfaces/msg/detail/dds_fastrtps\n'}
[1.820769] (quadruped_interfaces) StdoutLine: {'line': b'-- Up-to-date: /home/jonnydang2004/QUADRAPED/install/quadruped_interfaces/include/quadruped_interfaces/quadruped_interfaces/msg/detail/pos__rosidl_typesupport_fastrtps_cpp.hpp\n'}
[1.823476] (-) TimerEvent: {}
[1.823807] (quadruped_interfaces) StdoutLine: {'line': b'-- Up-to-date: /home/jonnydang2004/QUADRAPED/install/quadruped_interfaces/lib/libquadruped_interfaces__rosidl_typesupport_fastrtps_cpp.so\n'}
[1.835823] (quadruped_interfaces) StdoutLine: {'line': b'-- Up-to-date: /home/jonnydang2004/QUADRAPED/install/quadruped_interfaces/include/quadruped_interfaces/quadruped_interfaces\n'}
[1.836091] (quadruped_interfaces) StdoutLine: {'line': b'-- Up-to-date: /home/jonnydang2004/QUADRAPED/install/quadruped_interfaces/include/quadruped_interfaces/quadruped_interfaces/msg\n'}
[1.836383] (quadruped_interfaces) StdoutLine: {'line': b'-- Up-to-date: /home/jonnydang2004/QUADRAPED/install/quadruped_interfaces/include/quadruped_interfaces/quadruped_interfaces/msg/detail\n'}
[1.836636] (quadruped_interfaces) StdoutLine: {'line': b'-- Up-to-date: /home/jonnydang2004/QUADRAPED/install/quadruped_interfaces/include/quadruped_interfaces/quadruped_interfaces/msg/detail/pos__rosidl_typesupport_introspection_cpp.hpp\n'}
[1.836854] (quadruped_interfaces) StdoutLine: {'line': b'-- Up-to-date: /home/jonnydang2004/QUADRAPED/install/quadruped_interfaces/include/quadruped_interfaces/quadruped_interfaces/msg/detail/pos__type_support.cpp\n'}
[1.837188] (quadruped_interfaces) StdoutLine: {'line': b'-- Up-to-date: /home/jonnydang2004/QUADRAPED/install/quadruped_interfaces/lib/libquadruped_interfaces__rosidl_typesupport_introspection_cpp.so\n'}
[1.837523] (quadruped_interfaces) StdoutLine: {'line': b'-- Up-to-date: /home/jonnydang2004/QUADRAPED/install/quadruped_interfaces/lib/libquadruped_interfaces__rosidl_typesupport_cpp.so\n'}
[1.837773] (quadruped_interfaces) StdoutLine: {'line': b'-- Up-to-date: /home/jonnydang2004/QUADRAPED/install/quadruped_interfaces/share/quadruped_interfaces/environment/pythonpath.sh\n'}
[1.838059] (quadruped_interfaces) StdoutLine: {'line': b'-- Up-to-date: /home/jonnydang2004/QUADRAPED/install/quadruped_interfaces/share/quadruped_interfaces/environment/pythonpath.dsv\n'}
[1.838464] (quadruped_interfaces) StdoutLine: {'line': b'-- Up-to-date: /home/jonnydang2004/QUADRAPED/install/quadruped_interfaces/lib/python3.10/site-packages/quadruped_interfaces-0.0.0-py3.10.egg-info\n'}
[1.838848] (quadruped_interfaces) StdoutLine: {'line': b'-- Installing: /home/jonnydang2004/QUADRAPED/install/quadruped_interfaces/lib/python3.10/site-packages/quadruped_interfaces-0.0.0-py3.10.egg-info/top_level.txt\n'}
[1.839136] (quadruped_interfaces) StdoutLine: {'line': b'-- Installing: /home/jonnydang2004/QUADRAPED/install/quadruped_interfaces/lib/python3.10/site-packages/quadruped_interfaces-0.0.0-py3.10.egg-info/dependency_links.txt\n'}
[1.839385] (quadruped_interfaces) StdoutLine: {'line': b'-- Installing: /home/jonnydang2004/QUADRAPED/install/quadruped_interfaces/lib/python3.10/site-packages/quadruped_interfaces-0.0.0-py3.10.egg-info/SOURCES.txt\n'}
[1.839744] (quadruped_interfaces) StdoutLine: {'line': b'-- Installing: /home/jonnydang2004/QUADRAPED/install/quadruped_interfaces/lib/python3.10/site-packages/quadruped_interfaces-0.0.0-py3.10.egg-info/PKG-INFO\n'}
[1.840037] (quadruped_interfaces) StdoutLine: {'line': b'-- Up-to-date: /home/jonnydang2004/QUADRAPED/install/quadruped_interfaces/lib/python3.10/site-packages/quadruped_interfaces\n'}
[1.852007] (quadruped_interfaces) StdoutLine: {'line': b'-- Up-to-date: /home/jonnydang2004/QUADRAPED/install/quadruped_interfaces/lib/python3.10/site-packages/quadruped_interfaces/quadruped_interfaces_s__rosidl_typesupport_fastrtps_c.cpython-310-x86_64-linux-gnu.so\n'}
[1.852356] (quadruped_interfaces) StdoutLine: {'line': b'-- Up-to-date: /home/jonnydang2004/QUADRAPED/install/quadruped_interfaces/lib/python3.10/site-packages/quadruped_interfaces/libquadruped_interfaces__rosidl_generator_py.so\n'}
[1.852834] (quadruped_interfaces) StdoutLine: {'line': b'-- Up-to-date: /home/jonnydang2004/QUADRAPED/install/quadruped_interfaces/lib/python3.10/site-packages/quadruped_interfaces/quadruped_interfaces_s__rosidl_typesupport_c.cpython-310-x86_64-linux-gnu.so\n'}
[1.853197] (quadruped_interfaces) StdoutLine: {'line': b'-- Up-to-date: /home/jonnydang2004/QUADRAPED/install/quadruped_interfaces/lib/python3.10/site-packages/quadruped_interfaces/msg\n'}
[1.853501] (quadruped_interfaces) StdoutLine: {'line': b'-- Up-to-date: /home/jonnydang2004/QUADRAPED/install/quadruped_interfaces/lib/python3.10/site-packages/quadruped_interfaces/msg/_pos_s.c\n'}
[1.853857] (quadruped_interfaces) StdoutLine: {'line': b'-- Up-to-date: /home/jonnydang2004/QUADRAPED/install/quadruped_interfaces/lib/python3.10/site-packages/quadruped_interfaces/msg/_pos.py\n'}
[1.854402] (quadruped_interfaces) StdoutLine: {'line': b'-- Up-to-date: /home/jonnydang2004/QUADRAPED/install/quadruped_interfaces/lib/python3.10/site-packages/quadruped_interfaces/msg/__init__.py\n'}
[1.854747] (quadruped_interfaces) StdoutLine: {'line': b'-- Up-to-date: /home/jonnydang2004/QUADRAPED/install/quadruped_interfaces/lib/python3.10/site-packages/quadruped_interfaces/_quadruped_interfaces_s.ep.rosidl_typesupport_introspection_c.c\n'}
[1.855083] (quadruped_interfaces) StdoutLine: {'line': b'-- Up-to-date: /home/jonnydang2004/QUADRAPED/install/quadruped_interfaces/lib/python3.10/site-packages/quadruped_interfaces/quadruped_interfaces_s__rosidl_typesupport_introspection_c.cpython-310-x86_64-linux-gnu.so\n'}
[1.855659] (quadruped_interfaces) StdoutLine: {'line': b'-- Up-to-date: /home/jonnydang2004/QUADRAPED/install/quadruped_interfaces/lib/python3.10/site-packages/quadruped_interfaces/_quadruped_interfaces_s.ep.rosidl_typesupport_c.c\n'}
[1.867267] (quadruped_interfaces) StdoutLine: {'line': b'-- Up-to-date: /home/jonnydang2004/QUADRAPED/install/quadruped_interfaces/lib/python3.10/site-packages/quadruped_interfaces/_quadruped_interfaces_s.ep.rosidl_typesupport_fastrtps_c.c\n'}
[1.867556] (quadruped_interfaces) StdoutLine: {'line': b'-- Up-to-date: /home/jonnydang2004/QUADRAPED/install/quadruped_interfaces/lib/python3.10/site-packages/quadruped_interfaces/__init__.py\n'}
[1.923717] (-) TimerEvent: {}
[2.002246] (quadruped_interfaces) StdoutLine: {'line': b"Listing '/home/jonnydang2004/QUADRAPED/install/quadruped_interfaces/lib/python3.10/site-packages/quadruped_interfaces'...\n"}
[2.002668] (quadruped_interfaces) StdoutLine: {'line': b"Listing '/home/jonnydang2004/QUADRAPED/install/quadruped_interfaces/lib/python3.10/site-packages/quadruped_interfaces/msg'...\n"}
[2.010733] (quadruped_interfaces) StdoutLine: {'line': b'-- Up-to-date: /home/jonnydang2004/QUADRAPED/install/quadruped_interfaces/lib/python3.10/site-packages/quadruped_interfaces/quadruped_interfaces_s__rosidl_typesupport_fastrtps_c.cpython-310-x86_64-linux-gnu.so\n'}
[2.016818] (quadruped_interfaces) StdoutLine: {'line': b'-- Up-to-date: /home/jonnydang2004/QUADRAPED/install/quadruped_interfaces/lib/python3.10/site-packages/quadruped_interfaces/quadruped_interfaces_s__rosidl_typesupport_introspection_c.cpython-310-x86_64-linux-gnu.so\n'}
[2.017377] (quadruped_interfaces) StdoutLine: {'line': b'-- Up-to-date: /home/jonnydang2004/QUADRAPED/install/quadruped_interfaces/lib/python3.10/site-packages/quadruped_interfaces/quadruped_interfaces_s__rosidl_typesupport_c.cpython-310-x86_64-linux-gnu.so\n'}
[2.017696] (quadruped_interfaces) StdoutLine: {'line': b'-- Up-to-date: /home/jonnydang2004/QUADRAPED/install/quadruped_interfaces/lib/libquadruped_interfaces__rosidl_generator_py.so\n'}
[2.017980] (quadruped_interfaces) StdoutLine: {'line': b'-- Up-to-date: /home/jonnydang2004/QUADRAPED/install/quadruped_interfaces/share/quadruped_interfaces/msg/Pos.idl\n'}
[2.018334] (quadruped_interfaces) StdoutLine: {'line': b'-- Up-to-date: /home/jonnydang2004/QUADRAPED/install/quadruped_interfaces/share/quadruped_interfaces/msg/Pos.msg\n'}
[2.018873] (quadruped_interfaces) StdoutLine: {'line': b'-- Up-to-date: /home/jonnydang2004/QUADRAPED/install/quadruped_interfaces/share/ament_index/resource_index/package_run_dependencies/quadruped_interfaces\n'}
[2.019736] (quadruped_interfaces) StdoutLine: {'line': b'-- Up-to-date: /home/jonnydang2004/QUADRAPED/install/quadruped_interfaces/share/ament_index/resource_index/parent_prefix_path/quadruped_interfaces\n'}
[2.020424] (quadruped_interfaces) StdoutLine: {'line': b'-- Up-to-date: /home/jonnydang2004/QUADRAPED/install/quadruped_interfaces/share/quadruped_interfaces/environment/ament_prefix_path.sh\n'}
[2.020953] (quadruped_interfaces) StdoutLine: {'line': b'-- Up-to-date: /home/jonnydang2004/QUADRAPED/install/quadruped_interfaces/share/quadruped_interfaces/environment/ament_prefix_path.dsv\n'}
[2.021235] (quadruped_interfaces) StdoutLine: {'line': b'-- Up-to-date: /home/jonnydang2004/QUADRAPED/install/quadruped_interfaces/share/quadruped_interfaces/environment/path.sh\n'}
[2.021614] (quadruped_interfaces) StdoutLine: {'line': b'-- Up-to-date: /home/jonnydang2004/QUADRAPED/install/quadruped_interfaces/share/quadruped_interfaces/environment/path.dsv\n'}
[2.023202] (quadruped_interfaces) StdoutLine: {'line': b'-- Up-to-date: /home/jonnydang2004/QUADRAPED/install/quadruped_interfaces/share/quadruped_interfaces/local_setup.bash\n'}
[2.024407] (-) TimerEvent: {}
[2.024764] (quadruped_interfaces) StdoutLine: {'line': b'-- Up-to-date: /home/jonnydang2004/QUADRAPED/install/quadruped_interfaces/share/quadruped_interfaces/local_setup.sh\n'}
[2.025649] (quadruped_interfaces) StdoutLine: {'line': b'-- Up-to-date: /home/jonnydang2004/QUADRAPED/install/quadruped_interfaces/share/quadruped_interfaces/local_setup.zsh\n'}
[2.025880] (quadruped_interfaces) StdoutLine: {'line': b'-- Up-to-date: /home/jonnydang2004/QUADRAPED/install/quadruped_interfaces/share/quadruped_interfaces/local_setup.dsv\n'}
[2.026070] (quadruped_interfaces) StdoutLine: {'line': b'-- Installing: /home/jonnydang2004/QUADRAPED/install/quadruped_interfaces/share/quadruped_interfaces/package.dsv\n'}
[2.026306] (quadruped_interfaces) StdoutLine: {'line': b'-- Up-to-date: /home/jonnydang2004/QUADRAPED/install/quadruped_interfaces/share/ament_index/resource_index/packages/quadruped_interfaces\n'}
[2.026517] (quadruped_interfaces) StdoutLine: {'line': b'-- Up-to-date: /home/jonnydang2004/QUADRAPED/install/quadruped_interfaces/share/quadruped_interfaces/cmake/export_quadruped_interfaces__rosidl_generator_cExport.cmake\n'}
[2.026717] (quadruped_interfaces) StdoutLine: {'line': b'-- Up-to-date: /home/jonnydang2004/QUADRAPED/install/quadruped_interfaces/share/quadruped_interfaces/cmake/export_quadruped_interfaces__rosidl_generator_cExport-noconfig.cmake\n'}
[2.026898] (quadruped_interfaces) StdoutLine: {'line': b'-- Up-to-date: /home/jonnydang2004/QUADRAPED/install/quadruped_interfaces/share/quadruped_interfaces/cmake/export_quadruped_interfaces__rosidl_typesupport_fastrtps_cExport.cmake\n'}
[2.033923] (quadruped_interfaces) StdoutLine: {'line': b'-- Up-to-date: /home/jonnydang2004/QUADRAPED/install/quadruped_interfaces/share/quadruped_interfaces/cmake/export_quadruped_interfaces__rosidl_typesupport_fastrtps_cExport-noconfig.cmake\n'}
[2.034353] (quadruped_interfaces) StdoutLine: {'line': b'-- Up-to-date: /home/jonnydang2004/QUADRAPED/install/quadruped_interfaces/share/quadruped_interfaces/cmake/quadruped_interfaces__rosidl_typesupport_introspection_cExport.cmake\n'}
[2.034657] (quadruped_interfaces) StdoutLine: {'line': b'-- Up-to-date: /home/jonnydang2004/QUADRAPED/install/quadruped_interfaces/share/quadruped_interfaces/cmake/quadruped_interfaces__rosidl_typesupport_introspection_cExport-noconfig.cmake\n'}
[2.034954] (quadruped_interfaces) StdoutLine: {'line': b'-- Up-to-date: /home/jonnydang2004/QUADRAPED/install/quadruped_interfaces/share/quadruped_interfaces/cmake/quadruped_interfaces__rosidl_typesupport_cExport.cmake\n'}
[2.035260] (quadruped_interfaces) StdoutLine: {'line': b'-- Up-to-date: /home/jonnydang2004/QUADRAPED/install/quadruped_interfaces/share/quadruped_interfaces/cmake/quadruped_interfaces__rosidl_typesupport_cExport-noconfig.cmake\n'}
[2.035524] (quadruped_interfaces) StdoutLine: {'line': b'-- Up-to-date: /home/jonnydang2004/QUADRAPED/install/quadruped_interfaces/share/quadruped_interfaces/cmake/export_quadruped_interfaces__rosidl_generator_cppExport.cmake\n'}
[2.035761] (quadruped_interfaces) StdoutLine: {'line': b'-- Up-to-date: /home/jonnydang2004/QUADRAPED/install/quadruped_interfaces/share/quadruped_interfaces/cmake/export_quadruped_interfaces__rosidl_typesupport_fastrtps_cppExport.cmake\n'}
[2.036007] (quadruped_interfaces) StdoutLine: {'line': b'-- Up-to-date: /home/jonnydang2004/QUADRAPED/install/quadruped_interfaces/share/quadruped_interfaces/cmake/export_quadruped_interfaces__rosidl_typesupport_fastrtps_cppExport-noconfig.cmake\n'}
[2.036308] (quadruped_interfaces) StdoutLine: {'line': b'-- Up-to-date: /home/jonnydang2004/QUADRAPED/install/quadruped_interfaces/share/quadruped_interfaces/cmake/quadruped_interfaces__rosidl_typesupport_introspection_cppExport.cmake\n'}
[2.036613] (quadruped_interfaces) StdoutLine: {'line': b'-- Up-to-date: /home/jonnydang2004/QUADRAPED/install/quadruped_interfaces/share/quadruped_interfaces/cmake/quadruped_interfaces__rosidl_typesupport_introspection_cppExport-noconfig.cmake\n'}
[2.039292] (quadruped_interfaces) StdoutLine: {'line': b'-- Up-to-date: /home/jonnydang2004/QUADRAPED/install/quadruped_interfaces/share/quadruped_interfaces/cmake/quadruped_interfaces__rosidl_typesupport_cppExport.cmake\n'}
[2.039745] (quadruped_interfaces) StdoutLine: {'line': b'-- Up-to-date: /home/jonnydang2004/QUADRAPED/install/quadruped_interfaces/share/quadruped_interfaces/cmake/quadruped_interfaces__rosidl_typesupport_cppExport-noconfig.cmake\n'}
[2.040200] (quadruped_interfaces) StdoutLine: {'line': b'-- Up-to-date: /home/jonnydang2004/QUADRAPED/install/quadruped_interfaces/share/quadruped_interfaces/cmake/export_quadruped_interfaces__rosidl_generator_pyExport.cmake\n'}
[2.040733] (quadruped_interfaces) StdoutLine: {'line': b'-- Up-to-date: /home/jonnydang2004/QUADRAPED/install/quadruped_interfaces/share/quadruped_interfaces/cmake/export_quadruped_interfaces__rosidl_generator_pyExport-noconfig.cmake\n'}
[2.041006] (quadruped_interfaces) StdoutLine: {'line': b'-- Up-to-date: /home/jonnydang2004/QUADRAPED/install/quadruped_interfaces/share/quadruped_interfaces/cmake/rosidl_cmake-extras.cmake\n'}
[2.041319] (quadruped_interfaces) StdoutLine: {'line': b'-- Up-to-date: /home/jonnydang2004/QUADRAPED/install/quadruped_interfaces/share/quadruped_interfaces/cmake/ament_cmake_export_include_directories-extras.cmake\n'}
[2.041638] (quadruped_interfaces) StdoutLine: {'line': b'-- Up-to-date: /home/jonnydang2004/QUADRAPED/install/quadruped_interfaces/share/quadruped_interfaces/cmake/ament_cmake_export_libraries-extras.cmake\n'}
[2.041959] (quadruped_interfaces) StdoutLine: {'line': b'-- Up-to-date: /home/jonnydang2004/QUADRAPED/install/quadruped_interfaces/share/quadruped_interfaces/cmake/ament_cmake_export_targets-extras.cmake\n'}
[2.042260] (quadruped_interfaces) StdoutLine: {'line': b'-- Up-to-date: /home/jonnydang2004/QUADRAPED/install/quadruped_interfaces/share/quadruped_interfaces/cmake/rosidl_cmake_export_typesupport_targets-extras.cmake\n'}
[2.042507] (quadruped_interfaces) StdoutLine: {'line': b'-- Up-to-date: /home/jonnydang2004/QUADRAPED/install/quadruped_interfaces/share/quadruped_interfaces/cmake/ament_cmake_export_dependencies-extras.cmake\n'}
[2.042766] (quadruped_interfaces) StdoutLine: {'line': b'-- Up-to-date: /home/jonnydang2004/QUADRAPED/install/quadruped_interfaces/share/quadruped_interfaces/cmake/rosidl_cmake_export_typesupport_libraries-extras.cmake\n'}
[2.043024] (quadruped_interfaces) StdoutLine: {'line': b'-- Up-to-date: /home/jonnydang2004/QUADRAPED/install/quadruped_interfaces/share/quadruped_interfaces/cmake/quadruped_interfacesConfig.cmake\n'}
[2.043343] (quadruped_interfaces) StdoutLine: {'line': b'-- Up-to-date: /home/jonnydang2004/QUADRAPED/install/quadruped_interfaces/share/quadruped_interfaces/cmake/quadruped_interfacesConfig-version.cmake\n'}
[2.044947] (quadruped_interfaces) StdoutLine: {'line': b'-- Up-to-date: /home/jonnydang2004/QUADRAPED/install/quadruped_interfaces/share/quadruped_interfaces/package.xml\n'}
[2.045539] (quadruped_interfaces) CommandEnded: {'returncode': 0}
[2.124754] (-) TimerEvent: {}
[2.225643] (-) TimerEvent: {}
[2.325192] (quadruped_interfaces) JobEnded: {'identifier': 'quadruped_interfaces', 'rc': 0}
[2.328563] (-) TimerEvent: {}
[2.328875] (quadruped_control) JobStarted: {'identifier': 'quadruped_control'}
[2.428810] (-) TimerEvent: {}
[2.529375] (-) TimerEvent: {}
[2.629989] (-) TimerEvent: {}
[2.650832] (quadruped_control) JobProgress: {'identifier': 'quadruped_control', 'progress': 'cmake'}
[2.651040] (quadruped_control) JobProgress: {'identifier': 'quadruped_control', 'progress': 'build'}
[2.651669] (quadruped_control) Command: {'cmd': ['/usr/bin/cmake', '--build', '/home/jonnydang2004/QUADRAPED/build/quadruped_control', '--', '-j4', '-l4'], 'cwd': '/home/jonnydang2004/QUADRAPED/build/quadruped_control', 'env': OrderedDict([('LESSOPEN', '| /usr/bin/lesspipe %s'), ('USER', 'jonnydang2004'), ('GIT_ASKPASS', '/home/jonnydang2004/.vscode-server/bin/38c31bc77e0dd6ae88a4e9cc93428cc27a56ba40/extensions/git/dist/askpass.sh'), ('SHLVL', '1'), ('LD_LIBRARY_PATH', '/home/jonnydang2004/QUADRAPED/install/quadruped_interfaces/lib:/opt/ros/iron/opt/rviz_ogre_vendor/lib:/opt/ros/iron/lib/x86_64-linux-gnu:/opt/ros/iron/lib'), ('HOME', '/home/jonnydang2004'), ('OLDPWD', '/home/jonnydang2004/QUADRAPED/pigpio-74'), ('TERM_PROGRAM_VERSION', '1.93.1'), ('NVM_BIN', '/home/jonnydang2004/.nvm/versions/node/v18.19.0/bin'), ('VSCODE_IPC_HOOK_CLI', '/run/user/1000/vscode-ipc-aeaa321f-954c-44ec-865c-68b87d92bff0.sock'), ('NVM_INC', '/home/jonnydang2004/.nvm/versions/node/v18.19.0/include/node'), ('ROS_PYTHON_VERSION', '3'), ('VSCODE_GIT_ASKPASS_MAIN', '/home/jonnydang2004/.vscode-server/bin/38c31bc77e0dd6ae88a4e9cc93428cc27a56ba40/extensions/git/dist/askpass-main.js'), ('VSCODE_GIT_ASKPASS_NODE', '/home/jonnydang2004/.vscode-server/bin/38c31bc77e0dd6ae88a4e9cc93428cc27a56ba40/node'), ('DBUS_SESSION_BUS_ADDRESS', 'unix:path=/run/user/1000/bus'), ('COLORTERM', 'truecolor'), ('WSL_DISTRO_NAME', 'Ubuntu'), ('NVM_DIR', '/home/jonnydang2004/.nvm'), ('WAYLAND_DISPLAY', 'wayland-0'), ('ROS_DISTRO', 'iron'), ('LOGNAME', 'jonnydang2004'), ('NAME', 'DESKTOP-JO2E52O'), ('WSL_INTEROP', '/run/WSL/33065_interop'), ('PULSE_SERVER', 'unix:/mnt/wslg/PulseServer'), ('_', '/usr/bin/colcon'), ('ROS_VERSION', '2'), ('TERM', 'xterm-256color'), ('_colcon_cd_rott', '/opt/ros/iron/'), ('PATH', '/home/jonnydang2004/.vscode-server/bin/38c31bc77e0dd6ae88a4e9cc93428cc27a56ba40/bin/remote-cli:/home/jonnydang2004/.local/bin:/opt/ros/iron/bin:/home/jonnydang2004/.nvm/versions/node/v18.19.0/bin:/usr/local/sbin:/usr/local/bin:/usr/sbin:/usr/bin:/sbin:/bin:/usr/games:/usr/local/games:/usr/lib/wsl/lib:/mnt/c/Windows/system32:/mnt/c/Windows:/mnt/c/Windows/System32/Wbem:/mnt/c/Windows/System32/WindowsPowerShell/v1.0/:/mnt/c/Windows/System32/OpenSSH/:/mnt/c/Program Files (x86)/Intel/Intel(R) Management Engine Components/DAL:/mnt/c/Program Files/Intel/Intel(R) Management Engine Components/DAL:/mnt/c/Program Files/MATLAB/R2023b/bin:/mnt/c/Program Files/MATLAB/R2022a/bin:/mnt/c/Program Files/Docker/Docker/resources/bin:/mnt/c/Program Files/dotnet/:/mnt/c/Program Files/:/mnt/c/Program Files/Git/cmd:/mnt/c/Program Files (x86)/IVI Foundation/VISA/WinNT/Bin/:/mnt/c/Program Files/IVI Foundation/VISA/Win64/Bin/:/mnt/c/Program Files (x86)/National Instruments/Shared/LabVIEW CLI:/mnt/c/Program Files (x86)/IVI Foundation/IVI/Bin/:/mnt/c/Program Files/IVI Foundation/IVI/Bin/:/mnt/c/Program Files (x86)/IVI Foundation/VISA/WinNT/Bin:/mnt/c/Users/User/AppData/Local/Programs/Python/Python310/Scripts/:/mnt/c/Users/User/AppData/Local/Programs/Python/Python310/:/mnt/c/Users/User/AppData/Local/Microsoft/WindowsApps:/mnt/c/Users/User/AppData/Local/Programs/Microsoft VS Code/bin:/mnt/c/Users/User/AppData/Roaming/npm:/snap/bin:/opt/gradle/gradle-8.5/bin:/opt/gradle/gradle-8.5/bin'), ('XDG_RUNTIME_DIR', '/run/user/1000/'), ('DISPLAY', ':0'), ('LANG', 'en_US.UTF-8'), ('LS_COLORS', 'rs=0:di=01;34:ln=01;36:mh=00:pi=40;33:so=01;35:do=01;35:bd=40;33;01:cd=40;33;01:or=40;31;01:mi=00:su=37;41:sg=30;43:ca=30;41:tw=30;42:ow=34;42:st=37;44:ex=01;32:*.tar=01;31:*.tgz=01;31:*.arc=01;31:*.arj=01;31:*.taz=01;31:*.lha=01;31:*.lz4=01;31:*.lzh=01;31:*.lzma=01;31:*.tlz=01;31:*.txz=01;31:*.tzo=01;31:*.t7z=01;31:*.zip=01;31:*.z=01;31:*.dz=01;31:*.gz=01;31:*.lrz=01;31:*.lz=01;31:*.lzo=01;31:*.xz=01;31:*.zst=01;31:*.tzst=01;31:*.bz2=01;31:*.bz=01;31:*.tbz=01;31:*.tbz2=01;31:*.tz=01;31:*.deb=01;31:*.rpm=01;31:*.jar=01;31:*.war=01;31:*.ear=01;31:*.sar=01;31:*.rar=01;31:*.alz=01;31:*.ace=01;31:*.zoo=01;31:*.cpio=01;31:*.7z=01;31:*.rz=01;31:*.cab=01;31:*.wim=01;31:*.swm=01;31:*.dwm=01;31:*.esd=01;31:*.jpg=01;35:*.jpeg=01;35:*.mjpg=01;35:*.mjpeg=01;35:*.gif=01;35:*.bmp=01;35:*.pbm=01;35:*.pgm=01;35:*.ppm=01;35:*.tga=01;35:*.xbm=01;35:*.xpm=01;35:*.tif=01;35:*.tiff=01;35:*.png=01;35:*.svg=01;35:*.svgz=01;35:*.mng=01;35:*.pcx=01;35:*.mov=01;35:*.mpg=01;35:*.mpeg=01;35:*.m2v=01;35:*.mkv=01;35:*.webm=01;35:*.webp=01;35:*.ogm=01;35:*.mp4=01;35:*.m4v=01;35:*.mp4v=01;35:*.vob=01;35:*.qt=01;35:*.nuv=01;35:*.wmv=01;35:*.asf=01;35:*.rm=01;35:*.rmvb=01;35:*.flc=01;35:*.avi=01;35:*.fli=01;35:*.flv=01;35:*.gl=01;35:*.dl=01;35:*.xcf=01;35:*.xwd=01;35:*.yuv=01;35:*.cgm=01;35:*.emf=01;35:*.ogv=01;35:*.ogx=01;35:*.aac=00;36:*.au=00;36:*.flac=00;36:*.m4a=00;36:*.mid=00;36:*.midi=00;36:*.mka=00;36:*.mp3=00;36:*.mpc=00;36:*.ogg=00;36:*.ra=00;36:*.wav=00;36:*.oga=00;36:*.opus=00;36:*.spx=00;36:*.xspf=00;36:'), ('VSCODE_GIT_IPC_HANDLE', '/run/user/1000/vscode-git-f95bf93406.sock'), ('TERM_PROGRAM', 'vscode'), ('AMENT_PREFIX_PATH', '/home/jonnydang2004/QUADRAPED/install/quadruped_interfaces:/opt/ros/iron'), ('SHELL', '/bin/bash'), ('LESSCLOSE', '/usr/bin/lesspipe %s %s'), ('ROS_AUTOMATIC_DISCOVERY_RANGE', 'SUBNET'), ('VSCODE_GIT_ASKPASS_EXTRA_ARGS', ''), ('PWD', '/home/jonnydang2004/QUADRAPED/build/quadruped_control'), ('NVM_CD_FLAGS', ''), ('XDG_DATA_DIRS', '/usr/local/share:/usr/share:/var/lib/snapd/desktop'), ('PYTHONPATH', '/home/jonnydang2004/QUADRAPED/install/quadruped_interfaces/lib/python3.10/site-packages:/opt/ros/iron/lib/python3.10/site-packages'), ('COLCON', '1'), ('WSL2_GUI_APPS_ENABLED', '1'), ('HOSTTYPE', 'x86_64'), ('WSLENV', 'VSCODE_WSL_EXT_LOCATION/up'), ('CMAKE_PREFIX_PATH', '/home/jonnydang2004/QUADRAPED/install/quadruped_interfaces:/opt/ros/iron')]), 'shell': False}
[2.730136] (-) TimerEvent: {}
[2.751207] (quadruped_control) StdoutLine: {'line': b'\x1b[35m\x1b[1mConsolidate compiler generated dependencies of target motor_config\x1b[0m\n'}
[2.803373] (quadruped_control) StdoutLine: {'line': b'[ 50%] Built target inverse_kinematics\n'}
[2.830262] (-) TimerEvent: {}
[2.843491] (quadruped_control) StdoutLine: {'line': b'[ 75%] \x1b[32mBuilding CXX object CMakeFiles/motor_config.dir/src/motor_config.cpp.o\x1b[0m\n'}
[2.930461] (-) TimerEvent: {}
[3.030969] (-) TimerEvent: {}
[3.131562] (-) TimerEvent: {}
[3.232438] (-) TimerEvent: {}
[3.333218] (-) TimerEvent: {}
[3.434034] (-) TimerEvent: {}
[3.534605] (-) TimerEvent: {}
[3.635140] (-) TimerEvent: {}
[3.735728] (-) TimerEvent: {}
[3.836250] (-) TimerEvent: {}
[3.938368] (-) TimerEvent: {}
[4.038994] (-) TimerEvent: {}
[4.139574] (-) TimerEvent: {}
[4.240184] (-) TimerEvent: {}
[4.340823] (-) TimerEvent: {}
[4.441426] (-) TimerEvent: {}
[4.542123] (-) TimerEvent: {}
[4.642723] (-) TimerEvent: {}
[4.743296] (-) TimerEvent: {}
[4.844003] (-) TimerEvent: {}
[4.944499] (-) TimerEvent: {}
[5.045106] (-) TimerEvent: {}
[5.145694] (-) TimerEvent: {}
[5.246273] (-) TimerEvent: {}
[5.346804] (-) TimerEvent: {}
[5.447394] (-) TimerEvent: {}
[5.547923] (-) TimerEvent: {}
[5.648474] (-) TimerEvent: {}
[5.749047] (-) TimerEvent: {}
[5.849580] (-) TimerEvent: {}
[5.950144] (-) TimerEvent: {}
[6.050669] (-) TimerEvent: {}
[6.151256] (-) TimerEvent: {}
[6.251842] (-) TimerEvent: {}
[6.352585] (-) TimerEvent: {}
[6.453195] (-) TimerEvent: {}
[6.553988] (-) TimerEvent: {}
[6.654484] (-) TimerEvent: {}
[6.755162] (-) TimerEvent: {}
[6.855909] (-) TimerEvent: {}
[6.961133] (-) TimerEvent: {}
[7.065672] (-) TimerEvent: {}
[7.166285] (-) TimerEvent: {}
[7.266997] (-) TimerEvent: {}
[7.367585] (-) TimerEvent: {}
[7.468585] (-) TimerEvent: {}
[7.569170] (-) TimerEvent: {}
[7.669762] (-) TimerEvent: {}
[7.770392] (-) TimerEvent: {}
[7.871005] (-) TimerEvent: {}
[7.971618] (-) TimerEvent: {}
[8.072310] (-) TimerEvent: {}
[8.172903] (-) TimerEvent: {}
[8.273531] (-) TimerEvent: {}
[8.374063] (-) TimerEvent: {}
[8.474694] (-) TimerEvent: {}
[8.575333] (-) TimerEvent: {}
[8.675908] (-) TimerEvent: {}
[8.776433] (-) TimerEvent: {}
[8.877109] (-) TimerEvent: {}
[8.977625] (-) TimerEvent: {}
[9.078185] (-) TimerEvent: {}
[9.178738] (-) TimerEvent: {}
[9.279225] (-) TimerEvent: {}
[9.379871] (-) TimerEvent: {}
[9.480518] (-) TimerEvent: {}
[9.581053] (-) TimerEvent: {}
[9.681724] (-) TimerEvent: {}
[9.782386] (-) TimerEvent: {}
[9.882983] (-) TimerEvent: {}
[9.983537] (-) TimerEvent: {}
[10.084159] (-) TimerEvent: {}
[10.184740] (-) TimerEvent: {}
[10.285330] (-) TimerEvent: {}
[10.385916] (-) TimerEvent: {}
[10.486412] (-) TimerEvent: {}
[10.587021] (-) TimerEvent: {}
[10.687658] (-) TimerEvent: {}
[10.788272] (-) TimerEvent: {}
[10.888847] (-) TimerEvent: {}
[10.989399] (-) TimerEvent: {}
[11.089988] (-) TimerEvent: {}
[11.190543] (-) TimerEvent: {}
[11.291118] (-) TimerEvent: {}
[11.391713] (-) TimerEvent: {}
[11.492330] (-) TimerEvent: {}
[11.592905] (-) TimerEvent: {}
[11.693511] (-) TimerEvent: {}
[11.794100] (-) TimerEvent: {}
[11.840947] (quadruped_control) StderrLine: {'line': b'\x1b[01m\x1b[K/home/jonnydang2004/QUADRAPED/src/quadruped_control/src/motor_config.cpp:\x1b[m\x1b[K In constructor \xe2\x80\x98\x1b[01m\x1b[KMotorConfig::MotorConfig()\x1b[m\x1b[K\xe2\x80\x99:\n'}
[11.842715] (quadruped_control) StderrLine: {'line': b'\x1b[01m\x1b[K/home/jonnydang2004/QUADRAPED/src/quadruped_control/src/motor_config.cpp:20:55:\x1b[m\x1b[K \x1b[01;31m\x1b[Kerror: \x1b[m\x1b[Kno matching function for call to \xe2\x80\x98\x1b[01m\x1b[KServo::Servo()\x1b[m\x1b[K\xe2\x80\x99\n'}
[11.843090] (quadruped_control) StderrLine: {'line': b'   20 |     : Node("motor_config"), pwm_max(2400), pwm_min(370\x1b[01;31m\x1b[K)\x1b[m\x1b[K\n'}
[11.843273] (quadruped_control) StderrLine: {'line': b'      |                                                       \x1b[01;31m\x1b[K^\x1b[m\x1b[K\n'}
[11.843433] (quadruped_control) StderrLine: {'line': b'In file included from \x1b[01m\x1b[K/home/jonnydang2004/QUADRAPED/src/quadruped_control/src/motor_config.cpp:7\x1b[m\x1b[K:\n'}
[11.843591] (quadruped_control) StderrLine: {'line': b'\x1b[01m\x1b[K/home/jonnydang2004/QUADRAPED/src/quadruped_control/src/servo.h:7:5:\x1b[m\x1b[K \x1b[01;36m\x1b[Knote: \x1b[m\x1b[Kcandidate: \xe2\x80\x98\x1b[01m\x1b[KServo::Servo(uint8_t)\x1b[m\x1b[K\xe2\x80\x99\n'}
[11.843834] (quadruped_control) StderrLine: {'line': b'    7 |     \x1b[01;36m\x1b[KServo\x1b[m\x1b[K(uint8_t gp);\n'}
[11.844000] (quadruped_control) StderrLine: {'line': b'      |     \x1b[01;36m\x1b[K^~~~~\x1b[m\x1b[K\n'}
[11.844155] (quadruped_control) StderrLine: {'line': b'\x1b[01m\x1b[K/home/jonnydang2004/QUADRAPED/src/quadruped_control/src/servo.h:7:5:\x1b[m\x1b[K \x1b[01;36m\x1b[Knote: \x1b[m\x1b[K  candidate expects 1 argument, 0 provided\n'}
[11.844307] (quadruped_control) StderrLine: {'line': b'\x1b[01m\x1b[K/home/jonnydang2004/QUADRAPED/src/quadruped_control/src/servo.h:5:7:\x1b[m\x1b[K \x1b[01;36m\x1b[Knote: \x1b[m\x1b[Kcandidate: \xe2\x80\x98\x1b[01m\x1b[Kconstexpr Servo::Servo(const Servo&)\x1b[m\x1b[K\xe2\x80\x99\n'}
[11.844460] (quadruped_control) StderrLine: {'line': b'    5 | class \x1b[01;36m\x1b[KServo\x1b[m\x1b[K {\n'}
[11.844643] (quadruped_control) StderrLine: {'line': b'      |       \x1b[01;36m\x1b[K^~~~~\x1b[m\x1b[K\n'}
[11.844879] (quadruped_control) StderrLine: {'line': b'\x1b[01m\x1b[K/home/jonnydang2004/QUADRAPED/src/quadruped_control/src/servo.h:5:7:\x1b[m\x1b[K \x1b[01;36m\x1b[Knote: \x1b[m\x1b[K  candidate expects 1 argument, 0 provided\n'}
[11.845044] (quadruped_control) StderrLine: {'line': b'\x1b[01m\x1b[K/home/jonnydang2004/QUADRAPED/src/quadruped_control/src/servo.h:5:7:\x1b[m\x1b[K \x1b[01;36m\x1b[Knote: \x1b[m\x1b[Kcandidate: \xe2\x80\x98\x1b[01m\x1b[Kconstexpr Servo::Servo(Servo&&)\x1b[m\x1b[K\xe2\x80\x99\n'}
[11.845186] (quadruped_control) StderrLine: {'line': b'\x1b[01m\x1b[K/home/jonnydang2004/QUADRAPED/src/quadruped_control/src/servo.h:5:7:\x1b[m\x1b[K \x1b[01;36m\x1b[Knote: \x1b[m\x1b[K  candidate expects 1 argument, 0 provided\n'}
[11.845324] (quadruped_control) StderrLine: {'line': b'\x1b[01m\x1b[K/home/jonnydang2004/QUADRAPED/src/quadruped_control/src/motor_config.cpp:20:55:\x1b[m\x1b[K \x1b[01;31m\x1b[Kerror: \x1b[m\x1b[Kno matching function for call to \xe2\x80\x98\x1b[01m\x1b[KServo::Servo()\x1b[m\x1b[K\xe2\x80\x99\n'}
[11.845514] (quadruped_control) StderrLine: {'line': b'   20 |     : Node("motor_config"), pwm_max(2400), pwm_min(370\x1b[01;31m\x1b[K)\x1b[m\x1b[K\n'}
[11.845794] (quadruped_control) StderrLine: {'line': b'      |                                                       \x1b[01;31m\x1b[K^\x1b[m\x1b[K\n'}
[11.846009] (quadruped_control) StderrLine: {'line': b'In file included from \x1b[01m\x1b[K/home/jonnydang2004/QUADRAPED/src/quadruped_control/src/motor_config.cpp:7\x1b[m\x1b[K:\n'}
[11.846172] (quadruped_control) StderrLine: {'line': b'\x1b[01m\x1b[K/home/jonnydang2004/QUADRAPED/src/quadruped_control/src/servo.h:7:5:\x1b[m\x1b[K \x1b[01;36m\x1b[Knote: \x1b[m\x1b[Kcandidate: \xe2\x80\x98\x1b[01m\x1b[KServo::Servo(uint8_t)\x1b[m\x1b[K\xe2\x80\x99\n'}
[11.846314] (quadruped_control) StderrLine: {'line': b'    7 |     \x1b[01;36m\x1b[KServo\x1b[m\x1b[K(uint8_t gp);\n'}
[11.846455] (quadruped_control) StderrLine: {'line': b'      |     \x1b[01;36m\x1b[K^~~~~\x1b[m\x1b[K\n'}
[11.846596] (quadruped_control) StderrLine: {'line': b'\x1b[01m\x1b[K/home/jonnydang2004/QUADRAPED/src/quadruped_control/src/servo.h:7:5:\x1b[m\x1b[K \x1b[01;36m\x1b[Knote: \x1b[m\x1b[K  candidate expects 1 argument, 0 provided\n'}
[11.846879] (quadruped_control) StderrLine: {'line': b'\x1b[01m\x1b[K/home/jonnydang2004/QUADRAPED/src/quadruped_control/src/servo.h:5:7:\x1b[m\x1b[K \x1b[01;36m\x1b[Knote: \x1b[m\x1b[Kcandidate: \xe2\x80\x98\x1b[01m\x1b[Kconstexpr Servo::Servo(const Servo&)\x1b[m\x1b[K\xe2\x80\x99\n'}
[11.847157] (quadruped_control) StderrLine: {'line': b'    5 | class \x1b[01;36m\x1b[KServo\x1b[m\x1b[K {\n'}
[11.847373] (quadruped_control) StderrLine: {'line': b'      |       \x1b[01;36m\x1b[K^~~~~\x1b[m\x1b[K\n'}
[11.847537] (quadruped_control) StderrLine: {'line': b'\x1b[01m\x1b[K/home/jonnydang2004/QUADRAPED/src/quadruped_control/src/servo.h:5:7:\x1b[m\x1b[K \x1b[01;36m\x1b[Knote: \x1b[m\x1b[K  candidate expects 1 argument, 0 provided\n'}
[11.847812] (quadruped_control) StderrLine: {'line': b'\x1b[01m\x1b[K/home/jonnydang2004/QUADRAPED/src/quadruped_control/src/servo.h:5:7:\x1b[m\x1b[K \x1b[01;36m\x1b[Knote: \x1b[m\x1b[Kcandidate: \xe2\x80\x98\x1b[01m\x1b[Kconstexpr Servo::Servo(Servo&&)\x1b[m\x1b[K\xe2\x80\x99\n'}
[11.847994] (quadruped_control) StderrLine: {'line': b'\x1b[01m\x1b[K/home/jonnydang2004/QUADRAPED/src/quadruped_control/src/servo.h:5:7:\x1b[m\x1b[K \x1b[01;36m\x1b[Knote: \x1b[m\x1b[K  candidate expects 1 argument, 0 provided\n'}
[11.848144] (quadruped_control) StderrLine: {'line': b'\x1b[01m\x1b[K/home/jonnydang2004/QUADRAPED/src/quadruped_control/src/motor_config.cpp:20:55:\x1b[m\x1b[K \x1b[01;31m\x1b[Kerror: \x1b[m\x1b[Kno matching function for call to \xe2\x80\x98\x1b[01m\x1b[KServo::Servo()\x1b[m\x1b[K\xe2\x80\x99\n'}
[11.848291] (quadruped_control) StderrLine: {'line': b'   20 |     : Node("motor_config"), pwm_max(2400), pwm_min(370\x1b[01;31m\x1b[K)\x1b[m\x1b[K\n'}
[11.848433] (quadruped_control) StderrLine: {'line': b'      |                                                       \x1b[01;31m\x1b[K^\x1b[m\x1b[K\n'}
[11.848575] (quadruped_control) StderrLine: {'line': b'In file included from \x1b[01m\x1b[K/home/jonnydang2004/QUADRAPED/src/quadruped_control/src/motor_config.cpp:7\x1b[m\x1b[K:\n'}
[11.848827] (quadruped_control) StderrLine: {'line': b'\x1b[01m\x1b[K/home/jonnydang2004/QUADRAPED/src/quadruped_control/src/servo.h:7:5:\x1b[m\x1b[K \x1b[01;36m\x1b[Knote: \x1b[m\x1b[Kcandidate: \xe2\x80\x98\x1b[01m\x1b[KServo::Servo(uint8_t)\x1b[m\x1b[K\xe2\x80\x99\n'}
[11.849015] (quadruped_control) StderrLine: {'line': b'    7 |     \x1b[01;36m\x1b[KServo\x1b[m\x1b[K(uint8_t gp);\n'}
[11.849165] (quadruped_control) StderrLine: {'line': b'      |     \x1b[01;36m\x1b[K^~~~~\x1b[m\x1b[K\n'}
[11.849407] (quadruped_control) StderrLine: {'line': b'\x1b[01m\x1b[K/home/jonnydang2004/QUADRAPED/src/quadruped_control/src/servo.h:7:5:\x1b[m\x1b[K \x1b[01;36m\x1b[Knote: \x1b[m\x1b[K  candidate expects 1 argument, 0 provided\n'}
[11.851308] (quadruped_control) StderrLine: {'line': b'\x1b[01m\x1b[K/home/jonnydang2004/QUADRAPED/src/quadruped_control/src/servo.h:5:7:\x1b[m\x1b[K \x1b[01;36m\x1b[Knote: \x1b[m\x1b[Kcandidate: \xe2\x80\x98\x1b[01m\x1b[Kconstexpr Servo::Servo(const Servo&)\x1b[m\x1b[K\xe2\x80\x99\n'}
[11.851665] (quadruped_control) StderrLine: {'line': b'    5 | class \x1b[01;36m\x1b[KServo\x1b[m\x1b[K {\n'}
[11.852170] (quadruped_control) StderrLine: {'line': b'      |       \x1b[01;36m\x1b[K^~~~~\x1b[m\x1b[K\n'}
[11.852350] (quadruped_control) StderrLine: {'line': b'\x1b[01m\x1b[K/home/jonnydang2004/QUADRAPED/src/quadruped_control/src/servo.h:5:7:\x1b[m\x1b[K \x1b[01;36m\x1b[Knote: \x1b[m\x1b[K  candidate expects 1 argument, 0 provided\n'}
[11.852507] (quadruped_control) StderrLine: {'line': b'\x1b[01m\x1b[K/home/jonnydang2004/QUADRAPED/src/quadruped_control/src/servo.h:5:7:\x1b[m\x1b[K \x1b[01;36m\x1b[Knote: \x1b[m\x1b[Kcandidate: \xe2\x80\x98\x1b[01m\x1b[Kconstexpr Servo::Servo(Servo&&)\x1b[m\x1b[K\xe2\x80\x99\n'}
[11.852655] (quadruped_control) StderrLine: {'line': b'\x1b[01m\x1b[K/home/jonnydang2004/QUADRAPED/src/quadruped_control/src/servo.h:5:7:\x1b[m\x1b[K \x1b[01;36m\x1b[Knote: \x1b[m\x1b[K  candidate expects 1 argument, 0 provided\n'}
[11.852883] (quadruped_control) StderrLine: {'line': b'\x1b[01m\x1b[K/home/jonnydang2004/QUADRAPED/src/quadruped_control/src/motor_config.cpp:20:55:\x1b[m\x1b[K \x1b[01;31m\x1b[Kerror: \x1b[m\x1b[Kno matching function for call to \xe2\x80\x98\x1b[01m\x1b[KServo::Servo()\x1b[m\x1b[K\xe2\x80\x99\n'}
[11.853081] (quadruped_control) StderrLine: {'line': b'   20 |     : Node("motor_config"), pwm_max(2400), pwm_min(370\x1b[01;31m\x1b[K)\x1b[m\x1b[K\n'}
[11.853269] (quadruped_control) StderrLine: {'line': b'      |                                                       \x1b[01;31m\x1b[K^\x1b[m\x1b[K\n'}
[11.853447] (quadruped_control) StderrLine: {'line': b'In file included from \x1b[01m\x1b[K/home/jonnydang2004/QUADRAPED/src/quadruped_control/src/motor_config.cpp:7\x1b[m\x1b[K:\n'}
[11.853627] (quadruped_control) StderrLine: {'line': b'\x1b[01m\x1b[K/home/jonnydang2004/QUADRAPED/src/quadruped_control/src/servo.h:7:5:\x1b[m\x1b[K \x1b[01;36m\x1b[Knote: \x1b[m\x1b[Kcandidate: \xe2\x80\x98\x1b[01m\x1b[KServo::Servo(uint8_t)\x1b[m\x1b[K\xe2\x80\x99\n'}
[11.853890] (quadruped_control) StderrLine: {'line': b'    7 |     \x1b[01;36m\x1b[KServo\x1b[m\x1b[K(uint8_t gp);\n'}
[11.854089] (quadruped_control) StderrLine: {'line': b'      |     \x1b[01;36m\x1b[K^~~~~\x1b[m\x1b[K\n'}
[11.854299] (quadruped_control) StderrLine: {'line': b'\x1b[01m\x1b[K/home/jonnydang2004/QUADRAPED/src/quadruped_control/src/servo.h:7:5:\x1b[m\x1b[K \x1b[01;36m\x1b[Knote: \x1b[m\x1b[K  candidate expects 1 argument, 0 provided\n'}
[11.854504] (quadruped_control) StderrLine: {'line': b'\x1b[01m\x1b[K/home/jonnydang2004/QUADRAPED/src/quadruped_control/src/servo.h:5:7:\x1b[m\x1b[K \x1b[01;36m\x1b[Knote: \x1b[m\x1b[Kcandidate: \xe2\x80\x98\x1b[01m\x1b[Kconstexpr Servo::Servo(const Servo&)\x1b[m\x1b[K\xe2\x80\x99\n'}
[11.854793] (quadruped_control) StderrLine: {'line': b'    5 | class \x1b[01;36m\x1b[KServo\x1b[m\x1b[K {\n'}
[11.855004] (quadruped_control) StderrLine: {'line': b'      |       \x1b[01;36m\x1b[K^~~~~\x1b[m\x1b[K\n'}
[11.855205] (quadruped_control) StderrLine: {'line': b'\x1b[01m\x1b[K/home/jonnydang2004/QUADRAPED/src/quadruped_control/src/servo.h:5:7:\x1b[m\x1b[K \x1b[01;36m\x1b[Knote: \x1b[m\x1b[K  candidate expects 1 argument, 0 provided\n'}
[11.855407] (quadruped_control) StderrLine: {'line': b'\x1b[01m\x1b[K/home/jonnydang2004/QUADRAPED/src/quadruped_control/src/servo.h:5:7:\x1b[m\x1b[K \x1b[01;36m\x1b[Knote: \x1b[m\x1b[Kcandidate: \xe2\x80\x98\x1b[01m\x1b[Kconstexpr Servo::Servo(Servo&&)\x1b[m\x1b[K\xe2\x80\x99\n'}
[11.855586] (quadruped_control) StderrLine: {'line': b'\x1b[01m\x1b[K/home/jonnydang2004/QUADRAPED/src/quadruped_control/src/servo.h:5:7:\x1b[m\x1b[K \x1b[01;36m\x1b[Knote: \x1b[m\x1b[K  candidate expects 1 argument, 0 provided\n'}
[11.855809] (quadruped_control) StderrLine: {'line': b'\x1b[01m\x1b[K/home/jonnydang2004/QUADRAPED/src/quadruped_control/src/motor_config.cpp:20:55:\x1b[m\x1b[K \x1b[01;31m\x1b[Kerror: \x1b[m\x1b[Kno matching function for call to \xe2\x80\x98\x1b[01m\x1b[KServo::Servo()\x1b[m\x1b[K\xe2\x80\x99\n'}
[11.856019] (quadruped_control) StderrLine: {'line': b'   20 |     : Node("motor_config"), pwm_max(2400), pwm_min(370\x1b[01;31m\x1b[K)\x1b[m\x1b[K\n'}
[11.856238] (quadruped_control) StderrLine: {'line': b'      |                                                       \x1b[01;31m\x1b[K^\x1b[m\x1b[K\n'}
[11.856432] (quadruped_control) StderrLine: {'line': b'In file included from \x1b[01m\x1b[K/home/jonnydang2004/QUADRAPED/src/quadruped_control/src/motor_config.cpp:7\x1b[m\x1b[K:\n'}
[11.856633] (quadruped_control) StderrLine: {'line': b'\x1b[01m\x1b[K/home/jonnydang2004/QUADRAPED/src/quadruped_control/src/servo.h:7:5:\x1b[m\x1b[K \x1b[01;36m\x1b[Knote: \x1b[m\x1b[Kcandidate: \xe2\x80\x98\x1b[01m\x1b[KServo::Servo(uint8_t)\x1b[m\x1b[K\xe2\x80\x99\n'}
[11.856883] (quadruped_control) StderrLine: {'line': b'    7 |     \x1b[01;36m\x1b[KServo\x1b[m\x1b[K(uint8_t gp);\n'}
[11.857131] (quadruped_control) StderrLine: {'line': b'      |     \x1b[01;36m\x1b[K^~~~~\x1b[m\x1b[K\n'}
[11.857335] (quadruped_control) StderrLine: {'line': b'\x1b[01m\x1b[K/home/jonnydang2004/QUADRAPED/src/quadruped_control/src/servo.h:7:5:\x1b[m\x1b[K \x1b[01;36m\x1b[Knote: \x1b[m\x1b[K  candidate expects 1 argument, 0 provided\n'}
[11.857569] (quadruped_control) StderrLine: {'line': b'\x1b[01m\x1b[K/home/jonnydang2004/QUADRAPED/src/quadruped_control/src/servo.h:5:7:\x1b[m\x1b[K \x1b[01;36m\x1b[Knote: \x1b[m\x1b[Kcandidate: \xe2\x80\x98\x1b[01m\x1b[Kconstexpr Servo::Servo(const Servo&)\x1b[m\x1b[K\xe2\x80\x99\n'}
[11.857819] (quadruped_control) StderrLine: {'line': b'    5 | class \x1b[01;36m\x1b[KServo\x1b[m\x1b[K {\n'}
[11.858031] (quadruped_control) StderrLine: {'line': b'      |       \x1b[01;36m\x1b[K^~~~~\x1b[m\x1b[K\n'}
[11.858230] (quadruped_control) StderrLine: {'line': b'\x1b[01m\x1b[K/home/jonnydang2004/QUADRAPED/src/quadruped_control/src/servo.h:5:7:\x1b[m\x1b[K \x1b[01;36m\x1b[Knote: \x1b[m\x1b[K  candidate expects 1 argument, 0 provided\n'}
[11.858419] (quadruped_control) StderrLine: {'line': b'\x1b[01m\x1b[K/home/jonnydang2004/QUADRAPED/src/quadruped_control/src/servo.h:5:7:\x1b[m\x1b[K \x1b[01;36m\x1b[Knote: \x1b[m\x1b[Kcandidate: \xe2\x80\x98\x1b[01m\x1b[Kconstexpr Servo::Servo(Servo&&)\x1b[m\x1b[K\xe2\x80\x99\n'}
[11.858590] (quadruped_control) StderrLine: {'line': b'\x1b[01m\x1b[K/home/jonnydang2004/QUADRAPED/src/quadruped_control/src/servo.h:5:7:\x1b[m\x1b[K \x1b[01;36m\x1b[Knote: \x1b[m\x1b[K  candidate expects 1 argument, 0 provided\n'}
[11.859080] (quadruped_control) StderrLine: {'line': b'\x1b[01m\x1b[K/home/jonnydang2004/QUADRAPED/src/quadruped_control/src/motor_config.cpp:20:55:\x1b[m\x1b[K \x1b[01;31m\x1b[Kerror: \x1b[m\x1b[Kno matching function for call to \xe2\x80\x98\x1b[01m\x1b[KServo::Servo()\x1b[m\x1b[K\xe2\x80\x99\n'}
[11.859284] (quadruped_control) StderrLine: {'line': b'   20 |     : Node("motor_config"), pwm_max(2400), pwm_min(370\x1b[01;31m\x1b[K)\x1b[m\x1b[K\n'}
[11.859470] (quadruped_control) StderrLine: {'line': b'      |                                                       \x1b[01;31m\x1b[K^\x1b[m\x1b[K\n'}
[11.859630] (quadruped_control) StderrLine: {'line': b'In file included from \x1b[01m\x1b[K/home/jonnydang2004/QUADRAPED/src/quadruped_control/src/motor_config.cpp:7\x1b[m\x1b[K:\n'}
[11.859949] (quadruped_control) StderrLine: {'line': b'\x1b[01m\x1b[K/home/jonnydang2004/QUADRAPED/src/quadruped_control/src/servo.h:7:5:\x1b[m\x1b[K \x1b[01;36m\x1b[Knote: \x1b[m\x1b[Kcandidate: \xe2\x80\x98\x1b[01m\x1b[KServo::Servo(uint8_t)\x1b[m\x1b[K\xe2\x80\x99\n'}
[11.860123] (quadruped_control) StderrLine: {'line': b'    7 |     \x1b[01;36m\x1b[KServo\x1b[m\x1b[K(uint8_t gp);\n'}
[11.860312] (quadruped_control) StderrLine: {'line': b'      |     \x1b[01;36m\x1b[K^~~~~\x1b[m\x1b[K\n'}
[11.860499] (quadruped_control) StderrLine: {'line': b'\x1b[01m\x1b[K/home/jonnydang2004/QUADRAPED/src/quadruped_control/src/servo.h:7:5:\x1b[m\x1b[K \x1b[01;36m\x1b[Knote: \x1b[m\x1b[K  candidate expects 1 argument, 0 provided\n'}
[11.860672] (quadruped_control) StderrLine: {'line': b'\x1b[01m\x1b[K/home/jonnydang2004/QUADRAPED/src/quadruped_control/src/servo.h:5:7:\x1b[m\x1b[K \x1b[01;36m\x1b[Knote: \x1b[m\x1b[Kcandidate: \xe2\x80\x98\x1b[01m\x1b[Kconstexpr Servo::Servo(const Servo&)\x1b[m\x1b[K\xe2\x80\x99\n'}
[11.860899] (quadruped_control) StderrLine: {'line': b'    5 | class \x1b[01;36m\x1b[KServo\x1b[m\x1b[K {\n'}
[11.861061] (quadruped_control) StderrLine: {'line': b'      |       \x1b[01;36m\x1b[K^~~~~\x1b[m\x1b[K\n'}
[11.861207] (quadruped_control) StderrLine: {'line': b'\x1b[01m\x1b[K/home/jonnydang2004/QUADRAPED/src/quadruped_control/src/servo.h:5:7:\x1b[m\x1b[K \x1b[01;36m\x1b[Knote: \x1b[m\x1b[K  candidate expects 1 argument, 0 provided\n'}
[11.861386] (quadruped_control) StderrLine: {'line': b'\x1b[01m\x1b[K/home/jonnydang2004/QUADRAPED/src/quadruped_control/src/servo.h:5:7:\x1b[m\x1b[K \x1b[01;36m\x1b[Knote: \x1b[m\x1b[Kcandidate: \xe2\x80\x98\x1b[01m\x1b[Kconstexpr Servo::Servo(Servo&&)\x1b[m\x1b[K\xe2\x80\x99\n'}
[11.861559] (quadruped_control) StderrLine: {'line': b'\x1b[01m\x1b[K/home/jonnydang2004/QUADRAPED/src/quadruped_control/src/servo.h:5:7:\x1b[m\x1b[K \x1b[01;36m\x1b[Knote: \x1b[m\x1b[K  candidate expects 1 argument, 0 provided\n'}
[11.861905] (quadruped_control) StderrLine: {'line': b'\x1b[01m\x1b[K/home/jonnydang2004/QUADRAPED/src/quadruped_control/src/motor_config.cpp:20:55:\x1b[m\x1b[K \x1b[01;31m\x1b[Kerror: \x1b[m\x1b[Kno matching function for call to \xe2\x80\x98\x1b[01m\x1b[KServo::Servo()\x1b[m\x1b[K\xe2\x80\x99\n'}
[11.862119] (quadruped_control) StderrLine: {'line': b'   20 |     : Node("motor_config"), pwm_max(2400), pwm_min(370\x1b[01;31m\x1b[K)\x1b[m\x1b[K\n'}
[11.862456] (quadruped_control) StderrLine: {'line': b'      |                                                       \x1b[01;31m\x1b[K^\x1b[m\x1b[K\n'}
[11.862774] (quadruped_control) StderrLine: {'line': b'In file included from \x1b[01m\x1b[K/home/jonnydang2004/QUADRAPED/src/quadruped_control/src/motor_config.cpp:7\x1b[m\x1b[K:\n'}
[11.862988] (quadruped_control) StderrLine: {'line': b'\x1b[01m\x1b[K/home/jonnydang2004/QUADRAPED/src/quadruped_control/src/servo.h:7:5:\x1b[m\x1b[K \x1b[01;36m\x1b[Knote: \x1b[m\x1b[Kcandidate: \xe2\x80\x98\x1b[01m\x1b[KServo::Servo(uint8_t)\x1b[m\x1b[K\xe2\x80\x99\n'}
[11.863189] (quadruped_control) StderrLine: {'line': b'    7 |     \x1b[01;36m\x1b[KServo\x1b[m\x1b[K(uint8_t gp);\n'}
[11.863495] (quadruped_control) StderrLine: {'line': b'      |     \x1b[01;36m\x1b[K^~~~~\x1b[m\x1b[K\n'}
[11.863887] (quadruped_control) StderrLine: {'line': b'\x1b[01m\x1b[K/home/jonnydang2004/QUADRAPED/src/quadruped_control/src/servo.h:7:5:\x1b[m\x1b[K \x1b[01;36m\x1b[Knote: \x1b[m\x1b[K  candidate expects 1 argument, 0 provided\n'}
[11.864222] (quadruped_control) StderrLine: {'line': b'\x1b[01m\x1b[K/home/jonnydang2004/QUADRAPED/src/quadruped_control/src/servo.h:5:7:\x1b[m\x1b[K \x1b[01;36m\x1b[Knote: \x1b[m\x1b[Kcandidate: \xe2\x80\x98\x1b[01m\x1b[Kconstexpr Servo::Servo(const Servo&)\x1b[m\x1b[K\xe2\x80\x99\n'}
[11.864524] (quadruped_control) StderrLine: {'line': b'    5 | class \x1b[01;36m\x1b[KServo\x1b[m\x1b[K {\n'}
[11.864786] (quadruped_control) StderrLine: {'line': b'      |       \x1b[01;36m\x1b[K^~~~~\x1b[m\x1b[K\n'}
[11.865047] (quadruped_control) StderrLine: {'line': b'\x1b[01m\x1b[K/home/jonnydang2004/QUADRAPED/src/quadruped_control/src/servo.h:5:7:\x1b[m\x1b[K \x1b[01;36m\x1b[Knote: \x1b[m\x1b[K  candidate expects 1 argument, 0 provided\n'}
[11.865281] (quadruped_control) StderrLine: {'line': b'\x1b[01m\x1b[K/home/jonnydang2004/QUADRAPED/src/quadruped_control/src/servo.h:5:7:\x1b[m\x1b[K \x1b[01;36m\x1b[Knote: \x1b[m\x1b[Kcandidate: \xe2\x80\x98\x1b[01m\x1b[Kconstexpr Servo::Servo(Servo&&)\x1b[m\x1b[K\xe2\x80\x99\n'}
[11.865525] (quadruped_control) StderrLine: {'line': b'\x1b[01m\x1b[K/home/jonnydang2004/QUADRAPED/src/quadruped_control/src/servo.h:5:7:\x1b[m\x1b[K \x1b[01;36m\x1b[Knote: \x1b[m\x1b[K  candidate expects 1 argument, 0 provided\n'}
[11.865766] (quadruped_control) StderrLine: {'line': b'\x1b[01m\x1b[K/home/jonnydang2004/QUADRAPED/src/quadruped_control/src/motor_config.cpp:20:55:\x1b[m\x1b[K \x1b[01;31m\x1b[Kerror: \x1b[m\x1b[Kno matching function for call to \xe2\x80\x98\x1b[01m\x1b[KServo::Servo()\x1b[m\x1b[K\xe2\x80\x99\n'}
[11.866010] (quadruped_control) StderrLine: {'line': b'   20 |     : Node("motor_config"), pwm_max(2400), pwm_min(370\x1b[01;31m\x1b[K)\x1b[m\x1b[K\n'}
[11.866244] (quadruped_control) StderrLine: {'line': b'      |                                                       \x1b[01;31m\x1b[K^\x1b[m\x1b[K\n'}
[11.866513] (quadruped_control) StderrLine: {'line': b'In file included from \x1b[01m\x1b[K/home/jonnydang2004/QUADRAPED/src/quadruped_control/src/motor_config.cpp:7\x1b[m\x1b[K:\n'}
[11.866892] (quadruped_control) StderrLine: {'line': b'\x1b[01m\x1b[K/home/jonnydang2004/QUADRAPED/src/quadruped_control/src/servo.h:7:5:\x1b[m\x1b[K \x1b[01;36m\x1b[Knote: \x1b[m\x1b[Kcandidate: \xe2\x80\x98\x1b[01m\x1b[KServo::Servo(uint8_t)\x1b[m\x1b[K\xe2\x80\x99\n'}
[11.867270] (quadruped_control) StderrLine: {'line': b'    7 |     \x1b[01;36m\x1b[KServo\x1b[m\x1b[K(uint8_t gp);\n'}
[11.867577] (quadruped_control) StderrLine: {'line': b'      |     \x1b[01;36m\x1b[K^~~~~\x1b[m\x1b[K\n'}
[11.867940] (quadruped_control) StderrLine: {'line': b'\x1b[01m\x1b[K/home/jonnydang2004/QUADRAPED/src/quadruped_control/src/servo.h:7:5:\x1b[m\x1b[K \x1b[01;36m\x1b[Knote: \x1b[m\x1b[K  candidate expects 1 argument, 0 provided\n'}
[11.868204] (quadruped_control) StderrLine: {'line': b'\x1b[01m\x1b[K/home/jonnydang2004/QUADRAPED/src/quadruped_control/src/servo.h:5:7:\x1b[m\x1b[K \x1b[01;36m\x1b[Knote: \x1b[m\x1b[Kcandidate: \xe2\x80\x98\x1b[01m\x1b[Kconstexpr Servo::Servo(const Servo&)\x1b[m\x1b[K\xe2\x80\x99\n'}
[11.868516] (quadruped_control) StderrLine: {'line': b'    5 | class \x1b[01;36m\x1b[KServo\x1b[m\x1b[K {\n'}
[11.868793] (quadruped_control) StderrLine: {'line': b'      |       \x1b[01;36m\x1b[K^~~~~\x1b[m\x1b[K\n'}
[11.869006] (quadruped_control) StderrLine: {'line': b'\x1b[01m\x1b[K/home/jonnydang2004/QUADRAPED/src/quadruped_control/src/servo.h:5:7:\x1b[m\x1b[K \x1b[01;36m\x1b[Knote: \x1b[m\x1b[K  candidate expects 1 argument, 0 provided\n'}
[11.869259] (quadruped_control) StderrLine: {'line': b'\x1b[01m\x1b[K/home/jonnydang2004/QUADRAPED/src/quadruped_control/src/servo.h:5:7:\x1b[m\x1b[K \x1b[01;36m\x1b[Knote: \x1b[m\x1b[Kcandidate: \xe2\x80\x98\x1b[01m\x1b[Kconstexpr Servo::Servo(Servo&&)\x1b[m\x1b[K\xe2\x80\x99\n'}
[11.870070] (quadruped_control) StderrLine: {'line': b'\x1b[01m\x1b[K/home/jonnydang2004/QUADRAPED/src/quadruped_control/src/servo.h:5:7:\x1b[m\x1b[K \x1b[01;36m\x1b[Knote: \x1b[m\x1b[K  candidate expects 1 argument, 0 provided\n'}
[11.889559] (quadruped_control) StderrLine: {'line': b'\x1b[01m\x1b[K/home/jonnydang2004/QUADRAPED/src/quadruped_control/src/motor_config.cpp:43:30:\x1b[m\x1b[K \x1b[01;31m\x1b[Kerror: \x1b[m\x1b[Kno match for \xe2\x80\x98\x1b[01m\x1b[Koperator=\x1b[m\x1b[K\xe2\x80\x99 (operand types are \xe2\x80\x98\x1b[01m\x1b[Kstd::array<std::array<int, 4>, 2>\x1b[m\x1b[K\xe2\x80\x99 and \xe2\x80\x98\x1b[01m\x1b[K<brace-enclosed initializer list>\x1b[m\x1b[K\xe2\x80\x99)\n'}
[11.890572] (quadruped_control) StderrLine: {'line': b'   43 |                 {12, 8, 0, 4}\x1b[01;31m\x1b[K}\x1b[m\x1b[K;\n'}
[11.890845] (quadruped_control) StderrLine: {'line': b'      |                              \x1b[01;31m\x1b[K^\x1b[m\x1b[K\n'}
[11.891020] (quadruped_control) StderrLine: {'line': b'In file included from \x1b[01m\x1b[K/usr/include/c++/11/tuple:39\x1b[m\x1b[K,\n'}
[11.891188] (quadruped_control) StderrLine: {'line': b'                 from \x1b[01m\x1b[K/usr/include/c++/11/bits/unique_ptr.h:37\x1b[m\x1b[K,\n'}
[11.891358] (quadruped_control) StderrLine: {'line': b'                 from \x1b[01m\x1b[K/usr/include/c++/11/memory:76\x1b[m\x1b[K,\n'}
[11.891523] (quadruped_control) StderrLine: {'line': b'                 from \x1b[01m\x1b[K/opt/ros/iron/include/rclcpp/rclcpp/rclcpp.hpp:165\x1b[m\x1b[K,\n'}
[11.891699] (quadruped_control) StderrLine: {'line': b'                 from \x1b[01m\x1b[K/home/jonnydang2004/QUADRAPED/src/quadruped_control/src/motor_config.cpp:1\x1b[m\x1b[K:\n'}
[11.891920] (quadruped_control) StderrLine: {'line': b'\x1b[01m\x1b[K/usr/include/c++/11/array:95:12:\x1b[m\x1b[K \x1b[01;36m\x1b[Knote: \x1b[m\x1b[Kcandidate: \xe2\x80\x98\x1b[01m\x1b[Kconstexpr std::array<std::array<int, 4>, 2>& std::array<std::array<int, 4>, 2>::operator=(const std::array<std::array<int, 4>, 2>&)\x1b[m\x1b[K\xe2\x80\x99\n'}
[11.892093] (quadruped_control) StderrLine: {'line': b'   95 |     struct \x1b[01;36m\x1b[Karray\x1b[m\x1b[K\n'}
[11.892231] (quadruped_control) StderrLine: {'line': b'      |            \x1b[01;36m\x1b[K^~~~~\x1b[m\x1b[K\n'}
[11.892368] (quadruped_control) StderrLine: {'line': b'\x1b[01m\x1b[K/usr/include/c++/11/array:95:12:\x1b[m\x1b[K \x1b[01;36m\x1b[Knote: \x1b[m\x1b[K  no known conversion for argument 1 from \xe2\x80\x98\x1b[01m\x1b[K<brace-enclosed initializer list>\x1b[m\x1b[K\xe2\x80\x99 to \xe2\x80\x98\x1b[01m\x1b[Kconst std::array<std::array<int, 4>, 2>&\x1b[m\x1b[K\xe2\x80\x99\n'}
[11.892511] (quadruped_control) StderrLine: {'line': b'\x1b[01m\x1b[K/usr/include/c++/11/array:95:12:\x1b[m\x1b[K \x1b[01;36m\x1b[Knote: \x1b[m\x1b[Kcandidate: \xe2\x80\x98\x1b[01m\x1b[Kconstexpr std::array<std::array<int, 4>, 2>& std::array<std::array<int, 4>, 2>::operator=(std::array<std::array<int, 4>, 2>&&)\x1b[m\x1b[K\xe2\x80\x99\n'}
[11.892653] (quadruped_control) StderrLine: {'line': b'\x1b[01m\x1b[K/usr/include/c++/11/array:95:12:\x1b[m\x1b[K \x1b[01;36m\x1b[Knote: \x1b[m\x1b[K  no known conversion for argument 1 from \xe2\x80\x98\x1b[01m\x1b[K<brace-enclosed initializer list>\x1b[m\x1b[K\xe2\x80\x99 to \xe2\x80\x98\x1b[01m\x1b[Kstd::array<std::array<int, 4>, 2>&&\x1b[m\x1b[K\xe2\x80\x99\n'}
[11.893055] (quadruped_control) StderrLine: {'line': b'\x1b[01m\x1b[K/home/jonnydang2004/QUADRAPED/src/quadruped_control/src/motor_config.cpp:48:60:\x1b[m\x1b[K \x1b[01;31m\x1b[Kerror: \x1b[m\x1b[Kambiguous overload for \xe2\x80\x98\x1b[01m\x1b[Koperator=\x1b[m\x1b[K\xe2\x80\x99 (operand types are \xe2\x80\x98\x1b[01m\x1b[KServo\x1b[m\x1b[K\xe2\x80\x99 and \xe2\x80\x98\x1b[01m\x1b[KServo*\x1b[m\x1b[K\xe2\x80\x99)\n'}
[11.893160] (quadruped_control) StderrLine: {'line': b'   48 |         front_left_upper_servo = new Servo(front_left_upper\x1b[01;31m\x1b[K)\x1b[m\x1b[K;\n'}
[11.893251] (quadruped_control) StderrLine: {'line': b'      |                                                            \x1b[01;31m\x1b[K^\x1b[m\x1b[K\n'}
[11.893336] (quadruped_control) StderrLine: {'line': b'In file included from \x1b[01m\x1b[K/home/jonnydang2004/QUADRAPED/src/quadruped_control/src/motor_config.cpp:7\x1b[m\x1b[K:\n'}
[11.893535] (quadruped_control) StderrLine: {'line': b'\x1b[01m\x1b[K/home/jonnydang2004/QUADRAPED/src/quadruped_control/src/servo.h:5:7:\x1b[m\x1b[K \x1b[01;36m\x1b[Knote: \x1b[m\x1b[Kcandidate: \xe2\x80\x98\x1b[01m\x1b[Kconstexpr Servo& Servo::operator=(const Servo&)\x1b[m\x1b[K\xe2\x80\x99 (near match)\n'}
[11.893948] (quadruped_control) StderrLine: {'line': b'    5 | class \x1b[01;36m\x1b[KServo\x1b[m\x1b[K {\n'}
[11.895584] (-) TimerEvent: {}
[11.896424] (quadruped_control) StderrLine: {'line': b'      |       \x1b[01;36m\x1b[K^~~~~\x1b[m\x1b[K\n'}
[11.896815] (quadruped_control) StderrLine: {'line': b'\x1b[01m\x1b[K/home/jonnydang2004/QUADRAPED/src/quadruped_control/src/servo.h:5:7:\x1b[m\x1b[K \x1b[01;36m\x1b[Knote: \x1b[m\x1b[K  conversion of argument 1 would be ill-formed:\n'}
[11.897141] (quadruped_control) StderrLine: {'line': b'\x1b[01m\x1b[K/home/jonnydang2004/QUADRAPED/src/quadruped_control/src/motor_config.cpp:48:34:\x1b[m\x1b[K \x1b[01;31m\x1b[Kerror: \x1b[m\x1b[Kinvalid user-defined conversion from \xe2\x80\x98\x1b[01m\x1b[KServo*\x1b[m\x1b[K\xe2\x80\x99 to \xe2\x80\x98\x1b[01m\x1b[Kconst Servo&\x1b[m\x1b[K\xe2\x80\x99 [\x1b[01;31m\x1b[K\x1b]8;;https://gcc.gnu.org/onlinedocs/gcc/Warning-Options.html#index-fpermissive\x07-fpermissive\x1b]8;;\x07\x1b[m\x1b[K]\n'}
[11.897458] (quadruped_control) StderrLine: {'line': b'   48 |         front_left_upper_servo = \x1b[01;31m\x1b[Knew Servo(front_left_upper)\x1b[m\x1b[K;\n'}
[11.901491] (quadruped_control) StderrLine: {'line': b'      |                                  \x1b[01;31m\x1b[K^~~~~~~~~~~~~~~~~~~~~~~~~~~\x1b[m\x1b[K\n'}
[11.901975] (quadruped_control) StderrLine: {'line': b'In file included from \x1b[01m\x1b[K/home/jonnydang2004/QUADRAPED/src/quadruped_control/src/motor_config.cpp:7\x1b[m\x1b[K:\n'}
[11.902211] (quadruped_control) StderrLine: {'line': b'\x1b[01m\x1b[K/home/jonnydang2004/QUADRAPED/src/quadruped_control/src/servo.h:7:5:\x1b[m\x1b[K \x1b[01;36m\x1b[Knote: \x1b[m\x1b[Kcandidate is: \xe2\x80\x98\x1b[01m\x1b[KServo::Servo(uint8_t)\x1b[m\x1b[K\xe2\x80\x99 (near match)\n'}
[11.902389] (quadruped_control) StderrLine: {'line': b'    7 |     \x1b[01;36m\x1b[KServo\x1b[m\x1b[K(uint8_t gp);\n'}
[11.902533] (quadruped_control) StderrLine: {'line': b'      |     \x1b[01;36m\x1b[K^~~~~\x1b[m\x1b[K\n'}
[11.902717] (quadruped_control) StderrLine: {'line': b'\x1b[01m\x1b[K/home/jonnydang2004/QUADRAPED/src/quadruped_control/src/servo.h:7:5:\x1b[m\x1b[K \x1b[01;36m\x1b[Knote: \x1b[m\x1b[K  conversion of argument 1 would be ill-formed:\n'}
[11.902892] (quadruped_control) StderrLine: {'line': b'\x1b[01m\x1b[K/home/jonnydang2004/QUADRAPED/src/quadruped_control/src/motor_config.cpp:48:34:\x1b[m\x1b[K \x1b[01;31m\x1b[Kerror: \x1b[m\x1b[Kinvalid conversion from \xe2\x80\x98\x1b[01m\x1b[KServo*\x1b[m\x1b[K\xe2\x80\x99 to \xe2\x80\x98\x1b[01m\x1b[Kuint8_t\x1b[m\x1b[K\xe2\x80\x99 {aka \xe2\x80\x98\x1b[01m\x1b[Kunsigned char\x1b[m\x1b[K\xe2\x80\x99} [\x1b[01;31m\x1b[K\x1b]8;;https://gcc.gnu.org/onlinedocs/gcc/Warning-Options.html#index-fpermissive\x07-fpermissive\x1b]8;;\x07\x1b[m\x1b[K]\n'}
[11.903065] (quadruped_control) StderrLine: {'line': b'   48 |         front_left_upper_servo = \x1b[01;31m\x1b[Knew Servo(front_left_upper)\x1b[m\x1b[K;\n'}
[11.903248] (quadruped_control) StderrLine: {'line': b'      |                                  \x1b[01;31m\x1b[K^~~~~~~~~~~~~~~~~~~~~~~~~~~\x1b[m\x1b[K\n'}
[11.903424] (quadruped_control) StderrLine: {'line': b'      |                                  \x1b[01;31m\x1b[K|\x1b[m\x1b[K\n'}
[11.903598] (quadruped_control) StderrLine: {'line': b'      |                                  \x1b[01;31m\x1b[KServo*\x1b[m\x1b[K\n'}
[11.903832] (quadruped_control) StderrLine: {'line': b'\x1b[01m\x1b[K/home/jonnydang2004/QUADRAPED/src/quadruped_control/src/motor_config.cpp:48:34:\x1b[m\x1b[K \x1b[01;31m\x1b[Kerror: \x1b[m\x1b[Kinvalid conversion from \xe2\x80\x98\x1b[01m\x1b[KServo*\x1b[m\x1b[K\xe2\x80\x99 to \xe2\x80\x98\x1b[01m\x1b[Kuint8_t\x1b[m\x1b[K\xe2\x80\x99 {aka \xe2\x80\x98\x1b[01m\x1b[Kunsigned char\x1b[m\x1b[K\xe2\x80\x99} [\x1b[01;31m\x1b[K\x1b]8;;https://gcc.gnu.org/onlinedocs/gcc/Warning-Options.html#index-fpermissive\x07-fpermissive\x1b]8;;\x07\x1b[m\x1b[K]\n'}
[11.903994] (quadruped_control) StderrLine: {'line': b'   48 |         front_left_upper_servo = \x1b[01;31m\x1b[Knew Servo(front_left_upper)\x1b[m\x1b[K;\n'}
[11.904133] (quadruped_control) StderrLine: {'line': b'      |                                  \x1b[01;31m\x1b[K^~~~~~~~~~~~~~~~~~~~~~~~~~~\x1b[m\x1b[K\n'}
[11.904267] (quadruped_control) StderrLine: {'line': b'      |                                  \x1b[01;31m\x1b[K|\x1b[m\x1b[K\n'}
[11.904399] (quadruped_control) StderrLine: {'line': b'      |                                  \x1b[01;31m\x1b[KServo*\x1b[m\x1b[K\n'}
[11.904534] (quadruped_control) StderrLine: {'line': b'In file included from \x1b[01m\x1b[K/home/jonnydang2004/QUADRAPED/src/quadruped_control/src/motor_config.cpp:7\x1b[m\x1b[K:\n'}
[11.904759] (quadruped_control) StderrLine: {'line': b'\x1b[01m\x1b[K/home/jonnydang2004/QUADRAPED/src/quadruped_control/src/servo.h:7:19:\x1b[m\x1b[K \x1b[01;36m\x1b[Knote: \x1b[m\x1b[K  initializing argument 1 of \xe2\x80\x98\x1b[01m\x1b[KServo::Servo(uint8_t)\x1b[m\x1b[K\xe2\x80\x99\n'}
[11.905931] (quadruped_control) StderrLine: {'line': b'    7 |     Servo(\x1b[01;36m\x1b[Kuint8_t gp\x1b[m\x1b[K);\n'}
[11.906730] (quadruped_control) StderrLine: {'line': b'      |           \x1b[01;36m\x1b[K~~~~~~~~^~\x1b[m\x1b[K\n'}
[11.907103] (quadruped_control) StderrLine: {'line': b'\x1b[01m\x1b[K/home/jonnydang2004/QUADRAPED/src/quadruped_control/src/servo.h:5:7:\x1b[m\x1b[K \x1b[01;36m\x1b[Knote: \x1b[m\x1b[Kcandidate: \xe2\x80\x98\x1b[01m\x1b[Kconstexpr Servo& Servo::operator=(Servo&&)\x1b[m\x1b[K\xe2\x80\x99 (near match)\n'}
[11.907410] (quadruped_control) StderrLine: {'line': b'    5 | class \x1b[01;36m\x1b[KServo\x1b[m\x1b[K {\n'}
[11.907594] (quadruped_control) StderrLine: {'line': b'      |       \x1b[01;36m\x1b[K^~~~~\x1b[m\x1b[K\n'}
[11.907922] (quadruped_control) StderrLine: {'line': b'\x1b[01m\x1b[K/home/jonnydang2004/QUADRAPED/src/quadruped_control/src/servo.h:5:7:\x1b[m\x1b[K \x1b[01;36m\x1b[Knote: \x1b[m\x1b[K  conversion of argument 1 would be ill-formed:\n'}
[11.908168] (quadruped_control) StderrLine: {'line': b'\x1b[01m\x1b[K/home/jonnydang2004/QUADRAPED/src/quadruped_control/src/motor_config.cpp:48:34:\x1b[m\x1b[K \x1b[01;31m\x1b[Kerror: \x1b[m\x1b[Kinvalid user-defined conversion from \xe2\x80\x98\x1b[01m\x1b[KServo*\x1b[m\x1b[K\xe2\x80\x99 to \xe2\x80\x98\x1b[01m\x1b[KServo&&\x1b[m\x1b[K\xe2\x80\x99 [\x1b[01;31m\x1b[K\x1b]8;;https://gcc.gnu.org/onlinedocs/gcc/Warning-Options.html#index-fpermissive\x07-fpermissive\x1b]8;;\x07\x1b[m\x1b[K]\n'}
[11.908348] (quadruped_control) StderrLine: {'line': b'   48 |         front_left_upper_servo = \x1b[01;31m\x1b[Knew Servo(front_left_upper)\x1b[m\x1b[K;\n'}
[11.908502] (quadruped_control) StderrLine: {'line': b'      |                                  \x1b[01;31m\x1b[K^~~~~~~~~~~~~~~~~~~~~~~~~~~\x1b[m\x1b[K\n'}
[11.908650] (quadruped_control) StderrLine: {'line': b'In file included from \x1b[01m\x1b[K/home/jonnydang2004/QUADRAPED/src/quadruped_control/src/motor_config.cpp:7\x1b[m\x1b[K:\n'}
[11.908860] (quadruped_control) StderrLine: {'line': b'\x1b[01m\x1b[K/home/jonnydang2004/QUADRAPED/src/quadruped_control/src/servo.h:7:5:\x1b[m\x1b[K \x1b[01;36m\x1b[Knote: \x1b[m\x1b[Kcandidate is: \xe2\x80\x98\x1b[01m\x1b[KServo::Servo(uint8_t)\x1b[m\x1b[K\xe2\x80\x99 (near match)\n'}
[11.909012] (quadruped_control) StderrLine: {'line': b'    7 |     \x1b[01;36m\x1b[KServo\x1b[m\x1b[K(uint8_t gp);\n'}
[11.909153] (quadruped_control) StderrLine: {'line': b'      |     \x1b[01;36m\x1b[K^~~~~\x1b[m\x1b[K\n'}
[11.909291] (quadruped_control) StderrLine: {'line': b'\x1b[01m\x1b[K/home/jonnydang2004/QUADRAPED/src/quadruped_control/src/servo.h:7:5:\x1b[m\x1b[K \x1b[01;36m\x1b[Knote: \x1b[m\x1b[K  conversion of argument 1 would be ill-formed:\n'}
[11.909432] (quadruped_control) StderrLine: {'line': b'\x1b[01m\x1b[K/home/jonnydang2004/QUADRAPED/src/quadruped_control/src/motor_config.cpp:48:34:\x1b[m\x1b[K \x1b[01;31m\x1b[Kerror: \x1b[m\x1b[Kinvalid conversion from \xe2\x80\x98\x1b[01m\x1b[KServo*\x1b[m\x1b[K\xe2\x80\x99 to \xe2\x80\x98\x1b[01m\x1b[Kuint8_t\x1b[m\x1b[K\xe2\x80\x99 {aka \xe2\x80\x98\x1b[01m\x1b[Kunsigned char\x1b[m\x1b[K\xe2\x80\x99} [\x1b[01;31m\x1b[K\x1b]8;;https://gcc.gnu.org/onlinedocs/gcc/Warning-Options.html#index-fpermissive\x07-fpermissive\x1b]8;;\x07\x1b[m\x1b[K]\n'}
[11.909582] (quadruped_control) StderrLine: {'line': b'   48 |         front_left_upper_servo = \x1b[01;31m\x1b[Knew Servo(front_left_upper)\x1b[m\x1b[K;\n'}
[11.909770] (quadruped_control) StderrLine: {'line': b'      |                                  \x1b[01;31m\x1b[K^~~~~~~~~~~~~~~~~~~~~~~~~~~\x1b[m\x1b[K\n'}
[11.909934] (quadruped_control) StderrLine: {'line': b'      |                                  \x1b[01;31m\x1b[K|\x1b[m\x1b[K\n'}
[11.910079] (quadruped_control) StderrLine: {'line': b'      |                                  \x1b[01;31m\x1b[KServo*\x1b[m\x1b[K\n'}
[11.910395] (quadruped_control) StderrLine: {'line': b'\x1b[01m\x1b[K/home/jonnydang2004/QUADRAPED/src/quadruped_control/src/motor_config.cpp:48:34:\x1b[m\x1b[K \x1b[01;31m\x1b[Kerror: \x1b[m\x1b[Kinvalid conversion from \xe2\x80\x98\x1b[01m\x1b[KServo*\x1b[m\x1b[K\xe2\x80\x99 to \xe2\x80\x98\x1b[01m\x1b[Kuint8_t\x1b[m\x1b[K\xe2\x80\x99 {aka \xe2\x80\x98\x1b[01m\x1b[Kunsigned char\x1b[m\x1b[K\xe2\x80\x99} [\x1b[01;31m\x1b[K\x1b]8;;https://gcc.gnu.org/onlinedocs/gcc/Warning-Options.html#index-fpermissive\x07-fpermissive\x1b]8;;\x07\x1b[m\x1b[K]\n'}
[11.910597] (quadruped_control) StderrLine: {'line': b'   48 |         front_left_upper_servo = \x1b[01;31m\x1b[Knew Servo(front_left_upper)\x1b[m\x1b[K;\n'}
[11.910843] (quadruped_control) StderrLine: {'line': b'      |                                  \x1b[01;31m\x1b[K^~~~~~~~~~~~~~~~~~~~~~~~~~~\x1b[m\x1b[K\n'}
[11.911084] (quadruped_control) StderrLine: {'line': b'      |                                  \x1b[01;31m\x1b[K|\x1b[m\x1b[K\n'}
[11.911339] (quadruped_control) StderrLine: {'line': b'      |                                  \x1b[01;31m\x1b[KServo*\x1b[m\x1b[K\n'}
[11.911525] (quadruped_control) StderrLine: {'line': b'In file included from \x1b[01m\x1b[K/home/jonnydang2004/QUADRAPED/src/quadruped_control/src/motor_config.cpp:7\x1b[m\x1b[K:\n'}
[11.911678] (quadruped_control) StderrLine: {'line': b'\x1b[01m\x1b[K/home/jonnydang2004/QUADRAPED/src/quadruped_control/src/servo.h:7:19:\x1b[m\x1b[K \x1b[01;36m\x1b[Knote: \x1b[m\x1b[K  initializing argument 1 of \xe2\x80\x98\x1b[01m\x1b[KServo::Servo(uint8_t)\x1b[m\x1b[K\xe2\x80\x99\n'}
[11.911926] (quadruped_control) StderrLine: {'line': b'    7 |     Servo(\x1b[01;36m\x1b[Kuint8_t gp\x1b[m\x1b[K);\n'}
[11.912084] (quadruped_control) StderrLine: {'line': b'      |           \x1b[01;36m\x1b[K~~~~~~~~^~\x1b[m\x1b[K\n'}
[11.912235] (quadruped_control) StderrLine: {'line': b'\x1b[01m\x1b[K/home/jonnydang2004/QUADRAPED/src/quadruped_control/src/motor_config.cpp:49:60:\x1b[m\x1b[K \x1b[01;31m\x1b[Kerror: \x1b[m\x1b[Kambiguous overload for \xe2\x80\x98\x1b[01m\x1b[Koperator=\x1b[m\x1b[K\xe2\x80\x99 (operand types are \xe2\x80\x98\x1b[01m\x1b[KServo\x1b[m\x1b[K\xe2\x80\x99 and \xe2\x80\x98\x1b[01m\x1b[KServo*\x1b[m\x1b[K\xe2\x80\x99)\n'}
[11.912488] (quadruped_control) StderrLine: {'line': b'   49 |         front_left_lower_servo = new Servo(front_left_lower\x1b[01;31m\x1b[K)\x1b[m\x1b[K;\n'}
[11.912731] (quadruped_control) StderrLine: {'line': b'      |                                                            \x1b[01;31m\x1b[K^\x1b[m\x1b[K\n'}
[11.912958] (quadruped_control) StderrLine: {'line': b'In file included from \x1b[01m\x1b[K/home/jonnydang2004/QUADRAPED/src/quadruped_control/src/motor_config.cpp:7\x1b[m\x1b[K:\n'}
[11.913199] (quadruped_control) StderrLine: {'line': b'\x1b[01m\x1b[K/home/jonnydang2004/QUADRAPED/src/quadruped_control/src/servo.h:5:7:\x1b[m\x1b[K \x1b[01;36m\x1b[Knote: \x1b[m\x1b[Kcandidate: \xe2\x80\x98\x1b[01m\x1b[Kconstexpr Servo& Servo::operator=(const Servo&)\x1b[m\x1b[K\xe2\x80\x99 (near match)\n'}
[11.913836] (quadruped_control) StderrLine: {'line': b'    5 | class \x1b[01;36m\x1b[KServo\x1b[m\x1b[K {\n'}
[11.914197] (quadruped_control) StderrLine: {'line': b'      |       \x1b[01;36m\x1b[K^~~~~\x1b[m\x1b[K\n'}
[11.914423] (quadruped_control) StderrLine: {'line': b'\x1b[01m\x1b[K/home/jonnydang2004/QUADRAPED/src/quadruped_control/src/servo.h:5:7:\x1b[m\x1b[K \x1b[01;36m\x1b[Knote: \x1b[m\x1b[K  conversion of argument 1 would be ill-formed:\n'}
[11.914657] (quadruped_control) StderrLine: {'line': b'\x1b[01m\x1b[K/home/jonnydang2004/QUADRAPED/src/quadruped_control/src/motor_config.cpp:49:34:\x1b[m\x1b[K \x1b[01;31m\x1b[Kerror: \x1b[m\x1b[Kinvalid user-defined conversion from \xe2\x80\x98\x1b[01m\x1b[KServo*\x1b[m\x1b[K\xe2\x80\x99 to \xe2\x80\x98\x1b[01m\x1b[Kconst Servo&\x1b[m\x1b[K\xe2\x80\x99 [\x1b[01;31m\x1b[K\x1b]8;;https://gcc.gnu.org/onlinedocs/gcc/Warning-Options.html#index-fpermissive\x07-fpermissive\x1b]8;;\x07\x1b[m\x1b[K]\n'}
[11.915002] (quadruped_control) StderrLine: {'line': b'   49 |         front_left_lower_servo = \x1b[01;31m\x1b[Knew Servo(front_left_lower)\x1b[m\x1b[K;\n'}
[11.915187] (quadruped_control) StderrLine: {'line': b'      |                                  \x1b[01;31m\x1b[K^~~~~~~~~~~~~~~~~~~~~~~~~~~\x1b[m\x1b[K\n'}
[11.915412] (quadruped_control) StderrLine: {'line': b'In file included from \x1b[01m\x1b[K/home/jonnydang2004/QUADRAPED/src/quadruped_control/src/motor_config.cpp:7\x1b[m\x1b[K:\n'}
[11.915613] (quadruped_control) StderrLine: {'line': b'\x1b[01m\x1b[K/home/jonnydang2004/QUADRAPED/src/quadruped_control/src/servo.h:7:5:\x1b[m\x1b[K \x1b[01;36m\x1b[Knote: \x1b[m\x1b[Kcandidate is: \xe2\x80\x98\x1b[01m\x1b[KServo::Servo(uint8_t)\x1b[m\x1b[K\xe2\x80\x99 (near match)\n'}
[11.915923] (quadruped_control) StderrLine: {'line': b'    7 |     \x1b[01;36m\x1b[KServo\x1b[m\x1b[K(uint8_t gp);\n'}
[11.916182] (quadruped_control) StderrLine: {'line': b'      |     \x1b[01;36m\x1b[K^~~~~\x1b[m\x1b[K\n'}
[11.916441] (quadruped_control) StderrLine: {'line': b'\x1b[01m\x1b[K/home/jonnydang2004/QUADRAPED/src/quadruped_control/src/servo.h:7:5:\x1b[m\x1b[K \x1b[01;36m\x1b[Knote: \x1b[m\x1b[K  conversion of argument 1 would be ill-formed:\n'}
[11.917269] (quadruped_control) StderrLine: {'line': b'\x1b[01m\x1b[K/home/jonnydang2004/QUADRAPED/src/quadruped_control/src/motor_config.cpp:49:34:\x1b[m\x1b[K \x1b[01;31m\x1b[Kerror: \x1b[m\x1b[Kinvalid conversion from \xe2\x80\x98\x1b[01m\x1b[KServo*\x1b[m\x1b[K\xe2\x80\x99 to \xe2\x80\x98\x1b[01m\x1b[Kuint8_t\x1b[m\x1b[K\xe2\x80\x99 {aka \xe2\x80\x98\x1b[01m\x1b[Kunsigned char\x1b[m\x1b[K\xe2\x80\x99} [\x1b[01;31m\x1b[K\x1b]8;;https://gcc.gnu.org/onlinedocs/gcc/Warning-Options.html#index-fpermissive\x07-fpermissive\x1b]8;;\x07\x1b[m\x1b[K]\n'}
[11.917653] (quadruped_control) StderrLine: {'line': b'   49 |         front_left_lower_servo = \x1b[01;31m\x1b[Knew Servo(front_left_lower)\x1b[m\x1b[K;\n'}
[11.921657] (quadruped_control) StderrLine: {'line': b'      |                                  \x1b[01;31m\x1b[K^~~~~~~~~~~~~~~~~~~~~~~~~~~\x1b[m\x1b[K\n'}
[11.922184] (quadruped_control) StderrLine: {'line': b'      |                                  \x1b[01;31m\x1b[K|\x1b[m\x1b[K\n'}
[11.922355] (quadruped_control) StderrLine: {'line': b'      |                                  \x1b[01;31m\x1b[KServo*\x1b[m\x1b[K\n'}
[11.922512] (quadruped_control) StderrLine: {'line': b'\x1b[01m\x1b[K/home/jonnydang2004/QUADRAPED/src/quadruped_control/src/motor_config.cpp:49:34:\x1b[m\x1b[K \x1b[01;31m\x1b[Kerror: \x1b[m\x1b[Kinvalid conversion from \xe2\x80\x98\x1b[01m\x1b[KServo*\x1b[m\x1b[K\xe2\x80\x99 to \xe2\x80\x98\x1b[01m\x1b[Kuint8_t\x1b[m\x1b[K\xe2\x80\x99 {aka \xe2\x80\x98\x1b[01m\x1b[Kunsigned char\x1b[m\x1b[K\xe2\x80\x99} [\x1b[01;31m\x1b[K\x1b]8;;https://gcc.gnu.org/onlinedocs/gcc/Warning-Options.html#index-fpermissive\x07-fpermissive\x1b]8;;\x07\x1b[m\x1b[K]\n'}
[11.922726] (quadruped_control) StderrLine: {'line': b'   49 |         front_left_lower_servo = \x1b[01;31m\x1b[Knew Servo(front_left_lower)\x1b[m\x1b[K;\n'}
[11.922921] (quadruped_control) StderrLine: {'line': b'      |                                  \x1b[01;31m\x1b[K^~~~~~~~~~~~~~~~~~~~~~~~~~~\x1b[m\x1b[K\n'}
[11.923067] (quadruped_control) StderrLine: {'line': b'      |                                  \x1b[01;31m\x1b[K|\x1b[m\x1b[K\n'}
[11.923217] (quadruped_control) StderrLine: {'line': b'      |                                  \x1b[01;31m\x1b[KServo*\x1b[m\x1b[K\n'}
[11.923354] (quadruped_control) StderrLine: {'line': b'In file included from \x1b[01m\x1b[K/home/jonnydang2004/QUADRAPED/src/quadruped_control/src/motor_config.cpp:7\x1b[m\x1b[K:\n'}
[11.923492] (quadruped_control) StderrLine: {'line': b'\x1b[01m\x1b[K/home/jonnydang2004/QUADRAPED/src/quadruped_control/src/servo.h:7:19:\x1b[m\x1b[K \x1b[01;36m\x1b[Knote: \x1b[m\x1b[K  initializing argument 1 of \xe2\x80\x98\x1b[01m\x1b[KServo::Servo(uint8_t)\x1b[m\x1b[K\xe2\x80\x99\n'}
[11.923635] (quadruped_control) StderrLine: {'line': b'    7 |     Servo(\x1b[01;36m\x1b[Kuint8_t gp\x1b[m\x1b[K);\n'}
[11.923836] (quadruped_control) StderrLine: {'line': b'      |           \x1b[01;36m\x1b[K~~~~~~~~^~\x1b[m\x1b[K\n'}
[11.923981] (quadruped_control) StderrLine: {'line': b'\x1b[01m\x1b[K/home/jonnydang2004/QUADRAPED/src/quadruped_control/src/servo.h:5:7:\x1b[m\x1b[K \x1b[01;36m\x1b[Knote: \x1b[m\x1b[Kcandidate: \xe2\x80\x98\x1b[01m\x1b[Kconstexpr Servo& Servo::operator=(Servo&&)\x1b[m\x1b[K\xe2\x80\x99 (near match)\n'}
[11.924124] (quadruped_control) StderrLine: {'line': b'    5 | class \x1b[01;36m\x1b[KServo\x1b[m\x1b[K {\n'}
[11.924260] (quadruped_control) StderrLine: {'line': b'      |       \x1b[01;36m\x1b[K^~~~~\x1b[m\x1b[K\n'}
[11.924407] (quadruped_control) StderrLine: {'line': b'\x1b[01m\x1b[K/home/jonnydang2004/QUADRAPED/src/quadruped_control/src/servo.h:5:7:\x1b[m\x1b[K \x1b[01;36m\x1b[Knote: \x1b[m\x1b[K  conversion of argument 1 would be ill-formed:\n'}
[11.924545] (quadruped_control) StderrLine: {'line': b'\x1b[01m\x1b[K/home/jonnydang2004/QUADRAPED/src/quadruped_control/src/motor_config.cpp:49:34:\x1b[m\x1b[K \x1b[01;31m\x1b[Kerror: \x1b[m\x1b[Kinvalid user-defined conversion from \xe2\x80\x98\x1b[01m\x1b[KServo*\x1b[m\x1b[K\xe2\x80\x99 to \xe2\x80\x98\x1b[01m\x1b[KServo&&\x1b[m\x1b[K\xe2\x80\x99 [\x1b[01;31m\x1b[K\x1b]8;;https://gcc.gnu.org/onlinedocs/gcc/Warning-Options.html#index-fpermissive\x07-fpermissive\x1b]8;;\x07\x1b[m\x1b[K]\n'}
[11.924738] (quadruped_control) StderrLine: {'line': b'   49 |         front_left_lower_servo = \x1b[01;31m\x1b[Knew Servo(front_left_lower)\x1b[m\x1b[K;\n'}
[11.924898] (quadruped_control) StderrLine: {'line': b'      |                                  \x1b[01;31m\x1b[K^~~~~~~~~~~~~~~~~~~~~~~~~~~\x1b[m\x1b[K\n'}
[11.925052] (quadruped_control) StderrLine: {'line': b'In file included from \x1b[01m\x1b[K/home/jonnydang2004/QUADRAPED/src/quadruped_control/src/motor_config.cpp:7\x1b[m\x1b[K:\n'}
[11.925192] (quadruped_control) StderrLine: {'line': b'\x1b[01m\x1b[K/home/jonnydang2004/QUADRAPED/src/quadruped_control/src/servo.h:7:5:\x1b[m\x1b[K \x1b[01;36m\x1b[Knote: \x1b[m\x1b[Kcandidate is: \xe2\x80\x98\x1b[01m\x1b[KServo::Servo(uint8_t)\x1b[m\x1b[K\xe2\x80\x99 (near match)\n'}
[11.925330] (quadruped_control) StderrLine: {'line': b'    7 |     \x1b[01;36m\x1b[KServo\x1b[m\x1b[K(uint8_t gp);\n'}
[11.925463] (quadruped_control) StderrLine: {'line': b'      |     \x1b[01;36m\x1b[K^~~~~\x1b[m\x1b[K\n'}
[11.925595] (quadruped_control) StderrLine: {'line': b'\x1b[01m\x1b[K/home/jonnydang2004/QUADRAPED/src/quadruped_control/src/servo.h:7:5:\x1b[m\x1b[K \x1b[01;36m\x1b[Knote: \x1b[m\x1b[K  conversion of argument 1 would be ill-formed:\n'}
[11.925791] (quadruped_control) StderrLine: {'line': b'\x1b[01m\x1b[K/home/jonnydang2004/QUADRAPED/src/quadruped_control/src/motor_config.cpp:49:34:\x1b[m\x1b[K \x1b[01;31m\x1b[Kerror: \x1b[m\x1b[Kinvalid conversion from \xe2\x80\x98\x1b[01m\x1b[KServo*\x1b[m\x1b[K\xe2\x80\x99 to \xe2\x80\x98\x1b[01m\x1b[Kuint8_t\x1b[m\x1b[K\xe2\x80\x99 {aka \xe2\x80\x98\x1b[01m\x1b[Kunsigned char\x1b[m\x1b[K\xe2\x80\x99} [\x1b[01;31m\x1b[K\x1b]8;;https://gcc.gnu.org/onlinedocs/gcc/Warning-Options.html#index-fpermissive\x07-fpermissive\x1b]8;;\x07\x1b[m\x1b[K]\n'}
[11.925943] (quadruped_control) StderrLine: {'line': b'   49 |         front_left_lower_servo = \x1b[01;31m\x1b[Knew Servo(front_left_lower)\x1b[m\x1b[K;\n'}
[11.926084] (quadruped_control) StderrLine: {'line': b'      |                                  \x1b[01;31m\x1b[K^~~~~~~~~~~~~~~~~~~~~~~~~~~\x1b[m\x1b[K\n'}
[11.926232] (quadruped_control) StderrLine: {'line': b'      |                                  \x1b[01;31m\x1b[K|\x1b[m\x1b[K\n'}
[11.926390] (quadruped_control) StderrLine: {'line': b'      |                                  \x1b[01;31m\x1b[KServo*\x1b[m\x1b[K\n'}
[11.926550] (quadruped_control) StderrLine: {'line': b'\x1b[01m\x1b[K/home/jonnydang2004/QUADRAPED/src/quadruped_control/src/motor_config.cpp:49:34:\x1b[m\x1b[K \x1b[01;31m\x1b[Kerror: \x1b[m\x1b[Kinvalid conversion from \xe2\x80\x98\x1b[01m\x1b[KServo*\x1b[m\x1b[K\xe2\x80\x99 to \xe2\x80\x98\x1b[01m\x1b[Kuint8_t\x1b[m\x1b[K\xe2\x80\x99 {aka \xe2\x80\x98\x1b[01m\x1b[Kunsigned char\x1b[m\x1b[K\xe2\x80\x99} [\x1b[01;31m\x1b[K\x1b]8;;https://gcc.gnu.org/onlinedocs/gcc/Warning-Options.html#index-fpermissive\x07-fpermissive\x1b]8;;\x07\x1b[m\x1b[K]\n'}
[11.926923] (quadruped_control) StderrLine: {'line': b'   49 |         front_left_lower_servo = \x1b[01;31m\x1b[Knew Servo(front_left_lower)\x1b[m\x1b[K;\n'}
[11.927167] (quadruped_control) StderrLine: {'line': b'      |                                  \x1b[01;31m\x1b[K^~~~~~~~~~~~~~~~~~~~~~~~~~~\x1b[m\x1b[K\n'}
[11.927372] (quadruped_control) StderrLine: {'line': b'      |                                  \x1b[01;31m\x1b[K|\x1b[m\x1b[K\n'}
[11.927567] (quadruped_control) StderrLine: {'line': b'      |                                  \x1b[01;31m\x1b[KServo*\x1b[m\x1b[K\n'}
[11.927764] (quadruped_control) StderrLine: {'line': b'In file included from \x1b[01m\x1b[K/home/jonnydang2004/QUADRAPED/src/quadruped_control/src/motor_config.cpp:7\x1b[m\x1b[K:\n'}
[11.927936] (quadruped_control) StderrLine: {'line': b'\x1b[01m\x1b[K/home/jonnydang2004/QUADRAPED/src/quadruped_control/src/servo.h:7:19:\x1b[m\x1b[K \x1b[01;36m\x1b[Knote: \x1b[m\x1b[K  initializing argument 1 of \xe2\x80\x98\x1b[01m\x1b[KServo::Servo(uint8_t)\x1b[m\x1b[K\xe2\x80\x99\n'}
[11.928095] (quadruped_control) StderrLine: {'line': b'    7 |     Servo(\x1b[01;36m\x1b[Kuint8_t gp\x1b[m\x1b[K);\n'}
[11.928245] (quadruped_control) StderrLine: {'line': b'      |           \x1b[01;36m\x1b[K~~~~~~~~^~\x1b[m\x1b[K\n'}
[11.928396] (quadruped_control) StderrLine: {'line': b'\x1b[01m\x1b[K/home/jonnydang2004/QUADRAPED/src/quadruped_control/src/motor_config.cpp:51:62:\x1b[m\x1b[K \x1b[01;31m\x1b[Kerror: \x1b[m\x1b[Kambiguous overload for \xe2\x80\x98\x1b[01m\x1b[Koperator=\x1b[m\x1b[K\xe2\x80\x99 (operand types are \xe2\x80\x98\x1b[01m\x1b[KServo\x1b[m\x1b[K\xe2\x80\x99 and \xe2\x80\x98\x1b[01m\x1b[KServo*\x1b[m\x1b[K\xe2\x80\x99)\n'}
[11.928551] (quadruped_control) StderrLine: {'line': b'   51 |         front_right_upper_servo = new Servo(front_right_upper\x1b[01;31m\x1b[K)\x1b[m\x1b[K;\n'}
[11.928768] (quadruped_control) StderrLine: {'line': b'      |                                                              \x1b[01;31m\x1b[K^\x1b[m\x1b[K\n'}
[11.928962] (quadruped_control) StderrLine: {'line': b'In file included from \x1b[01m\x1b[K/home/jonnydang2004/QUADRAPED/src/quadruped_control/src/motor_config.cpp:7\x1b[m\x1b[K:\n'}
[11.929183] (quadruped_control) StderrLine: {'line': b'\x1b[01m\x1b[K/home/jonnydang2004/QUADRAPED/src/quadruped_control/src/servo.h:5:7:\x1b[m\x1b[K \x1b[01;36m\x1b[Knote: \x1b[m\x1b[Kcandidate: \xe2\x80\x98\x1b[01m\x1b[Kconstexpr Servo& Servo::operator=(const Servo&)\x1b[m\x1b[K\xe2\x80\x99 (near match)\n'}
[11.929348] (quadruped_control) StderrLine: {'line': b'    5 | class \x1b[01;36m\x1b[KServo\x1b[m\x1b[K {\n'}
[11.929507] (quadruped_control) StderrLine: {'line': b'      |       \x1b[01;36m\x1b[K^~~~~\x1b[m\x1b[K\n'}
[11.929651] (quadruped_control) StderrLine: {'line': b'\x1b[01m\x1b[K/home/jonnydang2004/QUADRAPED/src/quadruped_control/src/servo.h:5:7:\x1b[m\x1b[K \x1b[01;36m\x1b[Knote: \x1b[m\x1b[K  conversion of argument 1 would be ill-formed:\n'}
[11.929869] (quadruped_control) StderrLine: {'line': b'\x1b[01m\x1b[K/home/jonnydang2004/QUADRAPED/src/quadruped_control/src/motor_config.cpp:51:35:\x1b[m\x1b[K \x1b[01;31m\x1b[Kerror: \x1b[m\x1b[Kinvalid user-defined conversion from \xe2\x80\x98\x1b[01m\x1b[KServo*\x1b[m\x1b[K\xe2\x80\x99 to \xe2\x80\x98\x1b[01m\x1b[Kconst Servo&\x1b[m\x1b[K\xe2\x80\x99 [\x1b[01;31m\x1b[K\x1b]8;;https://gcc.gnu.org/onlinedocs/gcc/Warning-Options.html#index-fpermissive\x07-fpermissive\x1b]8;;\x07\x1b[m\x1b[K]\n'}
[11.930084] (quadruped_control) StderrLine: {'line': b'   51 |         front_right_upper_servo = \x1b[01;31m\x1b[Knew Servo(front_right_upper)\x1b[m\x1b[K;\n'}
[11.930293] (quadruped_control) StderrLine: {'line': b'      |                                   \x1b[01;31m\x1b[K^~~~~~~~~~~~~~~~~~~~~~~~~~~~\x1b[m\x1b[K\n'}
[11.930500] (quadruped_control) StderrLine: {'line': b'In file included from \x1b[01m\x1b[K/home/jonnydang2004/QUADRAPED/src/quadruped_control/src/motor_config.cpp:7\x1b[m\x1b[K:\n'}
[11.930824] (quadruped_control) StderrLine: {'line': b'\x1b[01m\x1b[K/home/jonnydang2004/QUADRAPED/src/quadruped_control/src/servo.h:7:5:\x1b[m\x1b[K \x1b[01;36m\x1b[Knote: \x1b[m\x1b[Kcandidate is: \xe2\x80\x98\x1b[01m\x1b[KServo::Servo(uint8_t)\x1b[m\x1b[K\xe2\x80\x99 (near match)\n'}
[11.931124] (quadruped_control) StderrLine: {'line': b'    7 |     \x1b[01;36m\x1b[KServo\x1b[m\x1b[K(uint8_t gp);\n'}
[11.931458] (quadruped_control) StderrLine: {'line': b'      |     \x1b[01;36m\x1b[K^~~~~\x1b[m\x1b[K\n'}
[11.931647] (quadruped_control) StderrLine: {'line': b'\x1b[01m\x1b[K/home/jonnydang2004/QUADRAPED/src/quadruped_control/src/servo.h:7:5:\x1b[m\x1b[K \x1b[01;36m\x1b[Knote: \x1b[m\x1b[K  conversion of argument 1 would be ill-formed:\n'}
[11.931912] (quadruped_control) StderrLine: {'line': b'\x1b[01m\x1b[K/home/jonnydang2004/QUADRAPED/src/quadruped_control/src/motor_config.cpp:51:35:\x1b[m\x1b[K \x1b[01;31m\x1b[Kerror: \x1b[m\x1b[Kinvalid conversion from \xe2\x80\x98\x1b[01m\x1b[KServo*\x1b[m\x1b[K\xe2\x80\x99 to \xe2\x80\x98\x1b[01m\x1b[Kuint8_t\x1b[m\x1b[K\xe2\x80\x99 {aka \xe2\x80\x98\x1b[01m\x1b[Kunsigned char\x1b[m\x1b[K\xe2\x80\x99} [\x1b[01;31m\x1b[K\x1b]8;;https://gcc.gnu.org/onlinedocs/gcc/Warning-Options.html#index-fpermissive\x07-fpermissive\x1b]8;;\x07\x1b[m\x1b[K]\n'}
[11.932121] (quadruped_control) StderrLine: {'line': b'   51 |         front_right_upper_servo = \x1b[01;31m\x1b[Knew Servo(front_right_upper)\x1b[m\x1b[K;\n'}
[11.932301] (quadruped_control) StderrLine: {'line': b'      |                                   \x1b[01;31m\x1b[K^~~~~~~~~~~~~~~~~~~~~~~~~~~~\x1b[m\x1b[K\n'}
[11.932470] (quadruped_control) StderrLine: {'line': b'      |                                   \x1b[01;31m\x1b[K|\x1b[m\x1b[K\n'}
[11.932623] (quadruped_control) StderrLine: {'line': b'      |                                   \x1b[01;31m\x1b[KServo*\x1b[m\x1b[K\n'}
[11.932838] (quadruped_control) StderrLine: {'line': b'\x1b[01m\x1b[K/home/jonnydang2004/QUADRAPED/src/quadruped_control/src/motor_config.cpp:51:35:\x1b[m\x1b[K \x1b[01;31m\x1b[Kerror: \x1b[m\x1b[Kinvalid conversion from \xe2\x80\x98\x1b[01m\x1b[KServo*\x1b[m\x1b[K\xe2\x80\x99 to \xe2\x80\x98\x1b[01m\x1b[Kuint8_t\x1b[m\x1b[K\xe2\x80\x99 {aka \xe2\x80\x98\x1b[01m\x1b[Kunsigned char\x1b[m\x1b[K\xe2\x80\x99} [\x1b[01;31m\x1b[K\x1b]8;;https://gcc.gnu.org/onlinedocs/gcc/Warning-Options.html#index-fpermissive\x07-fpermissive\x1b]8;;\x07\x1b[m\x1b[K]\n'}
[11.933010] (quadruped_control) StderrLine: {'line': b'   51 |         front_right_upper_servo = \x1b[01;31m\x1b[Knew Servo(front_right_upper)\x1b[m\x1b[K;\n'}
[11.933159] (quadruped_control) StderrLine: {'line': b'      |                                   \x1b[01;31m\x1b[K^~~~~~~~~~~~~~~~~~~~~~~~~~~~\x1b[m\x1b[K\n'}
[11.933303] (quadruped_control) StderrLine: {'line': b'      |                                   \x1b[01;31m\x1b[K|\x1b[m\x1b[K\n'}
[11.933440] (quadruped_control) StderrLine: {'line': b'      |                                   \x1b[01;31m\x1b[KServo*\x1b[m\x1b[K\n'}
[11.933578] (quadruped_control) StderrLine: {'line': b'In file included from \x1b[01m\x1b[K/home/jonnydang2004/QUADRAPED/src/quadruped_control/src/motor_config.cpp:7\x1b[m\x1b[K:\n'}
[11.933813] (quadruped_control) StderrLine: {'line': b'\x1b[01m\x1b[K/home/jonnydang2004/QUADRAPED/src/quadruped_control/src/servo.h:7:19:\x1b[m\x1b[K \x1b[01;36m\x1b[Knote: \x1b[m\x1b[K  initializing argument 1 of \xe2\x80\x98\x1b[01m\x1b[KServo::Servo(uint8_t)\x1b[m\x1b[K\xe2\x80\x99\n'}
[11.934024] (quadruped_control) StderrLine: {'line': b'    7 |     Servo(\x1b[01;36m\x1b[Kuint8_t gp\x1b[m\x1b[K);\n'}
[11.936401] (quadruped_control) StderrLine: {'line': b'      |           \x1b[01;36m\x1b[K~~~~~~~~^~\x1b[m\x1b[K\n'}
[11.936621] (quadruped_control) StderrLine: {'line': b'\x1b[01m\x1b[K/home/jonnydang2004/QUADRAPED/src/quadruped_control/src/servo.h:5:7:\x1b[m\x1b[K \x1b[01;36m\x1b[Knote: \x1b[m\x1b[Kcandidate: \xe2\x80\x98\x1b[01m\x1b[Kconstexpr Servo& Servo::operator=(Servo&&)\x1b[m\x1b[K\xe2\x80\x99 (near match)\n'}
[11.936846] (quadruped_control) StderrLine: {'line': b'    5 | class \x1b[01;36m\x1b[KServo\x1b[m\x1b[K {\n'}
[11.937009] (quadruped_control) StderrLine: {'line': b'      |       \x1b[01;36m\x1b[K^~~~~\x1b[m\x1b[K\n'}
[11.937194] (quadruped_control) StderrLine: {'line': b'\x1b[01m\x1b[K/home/jonnydang2004/QUADRAPED/src/quadruped_control/src/servo.h:5:7:\x1b[m\x1b[K \x1b[01;36m\x1b[Knote: \x1b[m\x1b[K  conversion of argument 1 would be ill-formed:\n'}
[11.937356] (quadruped_control) StderrLine: {'line': b'\x1b[01m\x1b[K/home/jonnydang2004/QUADRAPED/src/quadruped_control/src/motor_config.cpp:51:35:\x1b[m\x1b[K \x1b[01;31m\x1b[Kerror: \x1b[m\x1b[Kinvalid user-defined conversion from \xe2\x80\x98\x1b[01m\x1b[KServo*\x1b[m\x1b[K\xe2\x80\x99 to \xe2\x80\x98\x1b[01m\x1b[KServo&&\x1b[m\x1b[K\xe2\x80\x99 [\x1b[01;31m\x1b[K\x1b]8;;https://gcc.gnu.org/onlinedocs/gcc/Warning-Options.html#index-fpermissive\x07-fpermissive\x1b]8;;\x07\x1b[m\x1b[K]\n'}
[11.937541] (quadruped_control) StderrLine: {'line': b'   51 |         front_right_upper_servo = \x1b[01;31m\x1b[Knew Servo(front_right_upper)\x1b[m\x1b[K;\n'}
[11.937726] (quadruped_control) StderrLine: {'line': b'      |                                   \x1b[01;31m\x1b[K^~~~~~~~~~~~~~~~~~~~~~~~~~~~\x1b[m\x1b[K\n'}
[11.937909] (quadruped_control) StderrLine: {'line': b'In file included from \x1b[01m\x1b[K/home/jonnydang2004/QUADRAPED/src/quadruped_control/src/motor_config.cpp:7\x1b[m\x1b[K:\n'}
[11.938061] (quadruped_control) StderrLine: {'line': b'\x1b[01m\x1b[K/home/jonnydang2004/QUADRAPED/src/quadruped_control/src/servo.h:7:5:\x1b[m\x1b[K \x1b[01;36m\x1b[Knote: \x1b[m\x1b[Kcandidate is: \xe2\x80\x98\x1b[01m\x1b[KServo::Servo(uint8_t)\x1b[m\x1b[K\xe2\x80\x99 (near match)\n'}
[11.938207] (quadruped_control) StderrLine: {'line': b'    7 |     \x1b[01;36m\x1b[KServo\x1b[m\x1b[K(uint8_t gp);\n'}
[11.938345] (quadruped_control) StderrLine: {'line': b'      |     \x1b[01;36m\x1b[K^~~~~\x1b[m\x1b[K\n'}
[11.938481] (quadruped_control) StderrLine: {'line': b'\x1b[01m\x1b[K/home/jonnydang2004/QUADRAPED/src/quadruped_control/src/servo.h:7:5:\x1b[m\x1b[K \x1b[01;36m\x1b[Knote: \x1b[m\x1b[K  conversion of argument 1 would be ill-formed:\n'}
[11.938621] (quadruped_control) StderrLine: {'line': b'\x1b[01m\x1b[K/home/jonnydang2004/QUADRAPED/src/quadruped_control/src/motor_config.cpp:51:35:\x1b[m\x1b[K \x1b[01;31m\x1b[Kerror: \x1b[m\x1b[Kinvalid conversion from \xe2\x80\x98\x1b[01m\x1b[KServo*\x1b[m\x1b[K\xe2\x80\x99 to \xe2\x80\x98\x1b[01m\x1b[Kuint8_t\x1b[m\x1b[K\xe2\x80\x99 {aka \xe2\x80\x98\x1b[01m\x1b[Kunsigned char\x1b[m\x1b[K\xe2\x80\x99} [\x1b[01;31m\x1b[K\x1b]8;;https://gcc.gnu.org/onlinedocs/gcc/Warning-Options.html#index-fpermissive\x07-fpermissive\x1b]8;;\x07\x1b[m\x1b[K]\n'}
[11.939102] (quadruped_control) StderrLine: {'line': b'   51 |         front_right_upper_servo = \x1b[01;31m\x1b[Knew Servo(front_right_upper)\x1b[m\x1b[K;\n'}
[11.939293] (quadruped_control) StderrLine: {'line': b'      |                                   \x1b[01;31m\x1b[K^~~~~~~~~~~~~~~~~~~~~~~~~~~~\x1b[m\x1b[K\n'}
[11.939453] (quadruped_control) StderrLine: {'line': b'      |                                   \x1b[01;31m\x1b[K|\x1b[m\x1b[K\n'}
[11.939604] (quadruped_control) StderrLine: {'line': b'      |                                   \x1b[01;31m\x1b[KServo*\x1b[m\x1b[K\n'}
[11.939885] (quadruped_control) StderrLine: {'line': b'\x1b[01m\x1b[K/home/jonnydang2004/QUADRAPED/src/quadruped_control/src/motor_config.cpp:51:35:\x1b[m\x1b[K \x1b[01;31m\x1b[Kerror: \x1b[m\x1b[Kinvalid conversion from \xe2\x80\x98\x1b[01m\x1b[KServo*\x1b[m\x1b[K\xe2\x80\x99 to \xe2\x80\x98\x1b[01m\x1b[Kuint8_t\x1b[m\x1b[K\xe2\x80\x99 {aka \xe2\x80\x98\x1b[01m\x1b[Kunsigned char\x1b[m\x1b[K\xe2\x80\x99} [\x1b[01;31m\x1b[K\x1b]8;;https://gcc.gnu.org/onlinedocs/gcc/Warning-Options.html#index-fpermissive\x07-fpermissive\x1b]8;;\x07\x1b[m\x1b[K]\n'}
[11.940059] (quadruped_control) StderrLine: {'line': b'   51 |         front_right_upper_servo = \x1b[01;31m\x1b[Knew Servo(front_right_upper)\x1b[m\x1b[K;\n'}
[11.940210] (quadruped_control) StderrLine: {'line': b'      |                                   \x1b[01;31m\x1b[K^~~~~~~~~~~~~~~~~~~~~~~~~~~~\x1b[m\x1b[K\n'}
[11.940352] (quadruped_control) StderrLine: {'line': b'      |                                   \x1b[01;31m\x1b[K|\x1b[m\x1b[K\n'}
[11.940495] (quadruped_control) StderrLine: {'line': b'      |                                   \x1b[01;31m\x1b[KServo*\x1b[m\x1b[K\n'}
[11.940637] (quadruped_control) StderrLine: {'line': b'In file included from \x1b[01m\x1b[K/home/jonnydang2004/QUADRAPED/src/quadruped_control/src/motor_config.cpp:7\x1b[m\x1b[K:\n'}
[11.940838] (quadruped_control) StderrLine: {'line': b'\x1b[01m\x1b[K/home/jonnydang2004/QUADRAPED/src/quadruped_control/src/servo.h:7:19:\x1b[m\x1b[K \x1b[01;36m\x1b[Knote: \x1b[m\x1b[K  initializing argument 1 of \xe2\x80\x98\x1b[01m\x1b[KServo::Servo(uint8_t)\x1b[m\x1b[K\xe2\x80\x99\n'}
[11.941007] (quadruped_control) StderrLine: {'line': b'    7 |     Servo(\x1b[01;36m\x1b[Kuint8_t gp\x1b[m\x1b[K);\n'}
[11.941152] (quadruped_control) StderrLine: {'line': b'      |           \x1b[01;36m\x1b[K~~~~~~~~^~\x1b[m\x1b[K\n'}
[11.941297] (quadruped_control) StderrLine: {'line': b'\x1b[01m\x1b[K/home/jonnydang2004/QUADRAPED/src/quadruped_control/src/motor_config.cpp:52:62:\x1b[m\x1b[K \x1b[01;31m\x1b[Kerror: \x1b[m\x1b[Kambiguous overload for \xe2\x80\x98\x1b[01m\x1b[Koperator=\x1b[m\x1b[K\xe2\x80\x99 (operand types are \xe2\x80\x98\x1b[01m\x1b[KServo\x1b[m\x1b[K\xe2\x80\x99 and \xe2\x80\x98\x1b[01m\x1b[KServo*\x1b[m\x1b[K\xe2\x80\x99)\n'}
[11.941450] (quadruped_control) StderrLine: {'line': b'   52 |         front_right_lower_servo = new Servo(front_right_lower\x1b[01;31m\x1b[K)\x1b[m\x1b[K;\n'}
[11.941593] (quadruped_control) StderrLine: {'line': b'      |                                                              \x1b[01;31m\x1b[K^\x1b[m\x1b[K\n'}
[11.942020] (quadruped_control) StderrLine: {'line': b'In file included from \x1b[01m\x1b[K/home/jonnydang2004/QUADRAPED/src/quadruped_control/src/motor_config.cpp:7\x1b[m\x1b[K:\n'}
[11.942203] (quadruped_control) StderrLine: {'line': b'\x1b[01m\x1b[K/home/jonnydang2004/QUADRAPED/src/quadruped_control/src/servo.h:5:7:\x1b[m\x1b[K \x1b[01;36m\x1b[Knote: \x1b[m\x1b[Kcandidate: \xe2\x80\x98\x1b[01m\x1b[Kconstexpr Servo& Servo::operator=(const Servo&)\x1b[m\x1b[K\xe2\x80\x99 (near match)\n'}
[11.942360] (quadruped_control) StderrLine: {'line': b'    5 | class \x1b[01;36m\x1b[KServo\x1b[m\x1b[K {\n'}
[11.942509] (quadruped_control) StderrLine: {'line': b'      |       \x1b[01;36m\x1b[K^~~~~\x1b[m\x1b[K\n'}
[11.942653] (quadruped_control) StderrLine: {'line': b'\x1b[01m\x1b[K/home/jonnydang2004/QUADRAPED/src/quadruped_control/src/servo.h:5:7:\x1b[m\x1b[K \x1b[01;36m\x1b[Knote: \x1b[m\x1b[K  conversion of argument 1 would be ill-formed:\n'}
[11.943002] (quadruped_control) StderrLine: {'line': b'\x1b[01m\x1b[K/home/jonnydang2004/QUADRAPED/src/quadruped_control/src/motor_config.cpp:52:35:\x1b[m\x1b[K \x1b[01;31m\x1b[Kerror: \x1b[m\x1b[Kinvalid user-defined conversion from \xe2\x80\x98\x1b[01m\x1b[KServo*\x1b[m\x1b[K\xe2\x80\x99 to \xe2\x80\x98\x1b[01m\x1b[Kconst Servo&\x1b[m\x1b[K\xe2\x80\x99 [\x1b[01;31m\x1b[K\x1b]8;;https://gcc.gnu.org/onlinedocs/gcc/Warning-Options.html#index-fpermissive\x07-fpermissive\x1b]8;;\x07\x1b[m\x1b[K]\n'}
[11.943177] (quadruped_control) StderrLine: {'line': b'   52 |         front_right_lower_servo = \x1b[01;31m\x1b[Knew Servo(front_right_lower)\x1b[m\x1b[K;\n'}
[11.943319] (quadruped_control) StderrLine: {'line': b'      |                                   \x1b[01;31m\x1b[K^~~~~~~~~~~~~~~~~~~~~~~~~~~~\x1b[m\x1b[K\n'}
[11.943453] (quadruped_control) StderrLine: {'line': b'In file included from \x1b[01m\x1b[K/home/jonnydang2004/QUADRAPED/src/quadruped_control/src/motor_config.cpp:7\x1b[m\x1b[K:\n'}
[11.943585] (quadruped_control) StderrLine: {'line': b'\x1b[01m\x1b[K/home/jonnydang2004/QUADRAPED/src/quadruped_control/src/servo.h:7:5:\x1b[m\x1b[K \x1b[01;36m\x1b[Knote: \x1b[m\x1b[Kcandidate is: \xe2\x80\x98\x1b[01m\x1b[KServo::Servo(uint8_t)\x1b[m\x1b[K\xe2\x80\x99 (near match)\n'}
[11.943790] (quadruped_control) StderrLine: {'line': b'    7 |     \x1b[01;36m\x1b[KServo\x1b[m\x1b[K(uint8_t gp);\n'}
[11.943939] (quadruped_control) StderrLine: {'line': b'      |     \x1b[01;36m\x1b[K^~~~~\x1b[m\x1b[K\n'}
[11.944085] (quadruped_control) StderrLine: {'line': b'\x1b[01m\x1b[K/home/jonnydang2004/QUADRAPED/src/quadruped_control/src/servo.h:7:5:\x1b[m\x1b[K \x1b[01;36m\x1b[Knote: \x1b[m\x1b[K  conversion of argument 1 would be ill-formed:\n'}
[11.944269] (quadruped_control) StderrLine: {'line': b'\x1b[01m\x1b[K/home/jonnydang2004/QUADRAPED/src/quadruped_control/src/motor_config.cpp:52:35:\x1b[m\x1b[K \x1b[01;31m\x1b[Kerror: \x1b[m\x1b[Kinvalid conversion from \xe2\x80\x98\x1b[01m\x1b[KServo*\x1b[m\x1b[K\xe2\x80\x99 to \xe2\x80\x98\x1b[01m\x1b[Kuint8_t\x1b[m\x1b[K\xe2\x80\x99 {aka \xe2\x80\x98\x1b[01m\x1b[Kunsigned char\x1b[m\x1b[K\xe2\x80\x99} [\x1b[01;31m\x1b[K\x1b]8;;https://gcc.gnu.org/onlinedocs/gcc/Warning-Options.html#index-fpermissive\x07-fpermissive\x1b]8;;\x07\x1b[m\x1b[K]\n'}
[11.944444] (quadruped_control) StderrLine: {'line': b'   52 |         front_right_lower_servo = \x1b[01;31m\x1b[Knew Servo(front_right_lower)\x1b[m\x1b[K;\n'}
[11.944586] (quadruped_control) StderrLine: {'line': b'      |                                   \x1b[01;31m\x1b[K^~~~~~~~~~~~~~~~~~~~~~~~~~~~\x1b[m\x1b[K\n'}
[11.944766] (quadruped_control) StderrLine: {'line': b'      |                                   \x1b[01;31m\x1b[K|\x1b[m\x1b[K\n'}
[11.944917] (quadruped_control) StderrLine: {'line': b'      |                                   \x1b[01;31m\x1b[KServo*\x1b[m\x1b[K\n'}
[11.945054] (quadruped_control) StderrLine: {'line': b'\x1b[01m\x1b[K/home/jonnydang2004/QUADRAPED/src/quadruped_control/src/motor_config.cpp:52:35:\x1b[m\x1b[K \x1b[01;31m\x1b[Kerror: \x1b[m\x1b[Kinvalid conversion from \xe2\x80\x98\x1b[01m\x1b[KServo*\x1b[m\x1b[K\xe2\x80\x99 to \xe2\x80\x98\x1b[01m\x1b[Kuint8_t\x1b[m\x1b[K\xe2\x80\x99 {aka \xe2\x80\x98\x1b[01m\x1b[Kunsigned char\x1b[m\x1b[K\xe2\x80\x99} [\x1b[01;31m\x1b[K\x1b]8;;https://gcc.gnu.org/onlinedocs/gcc/Warning-Options.html#index-fpermissive\x07-fpermissive\x1b]8;;\x07\x1b[m\x1b[K]\n'}
[11.945197] (quadruped_control) StderrLine: {'line': b'   52 |         front_right_lower_servo = \x1b[01;31m\x1b[Knew Servo(front_right_lower)\x1b[m\x1b[K;\n'}
[11.945328] (quadruped_control) StderrLine: {'line': b'      |                                   \x1b[01;31m\x1b[K^~~~~~~~~~~~~~~~~~~~~~~~~~~~\x1b[m\x1b[K\n'}
[11.945458] (quadruped_control) StderrLine: {'line': b'      |                                   \x1b[01;31m\x1b[K|\x1b[m\x1b[K\n'}
[11.945629] (quadruped_control) StderrLine: {'line': b'      |                                   \x1b[01;31m\x1b[KServo*\x1b[m\x1b[K\n'}
[11.947292] (quadruped_control) StderrLine: {'line': b'In file included from \x1b[01m\x1b[K/home/jonnydang2004/QUADRAPED/src/quadruped_control/src/motor_config.cpp:7\x1b[m\x1b[K:\n'}
[11.947810] (quadruped_control) StderrLine: {'line': b'\x1b[01m\x1b[K/home/jonnydang2004/QUADRAPED/src/quadruped_control/src/servo.h:7:19:\x1b[m\x1b[K \x1b[01;36m\x1b[Knote: \x1b[m\x1b[K  initializing argument 1 of \xe2\x80\x98\x1b[01m\x1b[KServo::Servo(uint8_t)\x1b[m\x1b[K\xe2\x80\x99\n'}
[11.948012] (quadruped_control) StderrLine: {'line': b'    7 |     Servo(\x1b[01;36m\x1b[Kuint8_t gp\x1b[m\x1b[K);\n'}
[11.948448] (quadruped_control) StderrLine: {'line': b'      |           \x1b[01;36m\x1b[K~~~~~~~~^~\x1b[m\x1b[K\n'}
[11.948850] (quadruped_control) StderrLine: {'line': b'\x1b[01m\x1b[K/home/jonnydang2004/QUADRAPED/src/quadruped_control/src/servo.h:5:7:\x1b[m\x1b[K \x1b[01;36m\x1b[Knote: \x1b[m\x1b[Kcandidate: \xe2\x80\x98\x1b[01m\x1b[Kconstexpr Servo& Servo::operator=(Servo&&)\x1b[m\x1b[K\xe2\x80\x99 (near match)\n'}
[11.949069] (quadruped_control) StderrLine: {'line': b'    5 | class \x1b[01;36m\x1b[KServo\x1b[m\x1b[K {\n'}
[11.949546] (quadruped_control) StderrLine: {'line': b'      |       \x1b[01;36m\x1b[K^~~~~\x1b[m\x1b[K\n'}
[11.949803] (quadruped_control) StderrLine: {'line': b'\x1b[01m\x1b[K/home/jonnydang2004/QUADRAPED/src/quadruped_control/src/servo.h:5:7:\x1b[m\x1b[K \x1b[01;36m\x1b[Knote: \x1b[m\x1b[K  conversion of argument 1 would be ill-formed:\n'}
[11.950027] (quadruped_control) StderrLine: {'line': b'\x1b[01m\x1b[K/home/jonnydang2004/QUADRAPED/src/quadruped_control/src/motor_config.cpp:52:35:\x1b[m\x1b[K \x1b[01;31m\x1b[Kerror: \x1b[m\x1b[Kinvalid user-defined conversion from \xe2\x80\x98\x1b[01m\x1b[KServo*\x1b[m\x1b[K\xe2\x80\x99 to \xe2\x80\x98\x1b[01m\x1b[KServo&&\x1b[m\x1b[K\xe2\x80\x99 [\x1b[01;31m\x1b[K\x1b]8;;https://gcc.gnu.org/onlinedocs/gcc/Warning-Options.html#index-fpermissive\x07-fpermissive\x1b]8;;\x07\x1b[m\x1b[K]\n'}
[11.950246] (quadruped_control) StderrLine: {'line': b'   52 |         front_right_lower_servo = \x1b[01;31m\x1b[Knew Servo(front_right_lower)\x1b[m\x1b[K;\n'}
[11.950472] (quadruped_control) StderrLine: {'line': b'      |                                   \x1b[01;31m\x1b[K^~~~~~~~~~~~~~~~~~~~~~~~~~~~\x1b[m\x1b[K\n'}
[11.950677] (quadruped_control) StderrLine: {'line': b'In file included from \x1b[01m\x1b[K/home/jonnydang2004/QUADRAPED/src/quadruped_control/src/motor_config.cpp:7\x1b[m\x1b[K:\n'}
[11.950916] (quadruped_control) StderrLine: {'line': b'\x1b[01m\x1b[K/home/jonnydang2004/QUADRAPED/src/quadruped_control/src/servo.h:7:5:\x1b[m\x1b[K \x1b[01;36m\x1b[Knote: \x1b[m\x1b[Kcandidate is: \xe2\x80\x98\x1b[01m\x1b[KServo::Servo(uint8_t)\x1b[m\x1b[K\xe2\x80\x99 (near match)\n'}
[11.951119] (quadruped_control) StderrLine: {'line': b'    7 |     \x1b[01;36m\x1b[KServo\x1b[m\x1b[K(uint8_t gp);\n'}
[11.951292] (quadruped_control) StderrLine: {'line': b'      |     \x1b[01;36m\x1b[K^~~~~\x1b[m\x1b[K\n'}
[11.951466] (quadruped_control) StderrLine: {'line': b'\x1b[01m\x1b[K/home/jonnydang2004/QUADRAPED/src/quadruped_control/src/servo.h:7:5:\x1b[m\x1b[K \x1b[01;36m\x1b[Knote: \x1b[m\x1b[K  conversion of argument 1 would be ill-formed:\n'}
[11.951663] (quadruped_control) StderrLine: {'line': b'\x1b[01m\x1b[K/home/jonnydang2004/QUADRAPED/src/quadruped_control/src/motor_config.cpp:52:35:\x1b[m\x1b[K \x1b[01;31m\x1b[Kerror: \x1b[m\x1b[Kinvalid conversion from \xe2\x80\x98\x1b[01m\x1b[KServo*\x1b[m\x1b[K\xe2\x80\x99 to \xe2\x80\x98\x1b[01m\x1b[Kuint8_t\x1b[m\x1b[K\xe2\x80\x99 {aka \xe2\x80\x98\x1b[01m\x1b[Kunsigned char\x1b[m\x1b[K\xe2\x80\x99} [\x1b[01;31m\x1b[K\x1b]8;;https://gcc.gnu.org/onlinedocs/gcc/Warning-Options.html#index-fpermissive\x07-fpermissive\x1b]8;;\x07\x1b[m\x1b[K]\n'}
[11.951946] (quadruped_control) StderrLine: {'line': b'   52 |         front_right_lower_servo = \x1b[01;31m\x1b[Knew Servo(front_right_lower)\x1b[m\x1b[K;\n'}
[11.952148] (quadruped_control) StderrLine: {'line': b'      |                                   \x1b[01;31m\x1b[K^~~~~~~~~~~~~~~~~~~~~~~~~~~~\x1b[m\x1b[K\n'}
[11.952331] (quadruped_control) StderrLine: {'line': b'      |                                   \x1b[01;31m\x1b[K|\x1b[m\x1b[K\n'}
[11.952538] (quadruped_control) StderrLine: {'line': b'      |                                   \x1b[01;31m\x1b[KServo*\x1b[m\x1b[K\n'}
[11.952768] (quadruped_control) StderrLine: {'line': b'\x1b[01m\x1b[K/home/jonnydang2004/QUADRAPED/src/quadruped_control/src/motor_config.cpp:52:35:\x1b[m\x1b[K \x1b[01;31m\x1b[Kerror: \x1b[m\x1b[Kinvalid conversion from \xe2\x80\x98\x1b[01m\x1b[KServo*\x1b[m\x1b[K\xe2\x80\x99 to \xe2\x80\x98\x1b[01m\x1b[Kuint8_t\x1b[m\x1b[K\xe2\x80\x99 {aka \xe2\x80\x98\x1b[01m\x1b[Kunsigned char\x1b[m\x1b[K\xe2\x80\x99} [\x1b[01;31m\x1b[K\x1b]8;;https://gcc.gnu.org/onlinedocs/gcc/Warning-Options.html#index-fpermissive\x07-fpermissive\x1b]8;;\x07\x1b[m\x1b[K]\n'}
[11.953021] (quadruped_control) StderrLine: {'line': b'   52 |         front_right_lower_servo = \x1b[01;31m\x1b[Knew Servo(front_right_lower)\x1b[m\x1b[K;\n'}
[11.953224] (quadruped_control) StderrLine: {'line': b'      |                                   \x1b[01;31m\x1b[K^~~~~~~~~~~~~~~~~~~~~~~~~~~~\x1b[m\x1b[K\n'}
[11.953412] (quadruped_control) StderrLine: {'line': b'      |                                   \x1b[01;31m\x1b[K|\x1b[m\x1b[K\n'}
[11.953603] (quadruped_control) StderrLine: {'line': b'      |                                   \x1b[01;31m\x1b[KServo*\x1b[m\x1b[K\n'}
[11.953854] (quadruped_control) StderrLine: {'line': b'In file included from \x1b[01m\x1b[K/home/jonnydang2004/QUADRAPED/src/quadruped_control/src/motor_config.cpp:7\x1b[m\x1b[K:\n'}
[11.954047] (quadruped_control) StderrLine: {'line': b'\x1b[01m\x1b[K/home/jonnydang2004/QUADRAPED/src/quadruped_control/src/servo.h:7:19:\x1b[m\x1b[K \x1b[01;36m\x1b[Knote: \x1b[m\x1b[K  initializing argument 1 of \xe2\x80\x98\x1b[01m\x1b[KServo::Servo(uint8_t)\x1b[m\x1b[K\xe2\x80\x99\n'}
[11.954247] (quadruped_control) StderrLine: {'line': b'    7 |     Servo(\x1b[01;36m\x1b[Kuint8_t gp\x1b[m\x1b[K);\n'}
[11.954443] (quadruped_control) StderrLine: {'line': b'      |           \x1b[01;36m\x1b[K~~~~~~~~^~\x1b[m\x1b[K\n'}
[11.954705] (quadruped_control) StderrLine: {'line': b'\x1b[01m\x1b[K/home/jonnydang2004/QUADRAPED/src/quadruped_control/src/motor_config.cpp:54:58:\x1b[m\x1b[K \x1b[01;31m\x1b[Kerror: \x1b[m\x1b[Kambiguous overload for \xe2\x80\x98\x1b[01m\x1b[Koperator=\x1b[m\x1b[K\xe2\x80\x99 (operand types are \xe2\x80\x98\x1b[01m\x1b[KServo\x1b[m\x1b[K\xe2\x80\x99 and \xe2\x80\x98\x1b[01m\x1b[KServo*\x1b[m\x1b[K\xe2\x80\x99)\n'}
[11.954917] (quadruped_control) StderrLine: {'line': b'   54 |         back_left_upper_servo = new Servo(back_left_upper\x1b[01;31m\x1b[K)\x1b[m\x1b[K;\n'}
[11.955101] (quadruped_control) StderrLine: {'line': b'      |                                                          \x1b[01;31m\x1b[K^\x1b[m\x1b[K\n'}
[11.955286] (quadruped_control) StderrLine: {'line': b'In file included from \x1b[01m\x1b[K/home/jonnydang2004/QUADRAPED/src/quadruped_control/src/motor_config.cpp:7\x1b[m\x1b[K:\n'}
[11.955471] (quadruped_control) StderrLine: {'line': b'\x1b[01m\x1b[K/home/jonnydang2004/QUADRAPED/src/quadruped_control/src/servo.h:5:7:\x1b[m\x1b[K \x1b[01;36m\x1b[Knote: \x1b[m\x1b[Kcandidate: \xe2\x80\x98\x1b[01m\x1b[Kconstexpr Servo& Servo::operator=(const Servo&)\x1b[m\x1b[K\xe2\x80\x99 (near match)\n'}
[11.955661] (quadruped_control) StderrLine: {'line': b'    5 | class \x1b[01;36m\x1b[KServo\x1b[m\x1b[K {\n'}
[11.956065] (quadruped_control) StderrLine: {'line': b'      |       \x1b[01;36m\x1b[K^~~~~\x1b[m\x1b[K\n'}
[11.956296] (quadruped_control) StderrLine: {'line': b'\x1b[01m\x1b[K/home/jonnydang2004/QUADRAPED/src/quadruped_control/src/servo.h:5:7:\x1b[m\x1b[K \x1b[01;36m\x1b[Knote: \x1b[m\x1b[K  conversion of argument 1 would be ill-formed:\n'}
[11.956494] (quadruped_control) StderrLine: {'line': b'\x1b[01m\x1b[K/home/jonnydang2004/QUADRAPED/src/quadruped_control/src/motor_config.cpp:54:33:\x1b[m\x1b[K \x1b[01;31m\x1b[Kerror: \x1b[m\x1b[Kinvalid user-defined conversion from \xe2\x80\x98\x1b[01m\x1b[KServo*\x1b[m\x1b[K\xe2\x80\x99 to \xe2\x80\x98\x1b[01m\x1b[Kconst Servo&\x1b[m\x1b[K\xe2\x80\x99 [\x1b[01;31m\x1b[K\x1b]8;;https://gcc.gnu.org/onlinedocs/gcc/Warning-Options.html#index-fpermissive\x07-fpermissive\x1b]8;;\x07\x1b[m\x1b[K]\n'}
[11.956869] (quadruped_control) StderrLine: {'line': b'   54 |         back_left_upper_servo = \x1b[01;31m\x1b[Knew Servo(back_left_upper)\x1b[m\x1b[K;\n'}
[11.957591] (quadruped_control) StderrLine: {'line': b'      |                                 \x1b[01;31m\x1b[K^~~~~~~~~~~~~~~~~~~~~~~~~~\x1b[m\x1b[K\n'}
[11.957888] (quadruped_control) StderrLine: {'line': b'In file included from \x1b[01m\x1b[K/home/jonnydang2004/QUADRAPED/src/quadruped_control/src/motor_config.cpp:7\x1b[m\x1b[K:\n'}
[11.958072] (quadruped_control) StderrLine: {'line': b'\x1b[01m\x1b[K/home/jonnydang2004/QUADRAPED/src/quadruped_control/src/servo.h:7:5:\x1b[m\x1b[K \x1b[01;36m\x1b[Knote: \x1b[m\x1b[Kcandidate is: \xe2\x80\x98\x1b[01m\x1b[KServo::Servo(uint8_t)\x1b[m\x1b[K\xe2\x80\x99 (near match)\n'}
[11.958262] (quadruped_control) StderrLine: {'line': b'    7 |     \x1b[01;36m\x1b[KServo\x1b[m\x1b[K(uint8_t gp);\n'}
[11.958435] (quadruped_control) StderrLine: {'line': b'      |     \x1b[01;36m\x1b[K^~~~~\x1b[m\x1b[K\n'}
[11.958607] (quadruped_control) StderrLine: {'line': b'\x1b[01m\x1b[K/home/jonnydang2004/QUADRAPED/src/quadruped_control/src/servo.h:7:5:\x1b[m\x1b[K \x1b[01;36m\x1b[Knote: \x1b[m\x1b[K  conversion of argument 1 would be ill-formed:\n'}
[11.960648] (quadruped_control) StderrLine: {'line': b'\x1b[01m\x1b[K/home/jonnydang2004/QUADRAPED/src/quadruped_control/src/motor_config.cpp:54:33:\x1b[m\x1b[K \x1b[01;31m\x1b[Kerror: \x1b[m\x1b[Kinvalid conversion from \xe2\x80\x98\x1b[01m\x1b[KServo*\x1b[m\x1b[K\xe2\x80\x99 to \xe2\x80\x98\x1b[01m\x1b[Kuint8_t\x1b[m\x1b[K\xe2\x80\x99 {aka \xe2\x80\x98\x1b[01m\x1b[Kunsigned char\x1b[m\x1b[K\xe2\x80\x99} [\x1b[01;31m\x1b[K\x1b]8;;https://gcc.gnu.org/onlinedocs/gcc/Warning-Options.html#index-fpermissive\x07-fpermissive\x1b]8;;\x07\x1b[m\x1b[K]\n'}
[11.960960] (quadruped_control) StderrLine: {'line': b'   54 |         back_left_upper_servo = \x1b[01;31m\x1b[Knew Servo(back_left_upper)\x1b[m\x1b[K;\n'}
[11.961130] (quadruped_control) StderrLine: {'line': b'      |                                 \x1b[01;31m\x1b[K^~~~~~~~~~~~~~~~~~~~~~~~~~\x1b[m\x1b[K\n'}
[11.961270] (quadruped_control) StderrLine: {'line': b'      |                                 \x1b[01;31m\x1b[K|\x1b[m\x1b[K\n'}
[11.961404] (quadruped_control) StderrLine: {'line': b'      |                                 \x1b[01;31m\x1b[KServo*\x1b[m\x1b[K\n'}
[11.964081] (quadruped_control) StderrLine: {'line': b'\x1b[01m\x1b[K/home/jonnydang2004/QUADRAPED/src/quadruped_control/src/motor_config.cpp:54:33:\x1b[m\x1b[K \x1b[01;31m\x1b[Kerror: \x1b[m\x1b[Kinvalid conversion from \xe2\x80\x98\x1b[01m\x1b[KServo*\x1b[m\x1b[K\xe2\x80\x99 to \xe2\x80\x98\x1b[01m\x1b[Kuint8_t\x1b[m\x1b[K\xe2\x80\x99 {aka \xe2\x80\x98\x1b[01m\x1b[Kunsigned char\x1b[m\x1b[K\xe2\x80\x99} [\x1b[01;31m\x1b[K\x1b]8;;https://gcc.gnu.org/onlinedocs/gcc/Warning-Options.html#index-fpermissive\x07-fpermissive\x1b]8;;\x07\x1b[m\x1b[K]\n'}
[11.964635] (quadruped_control) StderrLine: {'line': b'   54 |         back_left_upper_servo = \x1b[01;31m\x1b[Knew Servo(back_left_upper)\x1b[m\x1b[K;\n'}
[11.965515] (quadruped_control) StderrLine: {'line': b'      |                                 \x1b[01;31m\x1b[K^~~~~~~~~~~~~~~~~~~~~~~~~~\x1b[m\x1b[K\n'}
[11.966112] (quadruped_control) StderrLine: {'line': b'      |                                 \x1b[01;31m\x1b[K|\x1b[m\x1b[K\n'}
[11.966587] (quadruped_control) StderrLine: {'line': b'      |                                 \x1b[01;31m\x1b[KServo*\x1b[m\x1b[K\n'}
[11.966874] (quadruped_control) StderrLine: {'line': b'In file included from \x1b[01m\x1b[K/home/jonnydang2004/QUADRAPED/src/quadruped_control/src/motor_config.cpp:7\x1b[m\x1b[K:\n'}
[11.967277] (quadruped_control) StderrLine: {'line': b'\x1b[01m\x1b[K/home/jonnydang2004/QUADRAPED/src/quadruped_control/src/servo.h:7:19:\x1b[m\x1b[K \x1b[01;36m\x1b[Knote: \x1b[m\x1b[K  initializing argument 1 of \xe2\x80\x98\x1b[01m\x1b[KServo::Servo(uint8_t)\x1b[m\x1b[K\xe2\x80\x99\n'}
[11.967564] (quadruped_control) StderrLine: {'line': b'    7 |     Servo(\x1b[01;36m\x1b[Kuint8_t gp\x1b[m\x1b[K);\n'}
[11.967853] (quadruped_control) StderrLine: {'line': b'      |           \x1b[01;36m\x1b[K~~~~~~~~^~\x1b[m\x1b[K\n'}
[11.968888] (quadruped_control) StderrLine: {'line': b'\x1b[01m\x1b[K/home/jonnydang2004/QUADRAPED/src/quadruped_control/src/servo.h:5:7:\x1b[m\x1b[K \x1b[01;36m\x1b[Knote: \x1b[m\x1b[Kcandidate: \xe2\x80\x98\x1b[01m\x1b[Kconstexpr Servo& Servo::operator=(Servo&&)\x1b[m\x1b[K\xe2\x80\x99 (near match)\n'}
[11.969080] (quadruped_control) StderrLine: {'line': b'    5 | class \x1b[01;36m\x1b[KServo\x1b[m\x1b[K {\n'}
[11.969226] (quadruped_control) StderrLine: {'line': b'      |       \x1b[01;36m\x1b[K^~~~~\x1b[m\x1b[K\n'}
[11.969425] (quadruped_control) StderrLine: {'line': b'\x1b[01m\x1b[K/home/jonnydang2004/QUADRAPED/src/quadruped_control/src/servo.h:5:7:\x1b[m\x1b[K \x1b[01;36m\x1b[Knote: \x1b[m\x1b[K  conversion of argument 1 would be ill-formed:\n'}
[11.969576] (quadruped_control) StderrLine: {'line': b'\x1b[01m\x1b[K/home/jonnydang2004/QUADRAPED/src/quadruped_control/src/motor_config.cpp:54:33:\x1b[m\x1b[K \x1b[01;31m\x1b[Kerror: \x1b[m\x1b[Kinvalid user-defined conversion from \xe2\x80\x98\x1b[01m\x1b[KServo*\x1b[m\x1b[K\xe2\x80\x99 to \xe2\x80\x98\x1b[01m\x1b[KServo&&\x1b[m\x1b[K\xe2\x80\x99 [\x1b[01;31m\x1b[K\x1b]8;;https://gcc.gnu.org/onlinedocs/gcc/Warning-Options.html#index-fpermissive\x07-fpermissive\x1b]8;;\x07\x1b[m\x1b[K]\n'}
[11.970150] (quadruped_control) StderrLine: {'line': b'   54 |         back_left_upper_servo = \x1b[01;31m\x1b[Knew Servo(back_left_upper)\x1b[m\x1b[K;\n'}
[11.970495] (quadruped_control) StderrLine: {'line': b'      |                                 \x1b[01;31m\x1b[K^~~~~~~~~~~~~~~~~~~~~~~~~~\x1b[m\x1b[K\n'}
[11.970702] (quadruped_control) StderrLine: {'line': b'In file included from \x1b[01m\x1b[K/home/jonnydang2004/QUADRAPED/src/quadruped_control/src/motor_config.cpp:7\x1b[m\x1b[K:\n'}
[11.970935] (quadruped_control) StderrLine: {'line': b'\x1b[01m\x1b[K/home/jonnydang2004/QUADRAPED/src/quadruped_control/src/servo.h:7:5:\x1b[m\x1b[K \x1b[01;36m\x1b[Knote: \x1b[m\x1b[Kcandidate is: \xe2\x80\x98\x1b[01m\x1b[KServo::Servo(uint8_t)\x1b[m\x1b[K\xe2\x80\x99 (near match)\n'}
[11.971148] (quadruped_control) StderrLine: {'line': b'    7 |     \x1b[01;36m\x1b[KServo\x1b[m\x1b[K(uint8_t gp);\n'}
[11.972980] (quadruped_control) StderrLine: {'line': b'      |     \x1b[01;36m\x1b[K^~~~~\x1b[m\x1b[K\n'}
[11.973254] (quadruped_control) StderrLine: {'line': b'\x1b[01m\x1b[K/home/jonnydang2004/QUADRAPED/src/quadruped_control/src/servo.h:7:5:\x1b[m\x1b[K \x1b[01;36m\x1b[Knote: \x1b[m\x1b[K  conversion of argument 1 would be ill-formed:\n'}
[11.976085] (quadruped_control) StderrLine: {'line': b'\x1b[01m\x1b[K/home/jonnydang2004/QUADRAPED/src/quadruped_control/src/motor_config.cpp:54:33:\x1b[m\x1b[K \x1b[01;31m\x1b[Kerror: \x1b[m\x1b[Kinvalid conversion from \xe2\x80\x98\x1b[01m\x1b[KServo*\x1b[m\x1b[K\xe2\x80\x99 to \xe2\x80\x98\x1b[01m\x1b[Kuint8_t\x1b[m\x1b[K\xe2\x80\x99 {aka \xe2\x80\x98\x1b[01m\x1b[Kunsigned char\x1b[m\x1b[K\xe2\x80\x99} [\x1b[01;31m\x1b[K\x1b]8;;https://gcc.gnu.org/onlinedocs/gcc/Warning-Options.html#index-fpermissive\x07-fpermissive\x1b]8;;\x07\x1b[m\x1b[K]\n'}
[11.976305] (quadruped_control) StderrLine: {'line': b'   54 |         back_left_upper_servo = \x1b[01;31m\x1b[Knew Servo(back_left_upper)\x1b[m\x1b[K;\n'}
[11.976460] (quadruped_control) StderrLine: {'line': b'      |                                 \x1b[01;31m\x1b[K^~~~~~~~~~~~~~~~~~~~~~~~~~\x1b[m\x1b[K\n'}
[11.976610] (quadruped_control) StderrLine: {'line': b'      |                                 \x1b[01;31m\x1b[K|\x1b[m\x1b[K\n'}
[11.977118] (quadruped_control) StderrLine: {'line': b'      |                                 \x1b[01;31m\x1b[KServo*\x1b[m\x1b[K\n'}
[11.978183] (quadruped_control) StderrLine: {'line': b'\x1b[01m\x1b[K/home/jonnydang2004/QUADRAPED/src/quadruped_control/src/motor_config.cpp:54:33:\x1b[m\x1b[K \x1b[01;31m\x1b[Kerror: \x1b[m\x1b[Kinvalid conversion from \xe2\x80\x98\x1b[01m\x1b[KServo*\x1b[m\x1b[K\xe2\x80\x99 to \xe2\x80\x98\x1b[01m\x1b[Kuint8_t\x1b[m\x1b[K\xe2\x80\x99 {aka \xe2\x80\x98\x1b[01m\x1b[Kunsigned char\x1b[m\x1b[K\xe2\x80\x99} [\x1b[01;31m\x1b[K\x1b]8;;https://gcc.gnu.org/onlinedocs/gcc/Warning-Options.html#index-fpermissive\x07-fpermissive\x1b]8;;\x07\x1b[m\x1b[K]\n'}
[11.980844] (quadruped_control) StderrLine: {'line': b'   54 |         back_left_upper_servo = \x1b[01;31m\x1b[Knew Servo(back_left_upper)\x1b[m\x1b[K;\n'}
[11.981043] (quadruped_control) StderrLine: {'line': b'      |                                 \x1b[01;31m\x1b[K^~~~~~~~~~~~~~~~~~~~~~~~~~\x1b[m\x1b[K\n'}
[11.981214] (quadruped_control) StderrLine: {'line': b'      |                                 \x1b[01;31m\x1b[K|\x1b[m\x1b[K\n'}
[11.981353] (quadruped_control) StderrLine: {'line': b'      |                                 \x1b[01;31m\x1b[KServo*\x1b[m\x1b[K\n'}
[11.981491] (quadruped_control) StderrLine: {'line': b'In file included from \x1b[01m\x1b[K/home/jonnydang2004/QUADRAPED/src/quadruped_control/src/motor_config.cpp:7\x1b[m\x1b[K:\n'}
[11.981624] (quadruped_control) StderrLine: {'line': b'\x1b[01m\x1b[K/home/jonnydang2004/QUADRAPED/src/quadruped_control/src/servo.h:7:19:\x1b[m\x1b[K \x1b[01;36m\x1b[Knote: \x1b[m\x1b[K  initializing argument 1 of \xe2\x80\x98\x1b[01m\x1b[KServo::Servo(uint8_t)\x1b[m\x1b[K\xe2\x80\x99\n'}
[11.981990] (quadruped_control) StderrLine: {'line': b'    7 |     Servo(\x1b[01;36m\x1b[Kuint8_t gp\x1b[m\x1b[K);\n'}
[11.982247] (quadruped_control) StderrLine: {'line': b'      |           \x1b[01;36m\x1b[K~~~~~~~~^~\x1b[m\x1b[K\n'}
[11.982429] (quadruped_control) StderrLine: {'line': b'\x1b[01m\x1b[K/home/jonnydang2004/QUADRAPED/src/quadruped_control/src/motor_config.cpp:55:58:\x1b[m\x1b[K \x1b[01;31m\x1b[Kerror: \x1b[m\x1b[Kambiguous overload for \xe2\x80\x98\x1b[01m\x1b[Koperator=\x1b[m\x1b[K\xe2\x80\x99 (operand types are \xe2\x80\x98\x1b[01m\x1b[KServo\x1b[m\x1b[K\xe2\x80\x99 and \xe2\x80\x98\x1b[01m\x1b[KServo*\x1b[m\x1b[K\xe2\x80\x99)\n'}
[11.982640] (quadruped_control) StderrLine: {'line': b'   55 |         back_left_lower_servo = new Servo(back_left_lower\x1b[01;31m\x1b[K)\x1b[m\x1b[K;\n'}
[11.982884] (quadruped_control) StderrLine: {'line': b'      |                                                          \x1b[01;31m\x1b[K^\x1b[m\x1b[K\n'}
[11.983066] (quadruped_control) StderrLine: {'line': b'In file included from \x1b[01m\x1b[K/home/jonnydang2004/QUADRAPED/src/quadruped_control/src/motor_config.cpp:7\x1b[m\x1b[K:\n'}
[11.983243] (quadruped_control) StderrLine: {'line': b'\x1b[01m\x1b[K/home/jonnydang2004/QUADRAPED/src/quadruped_control/src/servo.h:5:7:\x1b[m\x1b[K \x1b[01;36m\x1b[Knote: \x1b[m\x1b[Kcandidate: \xe2\x80\x98\x1b[01m\x1b[Kconstexpr Servo& Servo::operator=(const Servo&)\x1b[m\x1b[K\xe2\x80\x99 (near match)\n'}
[11.983416] (quadruped_control) StderrLine: {'line': b'    5 | class \x1b[01;36m\x1b[KServo\x1b[m\x1b[K {\n'}
[11.983584] (quadruped_control) StderrLine: {'line': b'      |       \x1b[01;36m\x1b[K^~~~~\x1b[m\x1b[K\n'}
[11.983788] (quadruped_control) StderrLine: {'line': b'\x1b[01m\x1b[K/home/jonnydang2004/QUADRAPED/src/quadruped_control/src/servo.h:5:7:\x1b[m\x1b[K \x1b[01;36m\x1b[Knote: \x1b[m\x1b[K  conversion of argument 1 would be ill-formed:\n'}
[11.983969] (quadruped_control) StderrLine: {'line': b'\x1b[01m\x1b[K/home/jonnydang2004/QUADRAPED/src/quadruped_control/src/motor_config.cpp:55:33:\x1b[m\x1b[K \x1b[01;31m\x1b[Kerror: \x1b[m\x1b[Kinvalid user-defined conversion from \xe2\x80\x98\x1b[01m\x1b[KServo*\x1b[m\x1b[K\xe2\x80\x99 to \xe2\x80\x98\x1b[01m\x1b[Kconst Servo&\x1b[m\x1b[K\xe2\x80\x99 [\x1b[01;31m\x1b[K\x1b]8;;https://gcc.gnu.org/onlinedocs/gcc/Warning-Options.html#index-fpermissive\x07-fpermissive\x1b]8;;\x07\x1b[m\x1b[K]\n'}
[11.984144] (quadruped_control) StderrLine: {'line': b'   55 |         back_left_lower_servo = \x1b[01;31m\x1b[Knew Servo(back_left_lower)\x1b[m\x1b[K;\n'}
[11.984308] (quadruped_control) StderrLine: {'line': b'      |                                 \x1b[01;31m\x1b[K^~~~~~~~~~~~~~~~~~~~~~~~~~\x1b[m\x1b[K\n'}
[11.984472] (quadruped_control) StderrLine: {'line': b'In file included from \x1b[01m\x1b[K/home/jonnydang2004/QUADRAPED/src/quadruped_control/src/motor_config.cpp:7\x1b[m\x1b[K:\n'}
[11.984655] (quadruped_control) StderrLine: {'line': b'\x1b[01m\x1b[K/home/jonnydang2004/QUADRAPED/src/quadruped_control/src/servo.h:7:5:\x1b[m\x1b[K \x1b[01;36m\x1b[Knote: \x1b[m\x1b[Kcandidate is: \xe2\x80\x98\x1b[01m\x1b[KServo::Servo(uint8_t)\x1b[m\x1b[K\xe2\x80\x99 (near match)\n'}
[11.984890] (quadruped_control) StderrLine: {'line': b'    7 |     \x1b[01;36m\x1b[KServo\x1b[m\x1b[K(uint8_t gp);\n'}
[11.985091] (quadruped_control) StderrLine: {'line': b'      |     \x1b[01;36m\x1b[K^~~~~\x1b[m\x1b[K\n'}
[11.985278] (quadruped_control) StderrLine: {'line': b'\x1b[01m\x1b[K/home/jonnydang2004/QUADRAPED/src/quadruped_control/src/servo.h:7:5:\x1b[m\x1b[K \x1b[01;36m\x1b[Knote: \x1b[m\x1b[K  conversion of argument 1 would be ill-formed:\n'}
[11.985486] (quadruped_control) StderrLine: {'line': b'\x1b[01m\x1b[K/home/jonnydang2004/QUADRAPED/src/quadruped_control/src/motor_config.cpp:55:33:\x1b[m\x1b[K \x1b[01;31m\x1b[Kerror: \x1b[m\x1b[Kinvalid conversion from \xe2\x80\x98\x1b[01m\x1b[KServo*\x1b[m\x1b[K\xe2\x80\x99 to \xe2\x80\x98\x1b[01m\x1b[Kuint8_t\x1b[m\x1b[K\xe2\x80\x99 {aka \xe2\x80\x98\x1b[01m\x1b[Kunsigned char\x1b[m\x1b[K\xe2\x80\x99} [\x1b[01;31m\x1b[K\x1b]8;;https://gcc.gnu.org/onlinedocs/gcc/Warning-Options.html#index-fpermissive\x07-fpermissive\x1b]8;;\x07\x1b[m\x1b[K]\n'}
[11.985700] (quadruped_control) StderrLine: {'line': b'   55 |         back_left_lower_servo = \x1b[01;31m\x1b[Knew Servo(back_left_lower)\x1b[m\x1b[K;\n'}
[11.985932] (quadruped_control) StderrLine: {'line': b'      |                                 \x1b[01;31m\x1b[K^~~~~~~~~~~~~~~~~~~~~~~~~~\x1b[m\x1b[K\n'}
[11.986116] (quadruped_control) StderrLine: {'line': b'      |                                 \x1b[01;31m\x1b[K|\x1b[m\x1b[K\n'}
[11.986311] (quadruped_control) StderrLine: {'line': b'      |                                 \x1b[01;31m\x1b[KServo*\x1b[m\x1b[K\n'}
[11.986491] (quadruped_control) StderrLine: {'line': b'\x1b[01m\x1b[K/home/jonnydang2004/QUADRAPED/src/quadruped_control/src/motor_config.cpp:55:33:\x1b[m\x1b[K \x1b[01;31m\x1b[Kerror: \x1b[m\x1b[Kinvalid conversion from \xe2\x80\x98\x1b[01m\x1b[KServo*\x1b[m\x1b[K\xe2\x80\x99 to \xe2\x80\x98\x1b[01m\x1b[Kuint8_t\x1b[m\x1b[K\xe2\x80\x99 {aka \xe2\x80\x98\x1b[01m\x1b[Kunsigned char\x1b[m\x1b[K\xe2\x80\x99} [\x1b[01;31m\x1b[K\x1b]8;;https://gcc.gnu.org/onlinedocs/gcc/Warning-Options.html#index-fpermissive\x07-fpermissive\x1b]8;;\x07\x1b[m\x1b[K]\n'}
[11.986684] (quadruped_control) StderrLine: {'line': b'   55 |         back_left_lower_servo = \x1b[01;31m\x1b[Knew Servo(back_left_lower)\x1b[m\x1b[K;\n'}
[11.986964] (quadruped_control) StderrLine: {'line': b'      |                                 \x1b[01;31m\x1b[K^~~~~~~~~~~~~~~~~~~~~~~~~~\x1b[m\x1b[K\n'}
[11.987230] (quadruped_control) StderrLine: {'line': b'      |                                 \x1b[01;31m\x1b[K|\x1b[m\x1b[K\n'}
[11.987430] (quadruped_control) StderrLine: {'line': b'      |                                 \x1b[01;31m\x1b[KServo*\x1b[m\x1b[K\n'}
[11.987615] (quadruped_control) StderrLine: {'line': b'In file included from \x1b[01m\x1b[K/home/jonnydang2004/QUADRAPED/src/quadruped_control/src/motor_config.cpp:7\x1b[m\x1b[K:\n'}
[11.987874] (quadruped_control) StderrLine: {'line': b'\x1b[01m\x1b[K/home/jonnydang2004/QUADRAPED/src/quadruped_control/src/servo.h:7:19:\x1b[m\x1b[K \x1b[01;36m\x1b[Knote: \x1b[m\x1b[K  initializing argument 1 of \xe2\x80\x98\x1b[01m\x1b[KServo::Servo(uint8_t)\x1b[m\x1b[K\xe2\x80\x99\n'}
[11.988103] (quadruped_control) StderrLine: {'line': b'    7 |     Servo(\x1b[01;36m\x1b[Kuint8_t gp\x1b[m\x1b[K);\n'}
[11.988268] (quadruped_control) StderrLine: {'line': b'      |           \x1b[01;36m\x1b[K~~~~~~~~^~\x1b[m\x1b[K\n'}
[11.988423] (quadruped_control) StderrLine: {'line': b'\x1b[01m\x1b[K/home/jonnydang2004/QUADRAPED/src/quadruped_control/src/servo.h:5:7:\x1b[m\x1b[K \x1b[01;36m\x1b[Knote: \x1b[m\x1b[Kcandidate: \xe2\x80\x98\x1b[01m\x1b[Kconstexpr Servo& Servo::operator=(Servo&&)\x1b[m\x1b[K\xe2\x80\x99 (near match)\n'}
[11.988581] (quadruped_control) StderrLine: {'line': b'    5 | class \x1b[01;36m\x1b[KServo\x1b[m\x1b[K {\n'}
[11.988793] (quadruped_control) StderrLine: {'line': b'      |       \x1b[01;36m\x1b[K^~~~~\x1b[m\x1b[K\n'}
[11.988972] (quadruped_control) StderrLine: {'line': b'\x1b[01m\x1b[K/home/jonnydang2004/QUADRAPED/src/quadruped_control/src/servo.h:5:7:\x1b[m\x1b[K \x1b[01;36m\x1b[Knote: \x1b[m\x1b[K  conversion of argument 1 would be ill-formed:\n'}
[11.989131] (quadruped_control) StderrLine: {'line': b'\x1b[01m\x1b[K/home/jonnydang2004/QUADRAPED/src/quadruped_control/src/motor_config.cpp:55:33:\x1b[m\x1b[K \x1b[01;31m\x1b[Kerror: \x1b[m\x1b[Kinvalid user-defined conversion from \xe2\x80\x98\x1b[01m\x1b[KServo*\x1b[m\x1b[K\xe2\x80\x99 to \xe2\x80\x98\x1b[01m\x1b[KServo&&\x1b[m\x1b[K\xe2\x80\x99 [\x1b[01;31m\x1b[K\x1b]8;;https://gcc.gnu.org/onlinedocs/gcc/Warning-Options.html#index-fpermissive\x07-fpermissive\x1b]8;;\x07\x1b[m\x1b[K]\n'}
[11.989301] (quadruped_control) StderrLine: {'line': b'   55 |         back_left_lower_servo = \x1b[01;31m\x1b[Knew Servo(back_left_lower)\x1b[m\x1b[K;\n'}
[11.989449] (quadruped_control) StderrLine: {'line': b'      |                                 \x1b[01;31m\x1b[K^~~~~~~~~~~~~~~~~~~~~~~~~~\x1b[m\x1b[K\n'}
[11.989607] (quadruped_control) StderrLine: {'line': b'In file included from \x1b[01m\x1b[K/home/jonnydang2004/QUADRAPED/src/quadruped_control/src/motor_config.cpp:7\x1b[m\x1b[K:\n'}
[11.989812] (quadruped_control) StderrLine: {'line': b'\x1b[01m\x1b[K/home/jonnydang2004/QUADRAPED/src/quadruped_control/src/servo.h:7:5:\x1b[m\x1b[K \x1b[01;36m\x1b[Knote: \x1b[m\x1b[Kcandidate is: \xe2\x80\x98\x1b[01m\x1b[KServo::Servo(uint8_t)\x1b[m\x1b[K\xe2\x80\x99 (near match)\n'}
[11.990023] (quadruped_control) StderrLine: {'line': b'    7 |     \x1b[01;36m\x1b[KServo\x1b[m\x1b[K(uint8_t gp);\n'}
[11.990184] (quadruped_control) StderrLine: {'line': b'      |     \x1b[01;36m\x1b[K^~~~~\x1b[m\x1b[K\n'}
[11.990360] (quadruped_control) StderrLine: {'line': b'\x1b[01m\x1b[K/home/jonnydang2004/QUADRAPED/src/quadruped_control/src/servo.h:7:5:\x1b[m\x1b[K \x1b[01;36m\x1b[Knote: \x1b[m\x1b[K  conversion of argument 1 would be ill-formed:\n'}
[11.990515] (quadruped_control) StderrLine: {'line': b'\x1b[01m\x1b[K/home/jonnydang2004/QUADRAPED/src/quadruped_control/src/motor_config.cpp:55:33:\x1b[m\x1b[K \x1b[01;31m\x1b[Kerror: \x1b[m\x1b[Kinvalid conversion from \xe2\x80\x98\x1b[01m\x1b[KServo*\x1b[m\x1b[K\xe2\x80\x99 to \xe2\x80\x98\x1b[01m\x1b[Kuint8_t\x1b[m\x1b[K\xe2\x80\x99 {aka \xe2\x80\x98\x1b[01m\x1b[Kunsigned char\x1b[m\x1b[K\xe2\x80\x99} [\x1b[01;31m\x1b[K\x1b]8;;https://gcc.gnu.org/onlinedocs/gcc/Warning-Options.html#index-fpermissive\x07-fpermissive\x1b]8;;\x07\x1b[m\x1b[K]\n'}
[11.990674] (quadruped_control) StderrLine: {'line': b'   55 |         back_left_lower_servo = \x1b[01;31m\x1b[Knew Servo(back_left_lower)\x1b[m\x1b[K;\n'}
[11.990933] (quadruped_control) StderrLine: {'line': b'      |                                 \x1b[01;31m\x1b[K^~~~~~~~~~~~~~~~~~~~~~~~~~\x1b[m\x1b[K\n'}
[11.991519] (quadruped_control) StderrLine: {'line': b'      |                                 \x1b[01;31m\x1b[K|\x1b[m\x1b[K\n'}
[11.991937] (quadruped_control) StderrLine: {'line': b'      |                                 \x1b[01;31m\x1b[KServo*\x1b[m\x1b[K\n'}
[11.992135] (quadruped_control) StderrLine: {'line': b'\x1b[01m\x1b[K/home/jonnydang2004/QUADRAPED/src/quadruped_control/src/motor_config.cpp:55:33:\x1b[m\x1b[K \x1b[01;31m\x1b[Kerror: \x1b[m\x1b[Kinvalid conversion from \xe2\x80\x98\x1b[01m\x1b[KServo*\x1b[m\x1b[K\xe2\x80\x99 to \xe2\x80\x98\x1b[01m\x1b[Kuint8_t\x1b[m\x1b[K\xe2\x80\x99 {aka \xe2\x80\x98\x1b[01m\x1b[Kunsigned char\x1b[m\x1b[K\xe2\x80\x99} [\x1b[01;31m\x1b[K\x1b]8;;https://gcc.gnu.org/onlinedocs/gcc/Warning-Options.html#index-fpermissive\x07-fpermissive\x1b]8;;\x07\x1b[m\x1b[K]\n'}
[11.992315] (quadruped_control) StderrLine: {'line': b'   55 |         back_left_lower_servo = \x1b[01;31m\x1b[Knew Servo(back_left_lower)\x1b[m\x1b[K;\n'}
[11.992483] (quadruped_control) StderrLine: {'line': b'      |                                 \x1b[01;31m\x1b[K^~~~~~~~~~~~~~~~~~~~~~~~~~\x1b[m\x1b[K\n'}
[11.992648] (quadruped_control) StderrLine: {'line': b'      |                                 \x1b[01;31m\x1b[K|\x1b[m\x1b[K\n'}
[11.992867] (quadruped_control) StderrLine: {'line': b'      |                                 \x1b[01;31m\x1b[KServo*\x1b[m\x1b[K\n'}
[11.993023] (quadruped_control) StderrLine: {'line': b'In file included from \x1b[01m\x1b[K/home/jonnydang2004/QUADRAPED/src/quadruped_control/src/motor_config.cpp:7\x1b[m\x1b[K:\n'}
[11.993201] (quadruped_control) StderrLine: {'line': b'\x1b[01m\x1b[K/home/jonnydang2004/QUADRAPED/src/quadruped_control/src/servo.h:7:19:\x1b[m\x1b[K \x1b[01;36m\x1b[Knote: \x1b[m\x1b[K  initializing argument 1 of \xe2\x80\x98\x1b[01m\x1b[KServo::Servo(uint8_t)\x1b[m\x1b[K\xe2\x80\x99\n'}
[11.993374] (quadruped_control) StderrLine: {'line': b'    7 |     Servo(\x1b[01;36m\x1b[Kuint8_t gp\x1b[m\x1b[K);\n'}
[11.993536] (quadruped_control) StderrLine: {'line': b'      |           \x1b[01;36m\x1b[K~~~~~~~~^~\x1b[m\x1b[K\n'}
[11.993710] (quadruped_control) StderrLine: {'line': b'\x1b[01m\x1b[K/home/jonnydang2004/QUADRAPED/src/quadruped_control/src/motor_config.cpp:57:60:\x1b[m\x1b[K \x1b[01;31m\x1b[Kerror: \x1b[m\x1b[Kambiguous overload for \xe2\x80\x98\x1b[01m\x1b[Koperator=\x1b[m\x1b[K\xe2\x80\x99 (operand types are \xe2\x80\x98\x1b[01m\x1b[KServo\x1b[m\x1b[K\xe2\x80\x99 and \xe2\x80\x98\x1b[01m\x1b[KServo*\x1b[m\x1b[K\xe2\x80\x99)\n'}
[11.993931] (quadruped_control) StderrLine: {'line': b'   57 |         back_right_upper_servo = new Servo(back_right_upper\x1b[01;31m\x1b[K)\x1b[m\x1b[K;\n'}
[11.994088] (quadruped_control) StderrLine: {'line': b'      |                                                            \x1b[01;31m\x1b[K^\x1b[m\x1b[K\n'}
[11.994253] (quadruped_control) StderrLine: {'line': b'In file included from \x1b[01m\x1b[K/home/jonnydang2004/QUADRAPED/src/quadruped_control/src/motor_config.cpp:7\x1b[m\x1b[K:\n'}
[11.994410] (quadruped_control) StderrLine: {'line': b'\x1b[01m\x1b[K/home/jonnydang2004/QUADRAPED/src/quadruped_control/src/servo.h:5:7:\x1b[m\x1b[K \x1b[01;36m\x1b[Knote: \x1b[m\x1b[Kcandidate: \xe2\x80\x98\x1b[01m\x1b[Kconstexpr Servo& Servo::operator=(const Servo&)\x1b[m\x1b[K\xe2\x80\x99 (near match)\n'}
[11.994592] (quadruped_control) StderrLine: {'line': b'    5 | class \x1b[01;36m\x1b[KServo\x1b[m\x1b[K {\n'}
[11.994810] (quadruped_control) StderrLine: {'line': b'      |       \x1b[01;36m\x1b[K^~~~~\x1b[m\x1b[K\n'}
[11.994991] (quadruped_control) StderrLine: {'line': b'\x1b[01m\x1b[K/home/jonnydang2004/QUADRAPED/src/quadruped_control/src/servo.h:5:7:\x1b[m\x1b[K \x1b[01;36m\x1b[Knote: \x1b[m\x1b[K  conversion of argument 1 would be ill-formed:\n'}
[11.995172] (quadruped_control) StderrLine: {'line': b'\x1b[01m\x1b[K/home/jonnydang2004/QUADRAPED/src/quadruped_control/src/motor_config.cpp:57:34:\x1b[m\x1b[K \x1b[01;31m\x1b[Kerror: \x1b[m\x1b[Kinvalid user-defined conversion from \xe2\x80\x98\x1b[01m\x1b[KServo*\x1b[m\x1b[K\xe2\x80\x99 to \xe2\x80\x98\x1b[01m\x1b[Kconst Servo&\x1b[m\x1b[K\xe2\x80\x99 [\x1b[01;31m\x1b[K\x1b]8;;https://gcc.gnu.org/onlinedocs/gcc/Warning-Options.html#index-fpermissive\x07-fpermissive\x1b]8;;\x07\x1b[m\x1b[K]\n'}
[11.995347] (quadruped_control) StderrLine: {'line': b'   57 |         back_right_upper_servo = \x1b[01;31m\x1b[Knew Servo(back_right_upper)\x1b[m\x1b[K;\n'}
[11.995524] (quadruped_control) StderrLine: {'line': b'      |                                  \x1b[01;31m\x1b[K^~~~~~~~~~~~~~~~~~~~~~~~~~~\x1b[m\x1b[K\n'}
[11.997696] (-) TimerEvent: {}
[11.998717] (quadruped_control) StderrLine: {'line': b'In file included from \x1b[01m\x1b[K/home/jonnydang2004/QUADRAPED/src/quadruped_control/src/motor_config.cpp:7\x1b[m\x1b[K:\n'}
[11.999042] (quadruped_control) StderrLine: {'line': b'\x1b[01m\x1b[K/home/jonnydang2004/QUADRAPED/src/quadruped_control/src/servo.h:7:5:\x1b[m\x1b[K \x1b[01;36m\x1b[Knote: \x1b[m\x1b[Kcandidate is: \xe2\x80\x98\x1b[01m\x1b[KServo::Servo(uint8_t)\x1b[m\x1b[K\xe2\x80\x99 (near match)\n'}
[11.999248] (quadruped_control) StderrLine: {'line': b'    7 |     \x1b[01;36m\x1b[KServo\x1b[m\x1b[K(uint8_t gp);\n'}
[11.999413] (quadruped_control) StderrLine: {'line': b'      |     \x1b[01;36m\x1b[K^~~~~\x1b[m\x1b[K\n'}
[11.999561] (quadruped_control) StderrLine: {'line': b'\x1b[01m\x1b[K/home/jonnydang2004/QUADRAPED/src/quadruped_control/src/servo.h:7:5:\x1b[m\x1b[K \x1b[01;36m\x1b[Knote: \x1b[m\x1b[K  conversion of argument 1 would be ill-formed:\n'}
[11.999720] (quadruped_control) StderrLine: {'line': b'\x1b[01m\x1b[K/home/jonnydang2004/QUADRAPED/src/quadruped_control/src/motor_config.cpp:57:34:\x1b[m\x1b[K \x1b[01;31m\x1b[Kerror: \x1b[m\x1b[Kinvalid conversion from \xe2\x80\x98\x1b[01m\x1b[KServo*\x1b[m\x1b[K\xe2\x80\x99 to \xe2\x80\x98\x1b[01m\x1b[Kuint8_t\x1b[m\x1b[K\xe2\x80\x99 {aka \xe2\x80\x98\x1b[01m\x1b[Kunsigned char\x1b[m\x1b[K\xe2\x80\x99} [\x1b[01;31m\x1b[K\x1b]8;;https://gcc.gnu.org/onlinedocs/gcc/Warning-Options.html#index-fpermissive\x07-fpermissive\x1b]8;;\x07\x1b[m\x1b[K]\n'}
[11.999938] (quadruped_control) StderrLine: {'line': b'   57 |         back_right_upper_servo = \x1b[01;31m\x1b[Knew Servo(back_right_upper)\x1b[m\x1b[K;\n'}
[12.000094] (quadruped_control) StderrLine: {'line': b'      |                                  \x1b[01;31m\x1b[K^~~~~~~~~~~~~~~~~~~~~~~~~~~\x1b[m\x1b[K\n'}
[12.000246] (quadruped_control) StderrLine: {'line': b'      |                                  \x1b[01;31m\x1b[K|\x1b[m\x1b[K\n'}
[12.000393] (quadruped_control) StderrLine: {'line': b'      |                                  \x1b[01;31m\x1b[KServo*\x1b[m\x1b[K\n'}
[12.000536] (quadruped_control) StderrLine: {'line': b'\x1b[01m\x1b[K/home/jonnydang2004/QUADRAPED/src/quadruped_control/src/motor_config.cpp:57:34:\x1b[m\x1b[K \x1b[01;31m\x1b[Kerror: \x1b[m\x1b[Kinvalid conversion from \xe2\x80\x98\x1b[01m\x1b[KServo*\x1b[m\x1b[K\xe2\x80\x99 to \xe2\x80\x98\x1b[01m\x1b[Kuint8_t\x1b[m\x1b[K\xe2\x80\x99 {aka \xe2\x80\x98\x1b[01m\x1b[Kunsigned char\x1b[m\x1b[K\xe2\x80\x99} [\x1b[01;31m\x1b[K\x1b]8;;https://gcc.gnu.org/onlinedocs/gcc/Warning-Options.html#index-fpermissive\x07-fpermissive\x1b]8;;\x07\x1b[m\x1b[K]\n'}
[12.000706] (quadruped_control) StderrLine: {'line': b'   57 |         back_right_upper_servo = \x1b[01;31m\x1b[Knew Servo(back_right_upper)\x1b[m\x1b[K;\n'}
[12.000916] (quadruped_control) StderrLine: {'line': b'      |                                  \x1b[01;31m\x1b[K^~~~~~~~~~~~~~~~~~~~~~~~~~~\x1b[m\x1b[K\n'}
[12.001071] (quadruped_control) StderrLine: {'line': b'      |                                  \x1b[01;31m\x1b[K|\x1b[m\x1b[K\n'}
[12.001221] (quadruped_control) StderrLine: {'line': b'      |                                  \x1b[01;31m\x1b[KServo*\x1b[m\x1b[K\n'}
[12.001365] (quadruped_control) StderrLine: {'line': b'In file included from \x1b[01m\x1b[K/home/jonnydang2004/QUADRAPED/src/quadruped_control/src/motor_config.cpp:7\x1b[m\x1b[K:\n'}
[12.001511] (quadruped_control) StderrLine: {'line': b'\x1b[01m\x1b[K/home/jonnydang2004/QUADRAPED/src/quadruped_control/src/servo.h:7:19:\x1b[m\x1b[K \x1b[01;36m\x1b[Knote: \x1b[m\x1b[K  initializing argument 1 of \xe2\x80\x98\x1b[01m\x1b[KServo::Servo(uint8_t)\x1b[m\x1b[K\xe2\x80\x99\n'}
[12.001657] (quadruped_control) StderrLine: {'line': b'    7 |     Servo(\x1b[01;36m\x1b[Kuint8_t gp\x1b[m\x1b[K);\n'}
[12.001850] (quadruped_control) StderrLine: {'line': b'      |           \x1b[01;36m\x1b[K~~~~~~~~^~\x1b[m\x1b[K\n'}
[12.002015] (quadruped_control) StderrLine: {'line': b'\x1b[01m\x1b[K/home/jonnydang2004/QUADRAPED/src/quadruped_control/src/servo.h:5:7:\x1b[m\x1b[K \x1b[01;36m\x1b[Knote: \x1b[m\x1b[Kcandidate: \xe2\x80\x98\x1b[01m\x1b[Kconstexpr Servo& Servo::operator=(Servo&&)\x1b[m\x1b[K\xe2\x80\x99 (near match)\n'}
[12.002167] (quadruped_control) StderrLine: {'line': b'    5 | class \x1b[01;36m\x1b[KServo\x1b[m\x1b[K {\n'}
[12.002313] (quadruped_control) StderrLine: {'line': b'      |       \x1b[01;36m\x1b[K^~~~~\x1b[m\x1b[K\n'}
[12.002494] (quadruped_control) StderrLine: {'line': b'\x1b[01m\x1b[K/home/jonnydang2004/QUADRAPED/src/quadruped_control/src/servo.h:5:7:\x1b[m\x1b[K \x1b[01;36m\x1b[Knote: \x1b[m\x1b[K  conversion of argument 1 would be ill-formed:\n'}
[12.002657] (quadruped_control) StderrLine: {'line': b'\x1b[01m\x1b[K/home/jonnydang2004/QUADRAPED/src/quadruped_control/src/motor_config.cpp:57:34:\x1b[m\x1b[K \x1b[01;31m\x1b[Kerror: \x1b[m\x1b[Kinvalid user-defined conversion from \xe2\x80\x98\x1b[01m\x1b[KServo*\x1b[m\x1b[K\xe2\x80\x99 to \xe2\x80\x98\x1b[01m\x1b[KServo&&\x1b[m\x1b[K\xe2\x80\x99 [\x1b[01;31m\x1b[K\x1b]8;;https://gcc.gnu.org/onlinedocs/gcc/Warning-Options.html#index-fpermissive\x07-fpermissive\x1b]8;;\x07\x1b[m\x1b[K]\n'}
[12.002864] (quadruped_control) StderrLine: {'line': b'   57 |         back_right_upper_servo = \x1b[01;31m\x1b[Knew Servo(back_right_upper)\x1b[m\x1b[K;\n'}
[12.003023] (quadruped_control) StderrLine: {'line': b'      |                                  \x1b[01;31m\x1b[K^~~~~~~~~~~~~~~~~~~~~~~~~~~\x1b[m\x1b[K\n'}
[12.003168] (quadruped_control) StderrLine: {'line': b'In file included from \x1b[01m\x1b[K/home/jonnydang2004/QUADRAPED/src/quadruped_control/src/motor_config.cpp:7\x1b[m\x1b[K:\n'}
[12.003332] (quadruped_control) StderrLine: {'line': b'\x1b[01m\x1b[K/home/jonnydang2004/QUADRAPED/src/quadruped_control/src/servo.h:7:5:\x1b[m\x1b[K \x1b[01;36m\x1b[Knote: \x1b[m\x1b[Kcandidate is: \xe2\x80\x98\x1b[01m\x1b[KServo::Servo(uint8_t)\x1b[m\x1b[K\xe2\x80\x99 (near match)\n'}
[12.003484] (quadruped_control) StderrLine: {'line': b'    7 |     \x1b[01;36m\x1b[KServo\x1b[m\x1b[K(uint8_t gp);\n'}
[12.003661] (quadruped_control) StderrLine: {'line': b'      |     \x1b[01;36m\x1b[K^~~~~\x1b[m\x1b[K\n'}
[12.004446] (quadruped_control) StderrLine: {'line': b'\x1b[01m\x1b[K/home/jonnydang2004/QUADRAPED/src/quadruped_control/src/servo.h:7:5:\x1b[m\x1b[K \x1b[01;36m\x1b[Knote: \x1b[m\x1b[K  conversion of argument 1 would be ill-formed:\n'}
[12.004638] (quadruped_control) StderrLine: {'line': b'\x1b[01m\x1b[K/home/jonnydang2004/QUADRAPED/src/quadruped_control/src/motor_config.cpp:57:34:\x1b[m\x1b[K \x1b[01;31m\x1b[Kerror: \x1b[m\x1b[Kinvalid conversion from \xe2\x80\x98\x1b[01m\x1b[KServo*\x1b[m\x1b[K\xe2\x80\x99 to \xe2\x80\x98\x1b[01m\x1b[Kuint8_t\x1b[m\x1b[K\xe2\x80\x99 {aka \xe2\x80\x98\x1b[01m\x1b[Kunsigned char\x1b[m\x1b[K\xe2\x80\x99} [\x1b[01;31m\x1b[K\x1b]8;;https://gcc.gnu.org/onlinedocs/gcc/Warning-Options.html#index-fpermissive\x07-fpermissive\x1b]8;;\x07\x1b[m\x1b[K]\n'}
[12.004849] (quadruped_control) StderrLine: {'line': b'   57 |         back_right_upper_servo = \x1b[01;31m\x1b[Knew Servo(back_right_upper)\x1b[m\x1b[K;\n'}
[12.005201] (quadruped_control) StderrLine: {'line': b'      |                                  \x1b[01;31m\x1b[K^~~~~~~~~~~~~~~~~~~~~~~~~~~\x1b[m\x1b[K\n'}
[12.006104] (quadruped_control) StderrLine: {'line': b'      |                                  \x1b[01;31m\x1b[K|\x1b[m\x1b[K\n'}
[12.006316] (quadruped_control) StderrLine: {'line': b'      |                                  \x1b[01;31m\x1b[KServo*\x1b[m\x1b[K\n'}
[12.006515] (quadruped_control) StderrLine: {'line': b'\x1b[01m\x1b[K/home/jonnydang2004/QUADRAPED/src/quadruped_control/src/motor_config.cpp:57:34:\x1b[m\x1b[K \x1b[01;31m\x1b[Kerror: \x1b[m\x1b[Kinvalid conversion from \xe2\x80\x98\x1b[01m\x1b[KServo*\x1b[m\x1b[K\xe2\x80\x99 to \xe2\x80\x98\x1b[01m\x1b[Kuint8_t\x1b[m\x1b[K\xe2\x80\x99 {aka \xe2\x80\x98\x1b[01m\x1b[Kunsigned char\x1b[m\x1b[K\xe2\x80\x99} [\x1b[01;31m\x1b[K\x1b]8;;https://gcc.gnu.org/onlinedocs/gcc/Warning-Options.html#index-fpermissive\x07-fpermissive\x1b]8;;\x07\x1b[m\x1b[K]\n'}
[12.006724] (quadruped_control) StderrLine: {'line': b'   57 |         back_right_upper_servo = \x1b[01;31m\x1b[Knew Servo(back_right_upper)\x1b[m\x1b[K;\n'}
[12.008353] (quadruped_control) StderrLine: {'line': b'      |                                  \x1b[01;31m\x1b[K^~~~~~~~~~~~~~~~~~~~~~~~~~~\x1b[m\x1b[K\n'}
[12.008576] (quadruped_control) StderrLine: {'line': b'      |                                  \x1b[01;31m\x1b[K|\x1b[m\x1b[K\n'}
[12.008749] (quadruped_control) StderrLine: {'line': b'      |                                  \x1b[01;31m\x1b[KServo*\x1b[m\x1b[K\n'}
[12.008943] (quadruped_control) StderrLine: {'line': b'In file included from \x1b[01m\x1b[K/home/jonnydang2004/QUADRAPED/src/quadruped_control/src/motor_config.cpp:7\x1b[m\x1b[K:\n'}
[12.009090] (quadruped_control) StderrLine: {'line': b'\x1b[01m\x1b[K/home/jonnydang2004/QUADRAPED/src/quadruped_control/src/servo.h:7:19:\x1b[m\x1b[K \x1b[01;36m\x1b[Knote: \x1b[m\x1b[K  initializing argument 1 of \xe2\x80\x98\x1b[01m\x1b[KServo::Servo(uint8_t)\x1b[m\x1b[K\xe2\x80\x99\n'}
[12.009240] (quadruped_control) StderrLine: {'line': b'    7 |     Servo(\x1b[01;36m\x1b[Kuint8_t gp\x1b[m\x1b[K);\n'}
[12.009381] (quadruped_control) StderrLine: {'line': b'      |           \x1b[01;36m\x1b[K~~~~~~~~^~\x1b[m\x1b[K\n'}
[12.009524] (quadruped_control) StderrLine: {'line': b'\x1b[01m\x1b[K/home/jonnydang2004/QUADRAPED/src/quadruped_control/src/motor_config.cpp:58:60:\x1b[m\x1b[K \x1b[01;31m\x1b[Kerror: \x1b[m\x1b[Kambiguous overload for \xe2\x80\x98\x1b[01m\x1b[Koperator=\x1b[m\x1b[K\xe2\x80\x99 (operand types are \xe2\x80\x98\x1b[01m\x1b[KServo\x1b[m\x1b[K\xe2\x80\x99 and \xe2\x80\x98\x1b[01m\x1b[KServo*\x1b[m\x1b[K\xe2\x80\x99)\n'}
[12.009668] (quadruped_control) StderrLine: {'line': b'   58 |         back_right_lower_servo = new Servo(back_right_lower\x1b[01;31m\x1b[K)\x1b[m\x1b[K;\n'}
[12.010033] (quadruped_control) StderrLine: {'line': b'      |                                                            \x1b[01;31m\x1b[K^\x1b[m\x1b[K\n'}
[12.010207] (quadruped_control) StderrLine: {'line': b'In file included from \x1b[01m\x1b[K/home/jonnydang2004/QUADRAPED/src/quadruped_control/src/motor_config.cpp:7\x1b[m\x1b[K:\n'}
[12.010436] (quadruped_control) StderrLine: {'line': b'\x1b[01m\x1b[K/home/jonnydang2004/QUADRAPED/src/quadruped_control/src/servo.h:5:7:\x1b[m\x1b[K \x1b[01;36m\x1b[Knote: \x1b[m\x1b[Kcandidate: \xe2\x80\x98\x1b[01m\x1b[Kconstexpr Servo& Servo::operator=(const Servo&)\x1b[m\x1b[K\xe2\x80\x99 (near match)\n'}
[12.010607] (quadruped_control) StderrLine: {'line': b'    5 | class \x1b[01;36m\x1b[KServo\x1b[m\x1b[K {\n'}
[12.010748] (quadruped_control) StderrLine: {'line': b'      |       \x1b[01;36m\x1b[K^~~~~\x1b[m\x1b[K\n'}
[12.010884] (quadruped_control) StderrLine: {'line': b'\x1b[01m\x1b[K/home/jonnydang2004/QUADRAPED/src/quadruped_control/src/servo.h:5:7:\x1b[m\x1b[K \x1b[01;36m\x1b[Knote: \x1b[m\x1b[K  conversion of argument 1 would be ill-formed:\n'}
[12.011024] (quadruped_control) StderrLine: {'line': b'\x1b[01m\x1b[K/home/jonnydang2004/QUADRAPED/src/quadruped_control/src/motor_config.cpp:58:34:\x1b[m\x1b[K \x1b[01;31m\x1b[Kerror: \x1b[m\x1b[Kinvalid user-defined conversion from \xe2\x80\x98\x1b[01m\x1b[KServo*\x1b[m\x1b[K\xe2\x80\x99 to \xe2\x80\x98\x1b[01m\x1b[Kconst Servo&\x1b[m\x1b[K\xe2\x80\x99 [\x1b[01;31m\x1b[K\x1b]8;;https://gcc.gnu.org/onlinedocs/gcc/Warning-Options.html#index-fpermissive\x07-fpermissive\x1b]8;;\x07\x1b[m\x1b[K]\n'}
[12.011168] (quadruped_control) StderrLine: {'line': b'   58 |         back_right_lower_servo = \x1b[01;31m\x1b[Knew Servo(back_right_lower)\x1b[m\x1b[K;\n'}
[12.011303] (quadruped_control) StderrLine: {'line': b'      |                                  \x1b[01;31m\x1b[K^~~~~~~~~~~~~~~~~~~~~~~~~~~\x1b[m\x1b[K\n'}
[12.011753] (quadruped_control) StderrLine: {'line': b'In file included from \x1b[01m\x1b[K/home/jonnydang2004/QUADRAPED/src/quadruped_control/src/motor_config.cpp:7\x1b[m\x1b[K:\n'}
[12.011911] (quadruped_control) StderrLine: {'line': b'\x1b[01m\x1b[K/home/jonnydang2004/QUADRAPED/src/quadruped_control/src/servo.h:7:5:\x1b[m\x1b[K \x1b[01;36m\x1b[Knote: \x1b[m\x1b[Kcandidate is: \xe2\x80\x98\x1b[01m\x1b[KServo::Servo(uint8_t)\x1b[m\x1b[K\xe2\x80\x99 (near match)\n'}
[12.012065] (quadruped_control) StderrLine: {'line': b'    7 |     \x1b[01;36m\x1b[KServo\x1b[m\x1b[K(uint8_t gp);\n'}
[12.014686] (quadruped_control) StderrLine: {'line': b'      |     \x1b[01;36m\x1b[K^~~~~\x1b[m\x1b[K\n'}
[12.015068] (quadruped_control) StderrLine: {'line': b'\x1b[01m\x1b[K/home/jonnydang2004/QUADRAPED/src/quadruped_control/src/servo.h:7:5:\x1b[m\x1b[K \x1b[01;36m\x1b[Knote: \x1b[m\x1b[K  conversion of argument 1 would be ill-formed:\n'}
[12.015414] (quadruped_control) StderrLine: {'line': b'\x1b[01m\x1b[K/home/jonnydang2004/QUADRAPED/src/quadruped_control/src/motor_config.cpp:58:34:\x1b[m\x1b[K \x1b[01;31m\x1b[Kerror: \x1b[m\x1b[Kinvalid conversion from \xe2\x80\x98\x1b[01m\x1b[KServo*\x1b[m\x1b[K\xe2\x80\x99 to \xe2\x80\x98\x1b[01m\x1b[Kuint8_t\x1b[m\x1b[K\xe2\x80\x99 {aka \xe2\x80\x98\x1b[01m\x1b[Kunsigned char\x1b[m\x1b[K\xe2\x80\x99} [\x1b[01;31m\x1b[K\x1b]8;;https://gcc.gnu.org/onlinedocs/gcc/Warning-Options.html#index-fpermissive\x07-fpermissive\x1b]8;;\x07\x1b[m\x1b[K]\n'}
[12.017852] (quadruped_control) StderrLine: {'line': b'   58 |         back_right_lower_servo = \x1b[01;31m\x1b[Knew Servo(back_right_lower)\x1b[m\x1b[K;\n'}
[12.018280] (quadruped_control) StderrLine: {'line': b'      |                                  \x1b[01;31m\x1b[K^~~~~~~~~~~~~~~~~~~~~~~~~~~\x1b[m\x1b[K\n'}
[12.019709] (quadruped_control) StderrLine: {'line': b'      |                                  \x1b[01;31m\x1b[K|\x1b[m\x1b[K\n'}
[12.020235] (quadruped_control) StderrLine: {'line': b'      |                                  \x1b[01;31m\x1b[KServo*\x1b[m\x1b[K\n'}
[12.020642] (quadruped_control) StderrLine: {'line': b'\x1b[01m\x1b[K/home/jonnydang2004/QUADRAPED/src/quadruped_control/src/motor_config.cpp:58:34:\x1b[m\x1b[K \x1b[01;31m\x1b[Kerror: \x1b[m\x1b[Kinvalid conversion from \xe2\x80\x98\x1b[01m\x1b[KServo*\x1b[m\x1b[K\xe2\x80\x99 to \xe2\x80\x98\x1b[01m\x1b[Kuint8_t\x1b[m\x1b[K\xe2\x80\x99 {aka \xe2\x80\x98\x1b[01m\x1b[Kunsigned char\x1b[m\x1b[K\xe2\x80\x99} [\x1b[01;31m\x1b[K\x1b]8;;https://gcc.gnu.org/onlinedocs/gcc/Warning-Options.html#index-fpermissive\x07-fpermissive\x1b]8;;\x07\x1b[m\x1b[K]\n'}
[12.020924] (quadruped_control) StderrLine: {'line': b'   58 |         back_right_lower_servo = \x1b[01;31m\x1b[Knew Servo(back_right_lower)\x1b[m\x1b[K;\n'}
[12.021202] (quadruped_control) StderrLine: {'line': b'      |                                  \x1b[01;31m\x1b[K^~~~~~~~~~~~~~~~~~~~~~~~~~~\x1b[m\x1b[K\n'}
[12.021523] (quadruped_control) StderrLine: {'line': b'      |                                  \x1b[01;31m\x1b[K|\x1b[m\x1b[K\n'}
[12.021825] (quadruped_control) StderrLine: {'line': b'      |                                  \x1b[01;31m\x1b[KServo*\x1b[m\x1b[K\n'}
[12.022015] (quadruped_control) StderrLine: {'line': b'In file included from \x1b[01m\x1b[K/home/jonnydang2004/QUADRAPED/src/quadruped_control/src/motor_config.cpp:7\x1b[m\x1b[K:\n'}
[12.022166] (quadruped_control) StderrLine: {'line': b'\x1b[01m\x1b[K/home/jonnydang2004/QUADRAPED/src/quadruped_control/src/servo.h:7:19:\x1b[m\x1b[K \x1b[01;36m\x1b[Knote: \x1b[m\x1b[K  initializing argument 1 of \xe2\x80\x98\x1b[01m\x1b[KServo::Servo(uint8_t)\x1b[m\x1b[K\xe2\x80\x99\n'}
[12.022386] (quadruped_control) StderrLine: {'line': b'    7 |     Servo(\x1b[01;36m\x1b[Kuint8_t gp\x1b[m\x1b[K);\n'}
[12.022561] (quadruped_control) StderrLine: {'line': b'      |           \x1b[01;36m\x1b[K~~~~~~~~^~\x1b[m\x1b[K\n'}
[12.022706] (quadruped_control) StderrLine: {'line': b'\x1b[01m\x1b[K/home/jonnydang2004/QUADRAPED/src/quadruped_control/src/servo.h:5:7:\x1b[m\x1b[K \x1b[01;36m\x1b[Knote: \x1b[m\x1b[Kcandidate: \xe2\x80\x98\x1b[01m\x1b[Kconstexpr Servo& Servo::operator=(Servo&&)\x1b[m\x1b[K\xe2\x80\x99 (near match)\n'}
[12.022856] (quadruped_control) StderrLine: {'line': b'    5 | class \x1b[01;36m\x1b[KServo\x1b[m\x1b[K {\n'}
[12.022990] (quadruped_control) StderrLine: {'line': b'      |       \x1b[01;36m\x1b[K^~~~~\x1b[m\x1b[K\n'}
[12.023123] (quadruped_control) StderrLine: {'line': b'\x1b[01m\x1b[K/home/jonnydang2004/QUADRAPED/src/quadruped_control/src/servo.h:5:7:\x1b[m\x1b[K \x1b[01;36m\x1b[Knote: \x1b[m\x1b[K  conversion of argument 1 would be ill-formed:\n'}
[12.023259] (quadruped_control) StderrLine: {'line': b'\x1b[01m\x1b[K/home/jonnydang2004/QUADRAPED/src/quadruped_control/src/motor_config.cpp:58:34:\x1b[m\x1b[K \x1b[01;31m\x1b[Kerror: \x1b[m\x1b[Kinvalid user-defined conversion from \xe2\x80\x98\x1b[01m\x1b[KServo*\x1b[m\x1b[K\xe2\x80\x99 to \xe2\x80\x98\x1b[01m\x1b[KServo&&\x1b[m\x1b[K\xe2\x80\x99 [\x1b[01;31m\x1b[K\x1b]8;;https://gcc.gnu.org/onlinedocs/gcc/Warning-Options.html#index-fpermissive\x07-fpermissive\x1b]8;;\x07\x1b[m\x1b[K]\n'}
[12.023478] (quadruped_control) StderrLine: {'line': b'   58 |         back_right_lower_servo = \x1b[01;31m\x1b[Knew Servo(back_right_lower)\x1b[m\x1b[K;\n'}
[12.023628] (quadruped_control) StderrLine: {'line': b'      |                                  \x1b[01;31m\x1b[K^~~~~~~~~~~~~~~~~~~~~~~~~~~\x1b[m\x1b[K\n'}
[12.023765] (quadruped_control) StderrLine: {'line': b'In file included from \x1b[01m\x1b[K/home/jonnydang2004/QUADRAPED/src/quadruped_control/src/motor_config.cpp:7\x1b[m\x1b[K:\n'}
[12.023898] (quadruped_control) StderrLine: {'line': b'\x1b[01m\x1b[K/home/jonnydang2004/QUADRAPED/src/quadruped_control/src/servo.h:7:5:\x1b[m\x1b[K \x1b[01;36m\x1b[Knote: \x1b[m\x1b[Kcandidate is: \xe2\x80\x98\x1b[01m\x1b[KServo::Servo(uint8_t)\x1b[m\x1b[K\xe2\x80\x99 (near match)\n'}
[12.024035] (quadruped_control) StderrLine: {'line': b'    7 |     \x1b[01;36m\x1b[KServo\x1b[m\x1b[K(uint8_t gp);\n'}
[12.024169] (quadruped_control) StderrLine: {'line': b'      |     \x1b[01;36m\x1b[K^~~~~\x1b[m\x1b[K\n'}
[12.024350] (quadruped_control) StderrLine: {'line': b'\x1b[01m\x1b[K/home/jonnydang2004/QUADRAPED/src/quadruped_control/src/servo.h:7:5:\x1b[m\x1b[K \x1b[01;36m\x1b[Knote: \x1b[m\x1b[K  conversion of argument 1 would be ill-formed:\n'}
[12.024522] (quadruped_control) StderrLine: {'line': b'\x1b[01m\x1b[K/home/jonnydang2004/QUADRAPED/src/quadruped_control/src/motor_config.cpp:58:34:\x1b[m\x1b[K \x1b[01;31m\x1b[Kerror: \x1b[m\x1b[Kinvalid conversion from \xe2\x80\x98\x1b[01m\x1b[KServo*\x1b[m\x1b[K\xe2\x80\x99 to \xe2\x80\x98\x1b[01m\x1b[Kuint8_t\x1b[m\x1b[K\xe2\x80\x99 {aka \xe2\x80\x98\x1b[01m\x1b[Kunsigned char\x1b[m\x1b[K\xe2\x80\x99} [\x1b[01;31m\x1b[K\x1b]8;;https://gcc.gnu.org/onlinedocs/gcc/Warning-Options.html#index-fpermissive\x07-fpermissive\x1b]8;;\x07\x1b[m\x1b[K]\n'}
[12.024686] (quadruped_control) StderrLine: {'line': b'   58 |         back_right_lower_servo = \x1b[01;31m\x1b[Knew Servo(back_right_lower)\x1b[m\x1b[K;\n'}
[12.024899] (quadruped_control) StderrLine: {'line': b'      |                                  \x1b[01;31m\x1b[K^~~~~~~~~~~~~~~~~~~~~~~~~~~\x1b[m\x1b[K\n'}
[12.025039] (quadruped_control) StderrLine: {'line': b'      |                                  \x1b[01;31m\x1b[K|\x1b[m\x1b[K\n'}
[12.025175] (quadruped_control) StderrLine: {'line': b'      |                                  \x1b[01;31m\x1b[KServo*\x1b[m\x1b[K\n'}
[12.025360] (quadruped_control) StderrLine: {'line': b'\x1b[01m\x1b[K/home/jonnydang2004/QUADRAPED/src/quadruped_control/src/motor_config.cpp:58:34:\x1b[m\x1b[K \x1b[01;31m\x1b[Kerror: \x1b[m\x1b[Kinvalid conversion from \xe2\x80\x98\x1b[01m\x1b[KServo*\x1b[m\x1b[K\xe2\x80\x99 to \xe2\x80\x98\x1b[01m\x1b[Kuint8_t\x1b[m\x1b[K\xe2\x80\x99 {aka \xe2\x80\x98\x1b[01m\x1b[Kunsigned char\x1b[m\x1b[K\xe2\x80\x99} [\x1b[01;31m\x1b[K\x1b]8;;https://gcc.gnu.org/onlinedocs/gcc/Warning-Options.html#index-fpermissive\x07-fpermissive\x1b]8;;\x07\x1b[m\x1b[K]\n'}
[12.025526] (quadruped_control) StderrLine: {'line': b'   58 |         back_right_lower_servo = \x1b[01;31m\x1b[Knew Servo(back_right_lower)\x1b[m\x1b[K;\n'}
[12.025668] (quadruped_control) StderrLine: {'line': b'      |                                  \x1b[01;31m\x1b[K^~~~~~~~~~~~~~~~~~~~~~~~~~~\x1b[m\x1b[K\n'}
[12.025826] (quadruped_control) StderrLine: {'line': b'      |                                  \x1b[01;31m\x1b[K|\x1b[m\x1b[K\n'}
[12.025966] (quadruped_control) StderrLine: {'line': b'      |                                  \x1b[01;31m\x1b[KServo*\x1b[m\x1b[K\n'}
[12.026102] (quadruped_control) StderrLine: {'line': b'In file included from \x1b[01m\x1b[K/home/jonnydang2004/QUADRAPED/src/quadruped_control/src/motor_config.cpp:7\x1b[m\x1b[K:\n'}
[12.026236] (quadruped_control) StderrLine: {'line': b'\x1b[01m\x1b[K/home/jonnydang2004/QUADRAPED/src/quadruped_control/src/servo.h:7:19:\x1b[m\x1b[K \x1b[01;36m\x1b[Knote: \x1b[m\x1b[K  initializing argument 1 of \xe2\x80\x98\x1b[01m\x1b[KServo::Servo(uint8_t)\x1b[m\x1b[K\xe2\x80\x99\n'}
[12.026445] (quadruped_control) StderrLine: {'line': b'    7 |     Servo(\x1b[01;36m\x1b[Kuint8_t gp\x1b[m\x1b[K);\n'}
[12.026592] (quadruped_control) StderrLine: {'line': b'      |           \x1b[01;36m\x1b[K~~~~~~~~^~\x1b[m\x1b[K\n'}
[12.026729] (quadruped_control) StderrLine: {'line': b'\x1b[01m\x1b[K/home/jonnydang2004/QUADRAPED/src/quadruped_control/src/motor_config.cpp:63:9:\x1b[m\x1b[K \x1b[01;31m\x1b[Kerror: \x1b[m\x1b[K\xe2\x80\x98\x1b[01m\x1b[Kupper_servos\x1b[m\x1b[K\xe2\x80\x99 was not declared in this scope\n'}
[12.026871] (quadruped_control) StderrLine: {'line': b'   63 |         \x1b[01;31m\x1b[Kupper_servos\x1b[m\x1b[K = {front_left_upper_servo, front_right_upper_servo, back_left_upper_servo, back_right_upper_servo};\n'}
[12.027088] (quadruped_control) StderrLine: {'line': b'      |         \x1b[01;31m\x1b[K^~~~~~~~~~~~\x1b[m\x1b[K\n'}
[12.027265] (quadruped_control) StderrLine: {'line': b'\x1b[01m\x1b[K/home/jonnydang2004/QUADRAPED/src/quadruped_control/src/motor_config.cpp:64:9:\x1b[m\x1b[K \x1b[01;31m\x1b[Kerror: \x1b[m\x1b[K\xe2\x80\x98\x1b[01m\x1b[Klower_servos\x1b[m\x1b[K\xe2\x80\x99 was not declared in this scope\n'}
[12.027498] (quadruped_control) StderrLine: {'line': b'   64 |         \x1b[01;31m\x1b[Klower_servos\x1b[m\x1b[K = {front_left_lower_servo, front_right_lower_servo, back_left_lower_servo, back_right_lower_servo};\n'}
[12.027660] (quadruped_control) StderrLine: {'line': b'      |         \x1b[01;31m\x1b[K^~~~~~~~~~~~\x1b[m\x1b[K\n'}
[12.027819] (quadruped_control) StderrLine: {'line': b'\x1b[01m\x1b[K/home/jonnydang2004/QUADRAPED/src/quadruped_control/src/motor_config.cpp:68:9:\x1b[m\x1b[K \x1b[01;31m\x1b[Kerror: \x1b[m\x1b[K\xe2\x80\x98\x1b[01m\x1b[Ksubscription_angles_\x1b[m\x1b[K\xe2\x80\x99 was not declared in this scope; did you mean \xe2\x80\x98\x1b[01m\x1b[Ksubscription_\x1b[m\x1b[K\xe2\x80\x99?\n'}
[12.027986] (quadruped_control) StderrLine: {'line': b'   68 |         \x1b[01;31m\x1b[Ksubscription_angles_\x1b[m\x1b[K = this->create_subscription<quadruped_interfaces::msg::Pos>(\n'}
[12.028136] (quadruped_control) StderrLine: {'line': b'      |         \x1b[01;31m\x1b[K^~~~~~~~~~~~~~~~~~~~\x1b[m\x1b[K\n'}
[12.028283] (quadruped_control) StderrLine: {'line': b'      |         \x1b[32m\x1b[Ksubscription_\x1b[m\x1b[K\n'}
[12.028760] (quadruped_control) StderrLine: {'line': b'\x1b[01m\x1b[K/home/jonnydang2004/QUADRAPED/src/quadruped_control/src/motor_config.cpp:69:57:\x1b[m\x1b[K \x1b[01;31m\x1b[Kerror: \x1b[m\x1b[K\xe2\x80\x98\x1b[01m\x1b[Kangles_callback\x1b[m\x1b[K\xe2\x80\x99 is not a member of \xe2\x80\x98\x1b[01m\x1b[KMotorConfig\x1b[m\x1b[K\xe2\x80\x99\n'}
[12.034021] (quadruped_control) StderrLine: {'line': b'   69 |             "joint_angles", 10, std::bind(&MotorConfig::\x1b[01;31m\x1b[Kangles_callback\x1b[m\x1b[K, this, std::placeholders::_1)\n'}
[12.034557] (quadruped_control) StderrLine: {'line': b'      |                                                         \x1b[01;31m\x1b[K^~~~~~~~~~~~~~~\x1b[m\x1b[K\n'}
[12.088861] (quadruped_control) StderrLine: {'line': b'\x1b[01m\x1b[K/home/jonnydang2004/QUADRAPED/src/quadruped_control/src/motor_config.cpp:\x1b[m\x1b[K In member function \xe2\x80\x98\x1b[01m\x1b[Kvoid MotorConfig::gait_callback(quadruped_interfaces::msg::Pos_<std::allocator<void> >::SharedPtr)\x1b[m\x1b[K\xe2\x80\x99:\n'}
[12.089213] (quadruped_control) StderrLine: {'line': b'\x1b[01m\x1b[K/home/jonnydang2004/QUADRAPED/src/quadruped_control/src/motor_config.cpp:228:24:\x1b[m\x1b[K \x1b[01;31m\x1b[Kerror: \x1b[m\x1b[K\xe2\x80\x98\x1b[01m\x1b[Kupper_servos\x1b[m\x1b[K\xe2\x80\x99 was not declared in this scope\n'}
[12.089500] (quadruped_control) StderrLine: {'line': b'  228 |         move_abs_angle(\x1b[01;31m\x1b[Kupper_servos\x1b[m\x1b[K[leg_num/2], angle1);\n'}
[12.089735] (quadruped_control) StderrLine: {'line': b'      |                        \x1b[01;31m\x1b[K^~~~~~~~~~~~\x1b[m\x1b[K\n'}
[12.097949] (-) TimerEvent: {}
[12.111925] (quadruped_control) StderrLine: {'line': b'\x1b[01m\x1b[K/home/jonnydang2004/QUADRAPED/src/quadruped_control/src/motor_config.cpp:229:24:\x1b[m\x1b[K \x1b[01;31m\x1b[Kerror: \x1b[m\x1b[K\xe2\x80\x98\x1b[01m\x1b[Klower_servos\x1b[m\x1b[K\xe2\x80\x99 was not declared in this scope\n'}
[12.112547] (quadruped_control) StderrLine: {'line': b'  229 |         move_abs_angle(\x1b[01;31m\x1b[Klower_servos\x1b[m\x1b[K[leg_num/2], angle2);\n'}
[12.112866] (quadruped_control) StderrLine: {'line': b'      |                        \x1b[01;31m\x1b[K^~~~~~~~~~~~\x1b[m\x1b[K\n'}
[12.198254] (-) TimerEvent: {}
[12.299179] (-) TimerEvent: {}
[12.399740] (-) TimerEvent: {}
[12.500343] (-) TimerEvent: {}
[12.601044] (-) TimerEvent: {}
[12.701649] (-) TimerEvent: {}
[12.802275] (-) TimerEvent: {}
[12.902886] (-) TimerEvent: {}
[13.003432] (-) TimerEvent: {}
[13.103991] (-) TimerEvent: {}
[13.204583] (-) TimerEvent: {}
[13.305112] (-) TimerEvent: {}
[13.405724] (-) TimerEvent: {}
[13.506253] (-) TimerEvent: {}
[13.606795] (-) TimerEvent: {}
[13.707330] (-) TimerEvent: {}
[13.807904] (-) TimerEvent: {}
[13.908533] (-) TimerEvent: {}
[13.963426] (quadruped_control) StderrLine: {'line': b'In file included from \x1b[01m\x1b[K/usr/include/c++/11/bits/stl_algobase.h:71\x1b[m\x1b[K,\n'}
[13.963801] (quadruped_control) StderrLine: {'line': b'                 from \x1b[01m\x1b[K/usr/include/c++/11/memory:63\x1b[m\x1b[K,\n'}
[13.964019] (quadruped_control) StderrLine: {'line': b'                 from \x1b[01m\x1b[K/opt/ros/iron/include/rclcpp/rclcpp/rclcpp.hpp:165\x1b[m\x1b[K,\n'}
[13.964189] (quadruped_control) StderrLine: {'line': b'                 from \x1b[01m\x1b[K/home/jonnydang2004/QUADRAPED/src/quadruped_control/src/motor_config.cpp:1\x1b[m\x1b[K:\n'}
[13.964393] (quadruped_control) StderrLine: {'line': b'/usr/include/c++/11/bits/predefined_ops.h: In instantiation of \xe2\x80\x98\x1b[01m\x1b[Kbool __gnu_cxx::__ops::_Iter_equals_val<_Value>::operator()(_Iterator) [with _Iterator = __gnu_cxx::__normal_iterator<Servo*, std::vector<Servo> >; _Value = const Servo]\x1b[m\x1b[K\xe2\x80\x99:\n'}
[13.964599] (quadruped_control) StderrLine: {'line': b'\x1b[01m\x1b[K/usr/include/c++/11/bits/stl_algobase.h:2069:14:\x1b[m\x1b[K   required from \xe2\x80\x98\x1b[01m\x1b[K_RandomAccessIterator std::__find_if(_RandomAccessIterator, _RandomAccessIterator, _Predicate, std::random_access_iterator_tag) [with _RandomAccessIterator = __gnu_cxx::__normal_iterator<Servo*, std::vector<Servo> >; _Predicate = __gnu_cxx::__ops::_Iter_equals_val<const Servo>]\x1b[m\x1b[K\xe2\x80\x99\n'}
[13.964763] (quadruped_control) StderrLine: {'line': b'\x1b[01m\x1b[K/usr/include/c++/11/bits/stl_algobase.h:2114:23:\x1b[m\x1b[K   required from \xe2\x80\x98\x1b[01m\x1b[K_Iterator std::__find_if(_Iterator, _Iterator, _Predicate) [with _Iterator = __gnu_cxx::__normal_iterator<Servo*, std::vector<Servo> >; _Predicate = __gnu_cxx::__ops::_Iter_equals_val<const Servo>]\x1b[m\x1b[K\xe2\x80\x99\n'}
[13.964922] (quadruped_control) StderrLine: {'line': b'\x1b[01m\x1b[K/usr/include/c++/11/bits/stl_algo.h:3884:28:\x1b[m\x1b[K   required from \xe2\x80\x98\x1b[01m\x1b[K_IIter std::find(_IIter, _IIter, const _Tp&) [with _IIter = __gnu_cxx::__normal_iterator<Servo*, std::vector<Servo> >; _Tp = Servo]\x1b[m\x1b[K\xe2\x80\x99\n'}
[13.965082] (quadruped_control) StderrLine: {'line': b'\x1b[01m\x1b[K/home/jonnydang2004/QUADRAPED/src/quadruped_control/src/motor_config.cpp:110:22:\x1b[m\x1b[K   required from here\n'}
[13.965239] (quadruped_control) StderrLine: {'line': b'\x1b[01m\x1b[K/usr/include/c++/11/bits/predefined_ops.h:270:24:\x1b[m\x1b[K \x1b[01;31m\x1b[Kerror: \x1b[m\x1b[Kno match for \xe2\x80\x98\x1b[01m\x1b[Koperator==\x1b[m\x1b[K\xe2\x80\x99 (operand types are \xe2\x80\x98\x1b[01m\x1b[KServo\x1b[m\x1b[K\xe2\x80\x99 and \xe2\x80\x98\x1b[01m\x1b[Kconst Servo\x1b[m\x1b[K\xe2\x80\x99)\n'}
[13.965477] (quadruped_control) StderrLine: {'line': b'  270 |         { return \x1b[01;31m\x1b[K*__it == _M_value\x1b[m\x1b[K; }\n'}
[13.965657] (quadruped_control) StderrLine: {'line': b'      |                  \x1b[01;31m\x1b[K~~~~~~^~~~~~~~~~~\x1b[m\x1b[K\n'}
[13.965811] (quadruped_control) StderrLine: {'line': b'In file included from \x1b[01m\x1b[K/usr/include/c++/11/bits/stl_algobase.h:67\x1b[m\x1b[K,\n'}
[13.965962] (quadruped_control) StderrLine: {'line': b'                 from \x1b[01m\x1b[K/usr/include/c++/11/memory:63\x1b[m\x1b[K,\n'}
[13.966121] (quadruped_control) StderrLine: {'line': b'                 from \x1b[01m\x1b[K/opt/ros/iron/include/rclcpp/rclcpp/rclcpp.hpp:165\x1b[m\x1b[K,\n'}
[13.966270] (quadruped_control) StderrLine: {'line': b'                 from \x1b[01m\x1b[K/home/jonnydang2004/QUADRAPED/src/quadruped_control/src/motor_config.cpp:1\x1b[m\x1b[K:\n'}
[13.966517] (quadruped_control) StderrLine: {'line': b'\x1b[01m\x1b[K/usr/include/c++/11/bits/stl_iterator.h:1155:5:\x1b[m\x1b[K \x1b[01;36m\x1b[Knote: \x1b[m\x1b[Kcandidate: \xe2\x80\x98\x1b[01m\x1b[Ktemplate<class _IteratorL, class _IteratorR, class _Container> bool __gnu_cxx::operator==(const __gnu_cxx::__normal_iterator<_IteratorL, _Container>&, const __gnu_cxx::__normal_iterator<_IteratorR, _Container>&)\x1b[m\x1b[K\xe2\x80\x99\n'}
[13.966689] (quadruped_control) StderrLine: {'line': b' 1155 |     \x1b[01;36m\x1b[Koperator\x1b[m\x1b[K==(const __normal_iterator<_IteratorL, _Container>& __lhs,\n'}
[13.966843] (quadruped_control) StderrLine: {'line': b'      |     \x1b[01;36m\x1b[K^~~~~~~~\x1b[m\x1b[K\n'}
[13.967083] (quadruped_control) StderrLine: {'line': b'\x1b[01m\x1b[K/usr/include/c++/11/bits/stl_iterator.h:1155:5:\x1b[m\x1b[K \x1b[01;36m\x1b[Knote: \x1b[m\x1b[K  template argument deduction/substitution failed:\n'}
[13.967267] (quadruped_control) StderrLine: {'line': b'In file included from \x1b[01m\x1b[K/usr/include/c++/11/bits/stl_algobase.h:71\x1b[m\x1b[K,\n'}
[13.967513] (quadruped_control) StderrLine: {'line': b'                 from \x1b[01m\x1b[K/usr/include/c++/11/memory:63\x1b[m\x1b[K,\n'}
[13.967686] (quadruped_control) StderrLine: {'line': b'                 from \x1b[01m\x1b[K/opt/ros/iron/include/rclcpp/rclcpp/rclcpp.hpp:165\x1b[m\x1b[K,\n'}
[13.967845] (quadruped_control) StderrLine: {'line': b'                 from \x1b[01m\x1b[K/home/jonnydang2004/QUADRAPED/src/quadruped_control/src/motor_config.cpp:1\x1b[m\x1b[K:\n'}
[13.967997] (quadruped_control) StderrLine: {'line': b'\x1b[01m\x1b[K/usr/include/c++/11/bits/predefined_ops.h:270:24:\x1b[m\x1b[K \x1b[01;36m\x1b[Knote: \x1b[m\x1b[K  \xe2\x80\x98\x1b[01m\x1b[KServo\x1b[m\x1b[K\xe2\x80\x99 is not derived from \xe2\x80\x98\x1b[01m\x1b[Kconst __gnu_cxx::__normal_iterator<_IteratorL, _Container>\x1b[m\x1b[K\xe2\x80\x99\n'}
[13.968151] (quadruped_control) StderrLine: {'line': b'  270 |         { return \x1b[01;36m\x1b[K*__it == _M_value\x1b[m\x1b[K; }\n'}
[13.968298] (quadruped_control) StderrLine: {'line': b'      |                  \x1b[01;36m\x1b[K~~~~~~^~~~~~~~~~~\x1b[m\x1b[K\n'}
[13.968528] (quadruped_control) StderrLine: {'line': b'In file included from \x1b[01m\x1b[K/usr/include/c++/11/bits/stl_algobase.h:67\x1b[m\x1b[K,\n'}
[13.968686] (quadruped_control) StderrLine: {'line': b'                 from \x1b[01m\x1b[K/usr/include/c++/11/memory:63\x1b[m\x1b[K,\n'}
[13.968837] (quadruped_control) StderrLine: {'line': b'                 from \x1b[01m\x1b[K/opt/ros/iron/include/rclcpp/rclcpp/rclcpp.hpp:165\x1b[m\x1b[K,\n'}
[13.969009] (quadruped_control) StderrLine: {'line': b'                 from \x1b[01m\x1b[K/home/jonnydang2004/QUADRAPED/src/quadruped_control/src/motor_config.cpp:1\x1b[m\x1b[K:\n'}
[13.969148] (quadruped_control) StderrLine: {'line': b'\x1b[01m\x1b[K/usr/include/c++/11/bits/stl_iterator.h:1163:5:\x1b[m\x1b[K \x1b[01;36m\x1b[Knote: \x1b[m\x1b[Kcandidate: \xe2\x80\x98\x1b[01m\x1b[Ktemplate<class _Iterator, class _Container> bool __gnu_cxx::operator==(const __gnu_cxx::__normal_iterator<_Iterator, _Container>&, const __gnu_cxx::__normal_iterator<_Iterator, _Container>&)\x1b[m\x1b[K\xe2\x80\x99\n'}
[13.969294] (quadruped_control) StderrLine: {'line': b' 1163 |     \x1b[01;36m\x1b[Koperator\x1b[m\x1b[K==(const __normal_iterator<_Iterator, _Container>& __lhs,\n'}
[13.969511] (quadruped_control) StderrLine: {'line': b'      |     \x1b[01;36m\x1b[K^~~~~~~~\x1b[m\x1b[K\n'}
[13.969660] (quadruped_control) StderrLine: {'line': b'\x1b[01m\x1b[K/usr/include/c++/11/bits/stl_iterator.h:1163:5:\x1b[m\x1b[K \x1b[01;36m\x1b[Knote: \x1b[m\x1b[K  template argument deduction/substitution failed:\n'}
[13.969800] (quadruped_control) StderrLine: {'line': b'In file included from \x1b[01m\x1b[K/usr/include/c++/11/bits/stl_algobase.h:71\x1b[m\x1b[K,\n'}
[13.969934] (quadruped_control) StderrLine: {'line': b'                 from \x1b[01m\x1b[K/usr/include/c++/11/memory:63\x1b[m\x1b[K,\n'}
[13.970073] (quadruped_control) StderrLine: {'line': b'                 from \x1b[01m\x1b[K/opt/ros/iron/include/rclcpp/rclcpp/rclcpp.hpp:165\x1b[m\x1b[K,\n'}
[13.970208] (quadruped_control) StderrLine: {'line': b'                 from \x1b[01m\x1b[K/home/jonnydang2004/QUADRAPED/src/quadruped_control/src/motor_config.cpp:1\x1b[m\x1b[K:\n'}
[13.970398] (quadruped_control) StderrLine: {'line': b'\x1b[01m\x1b[K/usr/include/c++/11/bits/predefined_ops.h:270:24:\x1b[m\x1b[K \x1b[01;36m\x1b[Knote: \x1b[m\x1b[K  \xe2\x80\x98\x1b[01m\x1b[KServo\x1b[m\x1b[K\xe2\x80\x99 is not derived from \xe2\x80\x98\x1b[01m\x1b[Kconst __gnu_cxx::__normal_iterator<_Iterator, _Container>\x1b[m\x1b[K\xe2\x80\x99\n'}
[13.970620] (quadruped_control) StderrLine: {'line': b'  270 |         { return \x1b[01;36m\x1b[K*__it == _M_value\x1b[m\x1b[K; }\n'}
[13.970769] (quadruped_control) StderrLine: {'line': b'      |                  \x1b[01;36m\x1b[K~~~~~~^~~~~~~~~~~\x1b[m\x1b[K\n'}
[14.008704] (-) TimerEvent: {}
[14.109204] (-) TimerEvent: {}
[14.209777] (-) TimerEvent: {}
[14.310433] (-) TimerEvent: {}
[14.411023] (-) TimerEvent: {}
[14.511583] (-) TimerEvent: {}
[14.612168] (-) TimerEvent: {}
[14.692868] (quadruped_control) StderrLine: {'line': b'gmake[2]: *** [CMakeFiles/motor_config.dir/build.make:76: CMakeFiles/motor_config.dir/src/motor_config.cpp.o] Error 1\n'}
[14.693522] (quadruped_control) StderrLine: {'line': b'gmake[1]: *** [CMakeFiles/Makefile2:165: CMakeFiles/motor_config.dir/all] Error 2\n'}
[14.694009] (quadruped_control) StderrLine: {'line': b'gmake: *** [Makefile:146: all] Error 2\n'}
[14.697423] (quadruped_control) CommandEnded: {'returncode': 2}
[14.712411] (-) TimerEvent: {}
[14.762176] (quadruped_control) JobEnded: {'identifier': 'quadruped_control', 'rc': 2}
[14.766894] (-) EventReactorShutdown: {}
