[0.000000] (-) TimerEvent: {}
[0.002116] (quadruped_interfaces) JobQueued: {'identifier': 'quadruped_interfaces', 'dependencies': OrderedDict()}
[0.002285] (quadruped_control) JobQueued: {'identifier': 'quadruped_control', 'dependencies': OrderedDict([('quadruped_interfaces', '/home/jonnydang2004/QUADRAPED/install/quadruped_interfaces')])}
[0.002413] (quadruped_interfaces) JobStarted: {'identifier': 'quadruped_interfaces'}
[0.023691] (quadruped_interfaces) JobProgress: {'identifier': 'quadruped_interfaces', 'progress': 'cmake'}
[0.025922] (quadruped_interfaces) JobProgress: {'identifier': 'quadruped_interfaces', 'progress': 'build'}
[0.028650] (quadruped_interfaces) Command: {'cmd': ['/usr/bin/cmake', '--build', '/home/jonnydang2004/QUADRAPED/build/quadruped_interfaces', '--', '-j4', '-l4'], 'cwd': '/home/jonnydang2004/QUADRAPED/build/quadruped_interfaces', 'env': OrderedDict([('LESSOPEN', '| /usr/bin/lesspipe %s'), ('USER', 'jonnydang2004'), ('GIT_ASKPASS', '/home/jonnydang2004/.vscode-server/bin/38c31bc77e0dd6ae88a4e9cc93428cc27a56ba40/extensions/git/dist/askpass.sh'), ('SHLVL', '1'), ('LD_LIBRARY_PATH', '/opt/ros/iron/opt/rviz_ogre_vendor/lib:/opt/ros/iron/lib/x86_64-linux-gnu:/opt/ros/iron/lib'), ('HOME', '/home/jonnydang2004'), ('OLDPWD', '/home/jonnydang2004/QUADRAPED/pigpio-74'), ('TERM_PROGRAM_VERSION', '1.93.1'), ('NVM_BIN', '/home/jonnydang2004/.nvm/versions/node/v18.19.0/bin'), ('VSCODE_IPC_HOOK_CLI', '/run/user/1000/vscode-ipc-aeaa321f-954c-44ec-865c-68b87d92bff0.sock'), ('NVM_INC', '/home/jonnydang2004/.nvm/versions/node/v18.19.0/include/node'), ('ROS_PYTHON_VERSION', '3'), ('VSCODE_GIT_ASKPASS_MAIN', '/home/jonnydang2004/.vscode-server/bin/38c31bc77e0dd6ae88a4e9cc93428cc27a56ba40/extensions/git/dist/askpass-main.js'), ('VSCODE_GIT_ASKPASS_NODE', '/home/jonnydang2004/.vscode-server/bin/38c31bc77e0dd6ae88a4e9cc93428cc27a56ba40/node'), ('DBUS_SESSION_BUS_ADDRESS', 'unix:path=/run/user/1000/bus'), ('COLORTERM', 'truecolor'), ('WSL_DISTRO_NAME', 'Ubuntu'), ('NVM_DIR', '/home/jonnydang2004/.nvm'), ('WAYLAND_DISPLAY', 'wayland-0'), ('ROS_DISTRO', 'iron'), ('LOGNAME', 'jonnydang2004'), ('NAME', 'DESKTOP-JO2E52O'), ('WSL_INTEROP', '/run/WSL/33065_interop'), ('PULSE_SERVER', 'unix:/mnt/wslg/PulseServer'), ('_', '/usr/bin/colcon'), ('ROS_VERSION', '2'), ('TERM', 'xterm-256color'), ('_colcon_cd_rott', '/opt/ros/iron/'), ('PATH', '/home/jonnydang2004/.vscode-server/bin/38c31bc77e0dd6ae88a4e9cc93428cc27a56ba40/bin/remote-cli:/home/jonnydang2004/.local/bin:/opt/ros/iron/bin:/home/jonnydang2004/.nvm/versions/node/v18.19.0/bin:/usr/local/sbin:/usr/local/bin:/usr/sbin:/usr/bin:/sbin:/bin:/usr/games:/usr/local/games:/usr/lib/wsl/lib:/mnt/c/Windows/system32:/mnt/c/Windows:/mnt/c/Windows/System32/Wbem:/mnt/c/Windows/System32/WindowsPowerShell/v1.0/:/mnt/c/Windows/System32/OpenSSH/:/mnt/c/Program Files (x86)/Intel/Intel(R) Management Engine Components/DAL:/mnt/c/Program Files/Intel/Intel(R) Management Engine Components/DAL:/mnt/c/Program Files/MATLAB/R2023b/bin:/mnt/c/Program Files/MATLAB/R2022a/bin:/mnt/c/Program Files/Docker/Docker/resources/bin:/mnt/c/Program Files/dotnet/:/mnt/c/Program Files/:/mnt/c/Program Files/Git/cmd:/mnt/c/Program Files (x86)/IVI Foundation/VISA/WinNT/Bin/:/mnt/c/Program Files/IVI Foundation/VISA/Win64/Bin/:/mnt/c/Program Files (x86)/National Instruments/Shared/LabVIEW CLI:/mnt/c/Program Files (x86)/IVI Foundation/IVI/Bin/:/mnt/c/Program Files/IVI Foundation/IVI/Bin/:/mnt/c/Program Files (x86)/IVI Foundation/VISA/WinNT/Bin:/mnt/c/Users/User/AppData/Local/Programs/Python/Python310/Scripts/:/mnt/c/Users/User/AppData/Local/Programs/Python/Python310/:/mnt/c/Users/User/AppData/Local/Microsoft/WindowsApps:/mnt/c/Users/User/AppData/Local/Programs/Microsoft VS Code/bin:/mnt/c/Users/User/AppData/Roaming/npm:/snap/bin:/opt/gradle/gradle-8.5/bin:/opt/gradle/gradle-8.5/bin'), ('XDG_RUNTIME_DIR', '/run/user/1000/'), ('DISPLAY', ':0'), ('LANG', 'en_US.UTF-8'), ('LS_COLORS', 'rs=0:di=01;34:ln=01;36:mh=00:pi=40;33:so=01;35:do=01;35:bd=40;33;01:cd=40;33;01:or=40;31;01:mi=00:su=37;41:sg=30;43:ca=30;41:tw=30;42:ow=34;42:st=37;44:ex=01;32:*.tar=01;31:*.tgz=01;31:*.arc=01;31:*.arj=01;31:*.taz=01;31:*.lha=01;31:*.lz4=01;31:*.lzh=01;31:*.lzma=01;31:*.tlz=01;31:*.txz=01;31:*.tzo=01;31:*.t7z=01;31:*.zip=01;31:*.z=01;31:*.dz=01;31:*.gz=01;31:*.lrz=01;31:*.lz=01;31:*.lzo=01;31:*.xz=01;31:*.zst=01;31:*.tzst=01;31:*.bz2=01;31:*.bz=01;31:*.tbz=01;31:*.tbz2=01;31:*.tz=01;31:*.deb=01;31:*.rpm=01;31:*.jar=01;31:*.war=01;31:*.ear=01;31:*.sar=01;31:*.rar=01;31:*.alz=01;31:*.ace=01;31:*.zoo=01;31:*.cpio=01;31:*.7z=01;31:*.rz=01;31:*.cab=01;31:*.wim=01;31:*.swm=01;31:*.dwm=01;31:*.esd=01;31:*.jpg=01;35:*.jpeg=01;35:*.mjpg=01;35:*.mjpeg=01;35:*.gif=01;35:*.bmp=01;35:*.pbm=01;35:*.pgm=01;35:*.ppm=01;35:*.tga=01;35:*.xbm=01;35:*.xpm=01;35:*.tif=01;35:*.tiff=01;35:*.png=01;35:*.svg=01;35:*.svgz=01;35:*.mng=01;35:*.pcx=01;35:*.mov=01;35:*.mpg=01;35:*.mpeg=01;35:*.m2v=01;35:*.mkv=01;35:*.webm=01;35:*.webp=01;35:*.ogm=01;35:*.mp4=01;35:*.m4v=01;35:*.mp4v=01;35:*.vob=01;35:*.qt=01;35:*.nuv=01;35:*.wmv=01;35:*.asf=01;35:*.rm=01;35:*.rmvb=01;35:*.flc=01;35:*.avi=01;35:*.fli=01;35:*.flv=01;35:*.gl=01;35:*.dl=01;35:*.xcf=01;35:*.xwd=01;35:*.yuv=01;35:*.cgm=01;35:*.emf=01;35:*.ogv=01;35:*.ogx=01;35:*.aac=00;36:*.au=00;36:*.flac=00;36:*.m4a=00;36:*.mid=00;36:*.midi=00;36:*.mka=00;36:*.mp3=00;36:*.mpc=00;36:*.ogg=00;36:*.ra=00;36:*.wav=00;36:*.oga=00;36:*.opus=00;36:*.spx=00;36:*.xspf=00;36:'), ('VSCODE_GIT_IPC_HANDLE', '/run/user/1000/vscode-git-f95bf93406.sock'), ('TERM_PROGRAM', 'vscode'), ('AMENT_PREFIX_PATH', '/opt/ros/iron'), ('SHELL', '/bin/bash'), ('LESSCLOSE', '/usr/bin/lesspipe %s %s'), ('ROS_AUTOMATIC_DISCOVERY_RANGE', 'SUBNET'), ('VSCODE_GIT_ASKPASS_EXTRA_ARGS', ''), ('PWD', '/home/jonnydang2004/QUADRAPED/build/quadruped_interfaces'), ('NVM_CD_FLAGS', ''), ('XDG_DATA_DIRS', '/usr/local/share:/usr/share:/var/lib/snapd/desktop'), ('PYTHONPATH', '/opt/ros/iron/lib/python3.10/site-packages'), ('COLCON', '1'), ('WSL2_GUI_APPS_ENABLED', '1'), ('HOSTTYPE', 'x86_64'), ('WSLENV', 'VSCODE_WSL_EXT_LOCATION/up'), ('CMAKE_PREFIX_PATH', '/opt/ros/iron')]), 'shell': False}
[0.098053] (-) TimerEvent: {}
[0.184960] (quadruped_interfaces) StdoutLine: {'line': b'[  2%] Built target quadruped_interfaces__rosidl_generator_type_description\n'}
[0.198220] (-) TimerEvent: {}
[0.222499] (quadruped_interfaces) StdoutLine: {'line': b'[  2%] Built target ament_cmake_python_copy_quadruped_interfaces\n'}
[0.298366] (-) TimerEvent: {}
[0.300147] (quadruped_interfaces) StdoutLine: {'line': b'[  5%] Built target quadruped_interfaces__cpp\n'}
[0.303230] (quadruped_interfaces) StdoutLine: {'line': b'[ 20%] Built target quadruped_interfaces__rosidl_generator_c\n'}
[0.386691] (quadruped_interfaces) StdoutLine: {'line': b'[ 29%] Built target quadruped_interfaces__rosidl_typesupport_introspection_cpp\n'}
[0.398496] (-) TimerEvent: {}
[0.459929] (quadruped_interfaces) StdoutLine: {'line': b'[ 38%] Built target quadruped_interfaces__rosidl_typesupport_fastrtps_cpp\n'}
[0.498647] (-) TimerEvent: {}
[0.500162] (quadruped_interfaces) StdoutLine: {'line': b'[ 47%] Built target quadruped_interfaces__rosidl_typesupport_fastrtps_c\n'}
[0.514112] (quadruped_interfaces) StdoutLine: {'line': b'[ 55%] Built target quadruped_interfaces__rosidl_typesupport_cpp\n'}
[0.578867] (quadruped_interfaces) StdoutLine: {'line': b'[ 64%] Built target quadruped_interfaces__rosidl_typesupport_c\n'}
[0.598776] (-) TimerEvent: {}
[0.637095] (quadruped_interfaces) StdoutLine: {'line': b'[ 73%] Built target quadruped_interfaces__rosidl_typesupport_introspection_c\n'}
[0.698943] (-) TimerEvent: {}
[0.792387] (quadruped_interfaces) StdoutLine: {'line': b'[ 73%] Built target quadruped_interfaces\n'}
[0.799081] (-) TimerEvent: {}
[0.899551] (-) TimerEvent: {}
[0.903084] (quadruped_interfaces) StdoutLine: {'line': b'[ 76%] Built target quadruped_interfaces__py\n'}
[0.991795] (quadruped_interfaces) StdoutLine: {'line': b'[ 82%] Built target quadruped_interfaces__rosidl_generator_py\n'}
[0.999686] (-) TimerEvent: {}
[1.077896] (quadruped_interfaces) StdoutLine: {'line': b'[ 88%] Built target quadruped_interfaces__rosidl_typesupport_introspection_c__pyext\n'}
[1.097757] (quadruped_interfaces) StdoutLine: {'line': b'[ 94%] Built target quadruped_interfaces__rosidl_typesupport_fastrtps_c__pyext\n'}
[1.099855] (-) TimerEvent: {}
[1.107636] (quadruped_interfaces) StdoutLine: {'line': b'[100%] Built target quadruped_interfaces__rosidl_typesupport_c__pyext\n'}
[1.200018] (-) TimerEvent: {}
[1.300527] (-) TimerEvent: {}
[1.401067] (-) TimerEvent: {}
[1.450808] (quadruped_interfaces) StdoutLine: {'line': b'running egg_info\n'}
[1.452686] (quadruped_interfaces) StdoutLine: {'line': b'writing quadruped_interfaces.egg-info/PKG-INFO\n'}
[1.453253] (quadruped_interfaces) StdoutLine: {'line': b'writing dependency_links to quadruped_interfaces.egg-info/dependency_links.txt\n'}
[1.453748] (quadruped_interfaces) StdoutLine: {'line': b'writing top-level names to quadruped_interfaces.egg-info/top_level.txt\n'}
[1.460031] (quadruped_interfaces) StdoutLine: {'line': b"reading manifest file 'quadruped_interfaces.egg-info/SOURCES.txt'\n"}
[1.461444] (quadruped_interfaces) StdoutLine: {'line': b"writing manifest file 'quadruped_interfaces.egg-info/SOURCES.txt'\n"}
[1.501254] (-) TimerEvent: {}
[1.532503] (quadruped_interfaces) StdoutLine: {'line': b'[100%] Built target ament_cmake_python_build_quadruped_interfaces_egg\n'}
[1.559783] (quadruped_interfaces) CommandEnded: {'returncode': 0}
[1.601733] (-) TimerEvent: {}
[1.702220] (-) TimerEvent: {}
[1.725238] (quadruped_interfaces) JobProgress: {'identifier': 'quadruped_interfaces', 'progress': 'install'}
[1.746896] (quadruped_interfaces) Command: {'cmd': ['/usr/bin/cmake', '--install', '/home/jonnydang2004/QUADRAPED/build/quadruped_interfaces'], 'cwd': '/home/jonnydang2004/QUADRAPED/build/quadruped_interfaces', 'env': OrderedDict([('LESSOPEN', '| /usr/bin/lesspipe %s'), ('USER', 'jonnydang2004'), ('GIT_ASKPASS', '/home/jonnydang2004/.vscode-server/bin/38c31bc77e0dd6ae88a4e9cc93428cc27a56ba40/extensions/git/dist/askpass.sh'), ('SHLVL', '1'), ('LD_LIBRARY_PATH', '/opt/ros/iron/opt/rviz_ogre_vendor/lib:/opt/ros/iron/lib/x86_64-linux-gnu:/opt/ros/iron/lib'), ('HOME', '/home/jonnydang2004'), ('OLDPWD', '/home/jonnydang2004/QUADRAPED/pigpio-74'), ('TERM_PROGRAM_VERSION', '1.93.1'), ('NVM_BIN', '/home/jonnydang2004/.nvm/versions/node/v18.19.0/bin'), ('VSCODE_IPC_HOOK_CLI', '/run/user/1000/vscode-ipc-aeaa321f-954c-44ec-865c-68b87d92bff0.sock'), ('NVM_INC', '/home/jonnydang2004/.nvm/versions/node/v18.19.0/include/node'), ('ROS_PYTHON_VERSION', '3'), ('VSCODE_GIT_ASKPASS_MAIN', '/home/jonnydang2004/.vscode-server/bin/38c31bc77e0dd6ae88a4e9cc93428cc27a56ba40/extensions/git/dist/askpass-main.js'), ('VSCODE_GIT_ASKPASS_NODE', '/home/jonnydang2004/.vscode-server/bin/38c31bc77e0dd6ae88a4e9cc93428cc27a56ba40/node'), ('DBUS_SESSION_BUS_ADDRESS', 'unix:path=/run/user/1000/bus'), ('COLORTERM', 'truecolor'), ('WSL_DISTRO_NAME', 'Ubuntu'), ('NVM_DIR', '/home/jonnydang2004/.nvm'), ('WAYLAND_DISPLAY', 'wayland-0'), ('ROS_DISTRO', 'iron'), ('LOGNAME', 'jonnydang2004'), ('NAME', 'DESKTOP-JO2E52O'), ('WSL_INTEROP', '/run/WSL/33065_interop'), ('PULSE_SERVER', 'unix:/mnt/wslg/PulseServer'), ('_', '/usr/bin/colcon'), ('ROS_VERSION', '2'), ('TERM', 'xterm-256color'), ('_colcon_cd_rott', '/opt/ros/iron/'), ('PATH', '/home/jonnydang2004/.vscode-server/bin/38c31bc77e0dd6ae88a4e9cc93428cc27a56ba40/bin/remote-cli:/home/jonnydang2004/.local/bin:/opt/ros/iron/bin:/home/jonnydang2004/.nvm/versions/node/v18.19.0/bin:/usr/local/sbin:/usr/local/bin:/usr/sbin:/usr/bin:/sbin:/bin:/usr/games:/usr/local/games:/usr/lib/wsl/lib:/mnt/c/Windows/system32:/mnt/c/Windows:/mnt/c/Windows/System32/Wbem:/mnt/c/Windows/System32/WindowsPowerShell/v1.0/:/mnt/c/Windows/System32/OpenSSH/:/mnt/c/Program Files (x86)/Intel/Intel(R) Management Engine Components/DAL:/mnt/c/Program Files/Intel/Intel(R) Management Engine Components/DAL:/mnt/c/Program Files/MATLAB/R2023b/bin:/mnt/c/Program Files/MATLAB/R2022a/bin:/mnt/c/Program Files/Docker/Docker/resources/bin:/mnt/c/Program Files/dotnet/:/mnt/c/Program Files/:/mnt/c/Program Files/Git/cmd:/mnt/c/Program Files (x86)/IVI Foundation/VISA/WinNT/Bin/:/mnt/c/Program Files/IVI Foundation/VISA/Win64/Bin/:/mnt/c/Program Files (x86)/National Instruments/Shared/LabVIEW CLI:/mnt/c/Program Files (x86)/IVI Foundation/IVI/Bin/:/mnt/c/Program Files/IVI Foundation/IVI/Bin/:/mnt/c/Program Files (x86)/IVI Foundation/VISA/WinNT/Bin:/mnt/c/Users/User/AppData/Local/Programs/Python/Python310/Scripts/:/mnt/c/Users/User/AppData/Local/Programs/Python/Python310/:/mnt/c/Users/User/AppData/Local/Microsoft/WindowsApps:/mnt/c/Users/User/AppData/Local/Programs/Microsoft VS Code/bin:/mnt/c/Users/User/AppData/Roaming/npm:/snap/bin:/opt/gradle/gradle-8.5/bin:/opt/gradle/gradle-8.5/bin'), ('XDG_RUNTIME_DIR', '/run/user/1000/'), ('DISPLAY', ':0'), ('LANG', 'en_US.UTF-8'), ('LS_COLORS', 'rs=0:di=01;34:ln=01;36:mh=00:pi=40;33:so=01;35:do=01;35:bd=40;33;01:cd=40;33;01:or=40;31;01:mi=00:su=37;41:sg=30;43:ca=30;41:tw=30;42:ow=34;42:st=37;44:ex=01;32:*.tar=01;31:*.tgz=01;31:*.arc=01;31:*.arj=01;31:*.taz=01;31:*.lha=01;31:*.lz4=01;31:*.lzh=01;31:*.lzma=01;31:*.tlz=01;31:*.txz=01;31:*.tzo=01;31:*.t7z=01;31:*.zip=01;31:*.z=01;31:*.dz=01;31:*.gz=01;31:*.lrz=01;31:*.lz=01;31:*.lzo=01;31:*.xz=01;31:*.zst=01;31:*.tzst=01;31:*.bz2=01;31:*.bz=01;31:*.tbz=01;31:*.tbz2=01;31:*.tz=01;31:*.deb=01;31:*.rpm=01;31:*.jar=01;31:*.war=01;31:*.ear=01;31:*.sar=01;31:*.rar=01;31:*.alz=01;31:*.ace=01;31:*.zoo=01;31:*.cpio=01;31:*.7z=01;31:*.rz=01;31:*.cab=01;31:*.wim=01;31:*.swm=01;31:*.dwm=01;31:*.esd=01;31:*.jpg=01;35:*.jpeg=01;35:*.mjpg=01;35:*.mjpeg=01;35:*.gif=01;35:*.bmp=01;35:*.pbm=01;35:*.pgm=01;35:*.ppm=01;35:*.tga=01;35:*.xbm=01;35:*.xpm=01;35:*.tif=01;35:*.tiff=01;35:*.png=01;35:*.svg=01;35:*.svgz=01;35:*.mng=01;35:*.pcx=01;35:*.mov=01;35:*.mpg=01;35:*.mpeg=01;35:*.m2v=01;35:*.mkv=01;35:*.webm=01;35:*.webp=01;35:*.ogm=01;35:*.mp4=01;35:*.m4v=01;35:*.mp4v=01;35:*.vob=01;35:*.qt=01;35:*.nuv=01;35:*.wmv=01;35:*.asf=01;35:*.rm=01;35:*.rmvb=01;35:*.flc=01;35:*.avi=01;35:*.fli=01;35:*.flv=01;35:*.gl=01;35:*.dl=01;35:*.xcf=01;35:*.xwd=01;35:*.yuv=01;35:*.cgm=01;35:*.emf=01;35:*.ogv=01;35:*.ogx=01;35:*.aac=00;36:*.au=00;36:*.flac=00;36:*.m4a=00;36:*.mid=00;36:*.midi=00;36:*.mka=00;36:*.mp3=00;36:*.mpc=00;36:*.ogg=00;36:*.ra=00;36:*.wav=00;36:*.oga=00;36:*.opus=00;36:*.spx=00;36:*.xspf=00;36:'), ('VSCODE_GIT_IPC_HANDLE', '/run/user/1000/vscode-git-f95bf93406.sock'), ('TERM_PROGRAM', 'vscode'), ('AMENT_PREFIX_PATH', '/opt/ros/iron'), ('SHELL', '/bin/bash'), ('LESSCLOSE', '/usr/bin/lesspipe %s %s'), ('ROS_AUTOMATIC_DISCOVERY_RANGE', 'SUBNET'), ('VSCODE_GIT_ASKPASS_EXTRA_ARGS', ''), ('PWD', '/home/jonnydang2004/QUADRAPED/build/quadruped_interfaces'), ('NVM_CD_FLAGS', ''), ('XDG_DATA_DIRS', '/usr/local/share:/usr/share:/var/lib/snapd/desktop'), ('PYTHONPATH', '/opt/ros/iron/lib/python3.10/site-packages'), ('COLCON', '1'), ('WSL2_GUI_APPS_ENABLED', '1'), ('HOSTTYPE', 'x86_64'), ('WSLENV', 'VSCODE_WSL_EXT_LOCATION/up'), ('CMAKE_PREFIX_PATH', '/opt/ros/iron')]), 'shell': False}
[1.763020] (quadruped_interfaces) StdoutLine: {'line': b'-- Install configuration: ""\n'}
[1.763405] (quadruped_interfaces) StdoutLine: {'line': b'-- Up-to-date: /home/jonnydang2004/QUADRAPED/install/quadruped_interfaces/share/ament_index/resource_index/rosidl_interfaces/quadruped_interfaces\n'}
[1.763614] (quadruped_interfaces) StdoutLine: {'line': b'-- Up-to-date: /home/jonnydang2004/QUADRAPED/install/quadruped_interfaces/share/quadruped_interfaces/msg/Pos.json\n'}
[1.764008] (quadruped_interfaces) StdoutLine: {'line': b'-- Up-to-date: /home/jonnydang2004/QUADRAPED/install/quadruped_interfaces/include/quadruped_interfaces/quadruped_interfaces\n'}
[1.764364] (quadruped_interfaces) StdoutLine: {'line': b'-- Up-to-date: /home/jonnydang2004/QUADRAPED/install/quadruped_interfaces/include/quadruped_interfaces/quadruped_interfaces/msg\n'}
[1.764559] (quadruped_interfaces) StdoutLine: {'line': b'-- Up-to-date: /home/jonnydang2004/QUADRAPED/install/quadruped_interfaces/include/quadruped_interfaces/quadruped_interfaces/msg/pos.h\n'}
[1.764795] (quadruped_interfaces) StdoutLine: {'line': b'-- Up-to-date: /home/jonnydang2004/QUADRAPED/install/quadruped_interfaces/include/quadruped_interfaces/quadruped_interfaces/msg/rosidl_generator_c__visibility_control.h\n'}
[1.765137] (quadruped_interfaces) StdoutLine: {'line': b'-- Up-to-date: /home/jonnydang2004/QUADRAPED/install/quadruped_interfaces/include/quadruped_interfaces/quadruped_interfaces/msg/detail\n'}
[1.765412] (quadruped_interfaces) StdoutLine: {'line': b'-- Up-to-date: /home/jonnydang2004/QUADRAPED/install/quadruped_interfaces/include/quadruped_interfaces/quadruped_interfaces/msg/detail/pos__functions.c\n'}
[1.765713] (quadruped_interfaces) StdoutLine: {'line': b'-- Up-to-date: /home/jonnydang2004/QUADRAPED/install/quadruped_interfaces/include/quadruped_interfaces/quadruped_interfaces/msg/detail/pos__description.c\n'}
[1.766119] (quadruped_interfaces) StdoutLine: {'line': b'-- Installing: /home/jonnydang2004/QUADRAPED/install/quadruped_interfaces/include/quadruped_interfaces/quadruped_interfaces/msg/detail/pos__type_support.c\n'}
[1.766414] (quadruped_interfaces) StdoutLine: {'line': b'-- Up-to-date: /home/jonnydang2004/QUADRAPED/install/quadruped_interfaces/include/quadruped_interfaces/quadruped_interfaces/msg/detail/pos__functions.h\n'}
[1.766720] (quadruped_interfaces) StdoutLine: {'line': b'-- Up-to-date: /home/jonnydang2004/QUADRAPED/install/quadruped_interfaces/include/quadruped_interfaces/quadruped_interfaces/msg/detail/pos__type_support.h\n'}
[1.767132] (quadruped_interfaces) StdoutLine: {'line': b'-- Up-to-date: /home/jonnydang2004/QUADRAPED/install/quadruped_interfaces/include/quadruped_interfaces/quadruped_interfaces/msg/detail/pos__struct.h\n'}
[1.767663] (quadruped_interfaces) StdoutLine: {'line': b'-- Up-to-date: /home/jonnydang2004/QUADRAPED/install/quadruped_interfaces/share/quadruped_interfaces/environment/library_path.sh\n'}
[1.767956] (quadruped_interfaces) StdoutLine: {'line': b'-- Up-to-date: /home/jonnydang2004/QUADRAPED/install/quadruped_interfaces/share/quadruped_interfaces/environment/library_path.dsv\n'}
[1.768327] (quadruped_interfaces) StdoutLine: {'line': b'-- Up-to-date: /home/jonnydang2004/QUADRAPED/install/quadruped_interfaces/lib/libquadruped_interfaces__rosidl_generator_c.so\n'}
[1.768656] (quadruped_interfaces) StdoutLine: {'line': b'-- Up-to-date: /home/jonnydang2004/QUADRAPED/install/quadruped_interfaces/include/quadruped_interfaces/quadruped_interfaces\n'}
[1.769077] (quadruped_interfaces) StdoutLine: {'line': b'-- Up-to-date: /home/jonnydang2004/QUADRAPED/install/quadruped_interfaces/include/quadruped_interfaces/quadruped_interfaces/msg\n'}
[1.769392] (quadruped_interfaces) StdoutLine: {'line': b'-- Up-to-date: /home/jonnydang2004/QUADRAPED/install/quadruped_interfaces/include/quadruped_interfaces/quadruped_interfaces/msg/rosidl_typesupport_fastrtps_c__visibility_control.h\n'}
[1.769703] (quadruped_interfaces) StdoutLine: {'line': b'-- Up-to-date: /home/jonnydang2004/QUADRAPED/install/quadruped_interfaces/include/quadruped_interfaces/quadruped_interfaces/msg/detail\n'}
[1.770167] (quadruped_interfaces) StdoutLine: {'line': b'-- Up-to-date: /home/jonnydang2004/QUADRAPED/install/quadruped_interfaces/include/quadruped_interfaces/quadruped_interfaces/msg/detail/pos__rosidl_typesupport_fastrtps_c.h\n'}
[1.774226] (quadruped_interfaces) StdoutLine: {'line': b'-- Up-to-date: /home/jonnydang2004/QUADRAPED/install/quadruped_interfaces/lib/libquadruped_interfaces__rosidl_typesupport_fastrtps_c.so\n'}
[1.774514] (quadruped_interfaces) StdoutLine: {'line': b'-- Up-to-date: /home/jonnydang2004/QUADRAPED/install/quadruped_interfaces/include/quadruped_interfaces/quadruped_interfaces\n'}
[1.774675] (quadruped_interfaces) StdoutLine: {'line': b'-- Up-to-date: /home/jonnydang2004/QUADRAPED/install/quadruped_interfaces/include/quadruped_interfaces/quadruped_interfaces/msg\n'}
[1.774819] (quadruped_interfaces) StdoutLine: {'line': b'-- Up-to-date: /home/jonnydang2004/QUADRAPED/install/quadruped_interfaces/include/quadruped_interfaces/quadruped_interfaces/msg/rosidl_typesupport_introspection_c__visibility_control.h\n'}
[1.775302] (quadruped_interfaces) StdoutLine: {'line': b'-- Up-to-date: /home/jonnydang2004/QUADRAPED/install/quadruped_interfaces/include/quadruped_interfaces/quadruped_interfaces/msg/detail\n'}
[1.775680] (quadruped_interfaces) StdoutLine: {'line': b'-- Up-to-date: /home/jonnydang2004/QUADRAPED/install/quadruped_interfaces/include/quadruped_interfaces/quadruped_interfaces/msg/detail/pos__rosidl_typesupport_introspection_c.h\n'}
[1.776082] (quadruped_interfaces) StdoutLine: {'line': b'-- Installing: /home/jonnydang2004/QUADRAPED/install/quadruped_interfaces/include/quadruped_interfaces/quadruped_interfaces/msg/detail/pos__type_support.c\n'}
[1.776245] (quadruped_interfaces) StdoutLine: {'line': b'-- Up-to-date: /home/jonnydang2004/QUADRAPED/install/quadruped_interfaces/lib/libquadruped_interfaces__rosidl_typesupport_introspection_c.so\n'}
[1.776390] (quadruped_interfaces) StdoutLine: {'line': b'-- Up-to-date: /home/jonnydang2004/QUADRAPED/install/quadruped_interfaces/lib/libquadruped_interfaces__rosidl_typesupport_c.so\n'}
[1.776645] (quadruped_interfaces) StdoutLine: {'line': b'-- Up-to-date: /home/jonnydang2004/QUADRAPED/install/quadruped_interfaces/include/quadruped_interfaces/quadruped_interfaces\n'}
[1.776795] (quadruped_interfaces) StdoutLine: {'line': b'-- Up-to-date: /home/jonnydang2004/QUADRAPED/install/quadruped_interfaces/include/quadruped_interfaces/quadruped_interfaces/msg\n'}
[1.777098] (quadruped_interfaces) StdoutLine: {'line': b'-- Up-to-date: /home/jonnydang2004/QUADRAPED/install/quadruped_interfaces/include/quadruped_interfaces/quadruped_interfaces/msg/pos.hpp\n'}
[1.777516] (quadruped_interfaces) StdoutLine: {'line': b'-- Up-to-date: /home/jonnydang2004/QUADRAPED/install/quadruped_interfaces/include/quadruped_interfaces/quadruped_interfaces/msg/detail\n'}
[1.777673] (quadruped_interfaces) StdoutLine: {'line': b'-- Up-to-date: /home/jonnydang2004/QUADRAPED/install/quadruped_interfaces/include/quadruped_interfaces/quadruped_interfaces/msg/detail/pos__struct.hpp\n'}
[1.777884] (quadruped_interfaces) StdoutLine: {'line': b'-- Up-to-date: /home/jonnydang2004/QUADRAPED/install/quadruped_interfaces/include/quadruped_interfaces/quadruped_interfaces/msg/detail/pos__builder.hpp\n'}
[1.778088] (quadruped_interfaces) StdoutLine: {'line': b'-- Up-to-date: /home/jonnydang2004/QUADRAPED/install/quadruped_interfaces/include/quadruped_interfaces/quadruped_interfaces/msg/detail/pos__traits.hpp\n'}
[1.778238] (quadruped_interfaces) StdoutLine: {'line': b'-- Up-to-date: /home/jonnydang2004/QUADRAPED/install/quadruped_interfaces/include/quadruped_interfaces/quadruped_interfaces\n'}
[1.778381] (quadruped_interfaces) StdoutLine: {'line': b'-- Up-to-date: /home/jonnydang2004/QUADRAPED/install/quadruped_interfaces/include/quadruped_interfaces/quadruped_interfaces/msg\n'}
[1.778533] (quadruped_interfaces) StdoutLine: {'line': b'-- Up-to-date: /home/jonnydang2004/QUADRAPED/install/quadruped_interfaces/include/quadruped_interfaces/quadruped_interfaces/msg/rosidl_typesupport_fastrtps_cpp__visibility_control.h\n'}
[1.778776] (quadruped_interfaces) StdoutLine: {'line': b'-- Up-to-date: /home/jonnydang2004/QUADRAPED/install/quadruped_interfaces/include/quadruped_interfaces/quadruped_interfaces/msg/detail\n'}
[1.779093] (quadruped_interfaces) StdoutLine: {'line': b'-- Up-to-date: /home/jonnydang2004/QUADRAPED/install/quadruped_interfaces/include/quadruped_interfaces/quadruped_interfaces/msg/detail/dds_fastrtps\n'}
[1.779525] (quadruped_interfaces) StdoutLine: {'line': b'-- Up-to-date: /home/jonnydang2004/QUADRAPED/install/quadruped_interfaces/include/quadruped_interfaces/quadruped_interfaces/msg/detail/pos__rosidl_typesupport_fastrtps_cpp.hpp\n'}
[1.779745] (quadruped_interfaces) StdoutLine: {'line': b'-- Up-to-date: /home/jonnydang2004/QUADRAPED/install/quadruped_interfaces/lib/libquadruped_interfaces__rosidl_typesupport_fastrtps_cpp.so\n'}
[1.780257] (quadruped_interfaces) StdoutLine: {'line': b'-- Up-to-date: /home/jonnydang2004/QUADRAPED/install/quadruped_interfaces/include/quadruped_interfaces/quadruped_interfaces\n'}
[1.780663] (quadruped_interfaces) StdoutLine: {'line': b'-- Up-to-date: /home/jonnydang2004/QUADRAPED/install/quadruped_interfaces/include/quadruped_interfaces/quadruped_interfaces/msg\n'}
[1.780886] (quadruped_interfaces) StdoutLine: {'line': b'-- Up-to-date: /home/jonnydang2004/QUADRAPED/install/quadruped_interfaces/include/quadruped_interfaces/quadruped_interfaces/msg/detail\n'}
[1.781353] (quadruped_interfaces) StdoutLine: {'line': b'-- Up-to-date: /home/jonnydang2004/QUADRAPED/install/quadruped_interfaces/include/quadruped_interfaces/quadruped_interfaces/msg/detail/pos__rosidl_typesupport_introspection_cpp.hpp\n'}
[1.781806] (quadruped_interfaces) StdoutLine: {'line': b'-- Up-to-date: /home/jonnydang2004/QUADRAPED/install/quadruped_interfaces/include/quadruped_interfaces/quadruped_interfaces/msg/detail/pos__type_support.cpp\n'}
[1.782217] (quadruped_interfaces) StdoutLine: {'line': b'-- Up-to-date: /home/jonnydang2004/QUADRAPED/install/quadruped_interfaces/lib/libquadruped_interfaces__rosidl_typesupport_introspection_cpp.so\n'}
[1.782386] (quadruped_interfaces) StdoutLine: {'line': b'-- Up-to-date: /home/jonnydang2004/QUADRAPED/install/quadruped_interfaces/lib/libquadruped_interfaces__rosidl_typesupport_cpp.so\n'}
[1.782542] (quadruped_interfaces) StdoutLine: {'line': b'-- Up-to-date: /home/jonnydang2004/QUADRAPED/install/quadruped_interfaces/share/quadruped_interfaces/environment/pythonpath.sh\n'}
[1.782704] (quadruped_interfaces) StdoutLine: {'line': b'-- Up-to-date: /home/jonnydang2004/QUADRAPED/install/quadruped_interfaces/share/quadruped_interfaces/environment/pythonpath.dsv\n'}
[1.782859] (quadruped_interfaces) StdoutLine: {'line': b'-- Up-to-date: /home/jonnydang2004/QUADRAPED/install/quadruped_interfaces/lib/python3.10/site-packages/quadruped_interfaces-0.0.0-py3.10.egg-info\n'}
[1.783070] (quadruped_interfaces) StdoutLine: {'line': b'-- Installing: /home/jonnydang2004/QUADRAPED/install/quadruped_interfaces/lib/python3.10/site-packages/quadruped_interfaces-0.0.0-py3.10.egg-info/top_level.txt\n'}
[1.783235] (quadruped_interfaces) StdoutLine: {'line': b'-- Installing: /home/jonnydang2004/QUADRAPED/install/quadruped_interfaces/lib/python3.10/site-packages/quadruped_interfaces-0.0.0-py3.10.egg-info/dependency_links.txt\n'}
[1.783405] (quadruped_interfaces) StdoutLine: {'line': b'-- Installing: /home/jonnydang2004/QUADRAPED/install/quadruped_interfaces/lib/python3.10/site-packages/quadruped_interfaces-0.0.0-py3.10.egg-info/SOURCES.txt\n'}
[1.783690] (quadruped_interfaces) StdoutLine: {'line': b'-- Installing: /home/jonnydang2004/QUADRAPED/install/quadruped_interfaces/lib/python3.10/site-packages/quadruped_interfaces-0.0.0-py3.10.egg-info/PKG-INFO\n'}
[1.783908] (quadruped_interfaces) StdoutLine: {'line': b'-- Up-to-date: /home/jonnydang2004/QUADRAPED/install/quadruped_interfaces/lib/python3.10/site-packages/quadruped_interfaces\n'}
[1.784119] (quadruped_interfaces) StdoutLine: {'line': b'-- Up-to-date: /home/jonnydang2004/QUADRAPED/install/quadruped_interfaces/lib/python3.10/site-packages/quadruped_interfaces/quadruped_interfaces_s__rosidl_typesupport_fastrtps_c.cpython-310-x86_64-linux-gnu.so\n'}
[1.784286] (quadruped_interfaces) StdoutLine: {'line': b'-- Up-to-date: /home/jonnydang2004/QUADRAPED/install/quadruped_interfaces/lib/python3.10/site-packages/quadruped_interfaces/libquadruped_interfaces__rosidl_generator_py.so\n'}
[1.784441] (quadruped_interfaces) StdoutLine: {'line': b'-- Up-to-date: /home/jonnydang2004/QUADRAPED/install/quadruped_interfaces/lib/python3.10/site-packages/quadruped_interfaces/quadruped_interfaces_s__rosidl_typesupport_c.cpython-310-x86_64-linux-gnu.so\n'}
[1.785449] (quadruped_interfaces) StdoutLine: {'line': b'-- Up-to-date: /home/jonnydang2004/QUADRAPED/install/quadruped_interfaces/lib/python3.10/site-packages/quadruped_interfaces/msg\n'}
[1.785726] (quadruped_interfaces) StdoutLine: {'line': b'-- Up-to-date: /home/jonnydang2004/QUADRAPED/install/quadruped_interfaces/lib/python3.10/site-packages/quadruped_interfaces/msg/_pos_s.c\n'}
[1.785896] (quadruped_interfaces) StdoutLine: {'line': b'-- Up-to-date: /home/jonnydang2004/QUADRAPED/install/quadruped_interfaces/lib/python3.10/site-packages/quadruped_interfaces/msg/_pos.py\n'}
[1.786138] (quadruped_interfaces) StdoutLine: {'line': b'-- Up-to-date: /home/jonnydang2004/QUADRAPED/install/quadruped_interfaces/lib/python3.10/site-packages/quadruped_interfaces/msg/__init__.py\n'}
[1.786297] (quadruped_interfaces) StdoutLine: {'line': b'-- Up-to-date: /home/jonnydang2004/QUADRAPED/install/quadruped_interfaces/lib/python3.10/site-packages/quadruped_interfaces/_quadruped_interfaces_s.ep.rosidl_typesupport_introspection_c.c\n'}
[1.786565] (quadruped_interfaces) StdoutLine: {'line': b'-- Up-to-date: /home/jonnydang2004/QUADRAPED/install/quadruped_interfaces/lib/python3.10/site-packages/quadruped_interfaces/quadruped_interfaces_s__rosidl_typesupport_introspection_c.cpython-310-x86_64-linux-gnu.so\n'}
[1.786747] (quadruped_interfaces) StdoutLine: {'line': b'-- Up-to-date: /home/jonnydang2004/QUADRAPED/install/quadruped_interfaces/lib/python3.10/site-packages/quadruped_interfaces/_quadruped_interfaces_s.ep.rosidl_typesupport_c.c\n'}
[1.786893] (quadruped_interfaces) StdoutLine: {'line': b'-- Up-to-date: /home/jonnydang2004/QUADRAPED/install/quadruped_interfaces/lib/python3.10/site-packages/quadruped_interfaces/_quadruped_interfaces_s.ep.rosidl_typesupport_fastrtps_c.c\n'}
[1.787090] (quadruped_interfaces) StdoutLine: {'line': b'-- Up-to-date: /home/jonnydang2004/QUADRAPED/install/quadruped_interfaces/lib/python3.10/site-packages/quadruped_interfaces/__init__.py\n'}
[1.802371] (-) TimerEvent: {}
[1.859130] (quadruped_interfaces) StdoutLine: {'line': b"Listing '/home/jonnydang2004/QUADRAPED/install/quadruped_interfaces/lib/python3.10/site-packages/quadruped_interfaces'...\n"}
[1.859534] (quadruped_interfaces) StdoutLine: {'line': b"Listing '/home/jonnydang2004/QUADRAPED/install/quadruped_interfaces/lib/python3.10/site-packages/quadruped_interfaces/msg'...\n"}
[1.876165] (quadruped_interfaces) StdoutLine: {'line': b'-- Up-to-date: /home/jonnydang2004/QUADRAPED/install/quadruped_interfaces/lib/python3.10/site-packages/quadruped_interfaces/quadruped_interfaces_s__rosidl_typesupport_fastrtps_c.cpython-310-x86_64-linux-gnu.so\n'}
[1.877318] (quadruped_interfaces) StdoutLine: {'line': b'-- Up-to-date: /home/jonnydang2004/QUADRAPED/install/quadruped_interfaces/lib/python3.10/site-packages/quadruped_interfaces/quadruped_interfaces_s__rosidl_typesupport_introspection_c.cpython-310-x86_64-linux-gnu.so\n'}
[1.878543] (quadruped_interfaces) StdoutLine: {'line': b'-- Up-to-date: /home/jonnydang2004/QUADRAPED/install/quadruped_interfaces/lib/python3.10/site-packages/quadruped_interfaces/quadruped_interfaces_s__rosidl_typesupport_c.cpython-310-x86_64-linux-gnu.so\n'}
[1.879423] (quadruped_interfaces) StdoutLine: {'line': b'-- Up-to-date: /home/jonnydang2004/QUADRAPED/install/quadruped_interfaces/lib/libquadruped_interfaces__rosidl_generator_py.so\n'}
[1.879877] (quadruped_interfaces) StdoutLine: {'line': b'-- Up-to-date: /home/jonnydang2004/QUADRAPED/install/quadruped_interfaces/share/quadruped_interfaces/msg/Pos.idl\n'}
[1.880354] (quadruped_interfaces) StdoutLine: {'line': b'-- Up-to-date: /home/jonnydang2004/QUADRAPED/install/quadruped_interfaces/share/quadruped_interfaces/msg/Pos.msg\n'}
[1.880642] (quadruped_interfaces) StdoutLine: {'line': b'-- Up-to-date: /home/jonnydang2004/QUADRAPED/install/quadruped_interfaces/share/ament_index/resource_index/package_run_dependencies/quadruped_interfaces\n'}
[1.880873] (quadruped_interfaces) StdoutLine: {'line': b'-- Up-to-date: /home/jonnydang2004/QUADRAPED/install/quadruped_interfaces/share/ament_index/resource_index/parent_prefix_path/quadruped_interfaces\n'}
[1.881158] (quadruped_interfaces) StdoutLine: {'line': b'-- Up-to-date: /home/jonnydang2004/QUADRAPED/install/quadruped_interfaces/share/quadruped_interfaces/environment/ament_prefix_path.sh\n'}
[1.881532] (quadruped_interfaces) StdoutLine: {'line': b'-- Up-to-date: /home/jonnydang2004/QUADRAPED/install/quadruped_interfaces/share/quadruped_interfaces/environment/ament_prefix_path.dsv\n'}
[1.881803] (quadruped_interfaces) StdoutLine: {'line': b'-- Up-to-date: /home/jonnydang2004/QUADRAPED/install/quadruped_interfaces/share/quadruped_interfaces/environment/path.sh\n'}
[1.882240] (quadruped_interfaces) StdoutLine: {'line': b'-- Up-to-date: /home/jonnydang2004/QUADRAPED/install/quadruped_interfaces/share/quadruped_interfaces/environment/path.dsv\n'}
[1.882682] (quadruped_interfaces) StdoutLine: {'line': b'-- Up-to-date: /home/jonnydang2004/QUADRAPED/install/quadruped_interfaces/share/quadruped_interfaces/local_setup.bash\n'}
[1.883178] (quadruped_interfaces) StdoutLine: {'line': b'-- Up-to-date: /home/jonnydang2004/QUADRAPED/install/quadruped_interfaces/share/quadruped_interfaces/local_setup.sh\n'}
[1.883627] (quadruped_interfaces) StdoutLine: {'line': b'-- Up-to-date: /home/jonnydang2004/QUADRAPED/install/quadruped_interfaces/share/quadruped_interfaces/local_setup.zsh\n'}
[1.898081] (quadruped_interfaces) StdoutLine: {'line': b'-- Up-to-date: /home/jonnydang2004/QUADRAPED/install/quadruped_interfaces/share/quadruped_interfaces/local_setup.dsv\n'}
[1.898397] (quadruped_interfaces) StdoutLine: {'line': b'-- Installing: /home/jonnydang2004/QUADRAPED/install/quadruped_interfaces/share/quadruped_interfaces/package.dsv\n'}
[1.913041] (-) TimerEvent: {}
[1.913768] (quadruped_interfaces) StdoutLine: {'line': b'-- Up-to-date: /home/jonnydang2004/QUADRAPED/install/quadruped_interfaces/share/ament_index/resource_index/packages/quadruped_interfaces\n'}
[1.916481] (quadruped_interfaces) StdoutLine: {'line': b'-- Up-to-date: /home/jonnydang2004/QUADRAPED/install/quadruped_interfaces/share/quadruped_interfaces/cmake/export_quadruped_interfaces__rosidl_generator_cExport.cmake\n'}
[1.916907] (quadruped_interfaces) StdoutLine: {'line': b'-- Up-to-date: /home/jonnydang2004/QUADRAPED/install/quadruped_interfaces/share/quadruped_interfaces/cmake/export_quadruped_interfaces__rosidl_generator_cExport-noconfig.cmake\n'}
[1.924327] (quadruped_interfaces) StdoutLine: {'line': b'-- Up-to-date: /home/jonnydang2004/QUADRAPED/install/quadruped_interfaces/share/quadruped_interfaces/cmake/export_quadruped_interfaces__rosidl_typesupport_fastrtps_cExport.cmake\n'}
[1.925183] (quadruped_interfaces) StdoutLine: {'line': b'-- Up-to-date: /home/jonnydang2004/QUADRAPED/install/quadruped_interfaces/share/quadruped_interfaces/cmake/export_quadruped_interfaces__rosidl_typesupport_fastrtps_cExport-noconfig.cmake\n'}
[1.925452] (quadruped_interfaces) StdoutLine: {'line': b'-- Up-to-date: /home/jonnydang2004/QUADRAPED/install/quadruped_interfaces/share/quadruped_interfaces/cmake/quadruped_interfaces__rosidl_typesupport_introspection_cExport.cmake\n'}
[1.925685] (quadruped_interfaces) StdoutLine: {'line': b'-- Up-to-date: /home/jonnydang2004/QUADRAPED/install/quadruped_interfaces/share/quadruped_interfaces/cmake/quadruped_interfaces__rosidl_typesupport_introspection_cExport-noconfig.cmake\n'}
[1.926183] (quadruped_interfaces) StdoutLine: {'line': b'-- Up-to-date: /home/jonnydang2004/QUADRAPED/install/quadruped_interfaces/share/quadruped_interfaces/cmake/quadruped_interfaces__rosidl_typesupport_cExport.cmake\n'}
[1.928455] (quadruped_interfaces) StdoutLine: {'line': b'-- Up-to-date: /home/jonnydang2004/QUADRAPED/install/quadruped_interfaces/share/quadruped_interfaces/cmake/quadruped_interfaces__rosidl_typesupport_cExport-noconfig.cmake\n'}
[1.928939] (quadruped_interfaces) StdoutLine: {'line': b'-- Up-to-date: /home/jonnydang2004/QUADRAPED/install/quadruped_interfaces/share/quadruped_interfaces/cmake/export_quadruped_interfaces__rosidl_generator_cppExport.cmake\n'}
[1.929400] (quadruped_interfaces) StdoutLine: {'line': b'-- Up-to-date: /home/jonnydang2004/QUADRAPED/install/quadruped_interfaces/share/quadruped_interfaces/cmake/export_quadruped_interfaces__rosidl_typesupport_fastrtps_cppExport.cmake\n'}
[1.930287] (quadruped_interfaces) StdoutLine: {'line': b'-- Up-to-date: /home/jonnydang2004/QUADRAPED/install/quadruped_interfaces/share/quadruped_interfaces/cmake/export_quadruped_interfaces__rosidl_typesupport_fastrtps_cppExport-noconfig.cmake\n'}
[1.930950] (quadruped_interfaces) StdoutLine: {'line': b'-- Up-to-date: /home/jonnydang2004/QUADRAPED/install/quadruped_interfaces/share/quadruped_interfaces/cmake/quadruped_interfaces__rosidl_typesupport_introspection_cppExport.cmake\n'}
[1.931459] (quadruped_interfaces) StdoutLine: {'line': b'-- Up-to-date: /home/jonnydang2004/QUADRAPED/install/quadruped_interfaces/share/quadruped_interfaces/cmake/quadruped_interfaces__rosidl_typesupport_introspection_cppExport-noconfig.cmake\n'}
[1.932010] (quadruped_interfaces) StdoutLine: {'line': b'-- Up-to-date: /home/jonnydang2004/QUADRAPED/install/quadruped_interfaces/share/quadruped_interfaces/cmake/quadruped_interfaces__rosidl_typesupport_cppExport.cmake\n'}
[1.932529] (quadruped_interfaces) StdoutLine: {'line': b'-- Up-to-date: /home/jonnydang2004/QUADRAPED/install/quadruped_interfaces/share/quadruped_interfaces/cmake/quadruped_interfaces__rosidl_typesupport_cppExport-noconfig.cmake\n'}
[1.932959] (quadruped_interfaces) StdoutLine: {'line': b'-- Up-to-date: /home/jonnydang2004/QUADRAPED/install/quadruped_interfaces/share/quadruped_interfaces/cmake/export_quadruped_interfaces__rosidl_generator_pyExport.cmake\n'}
[1.933381] (quadruped_interfaces) StdoutLine: {'line': b'-- Up-to-date: /home/jonnydang2004/QUADRAPED/install/quadruped_interfaces/share/quadruped_interfaces/cmake/export_quadruped_interfaces__rosidl_generator_pyExport-noconfig.cmake\n'}
[1.934797] (quadruped_interfaces) StdoutLine: {'line': b'-- Up-to-date: /home/jonnydang2004/QUADRAPED/install/quadruped_interfaces/share/quadruped_interfaces/cmake/rosidl_cmake-extras.cmake\n'}
[1.936397] (quadruped_interfaces) StdoutLine: {'line': b'-- Up-to-date: /home/jonnydang2004/QUADRAPED/install/quadruped_interfaces/share/quadruped_interfaces/cmake/ament_cmake_export_include_directories-extras.cmake\n'}
[1.937249] (quadruped_interfaces) StdoutLine: {'line': b'-- Up-to-date: /home/jonnydang2004/QUADRAPED/install/quadruped_interfaces/share/quadruped_interfaces/cmake/ament_cmake_export_libraries-extras.cmake\n'}
[1.947723] (quadruped_interfaces) StdoutLine: {'line': b'-- Up-to-date: /home/jonnydang2004/QUADRAPED/install/quadruped_interfaces/share/quadruped_interfaces/cmake/ament_cmake_export_targets-extras.cmake\n'}
[1.948061] (quadruped_interfaces) StdoutLine: {'line': b'-- Up-to-date: /home/jonnydang2004/QUADRAPED/install/quadruped_interfaces/share/quadruped_interfaces/cmake/rosidl_cmake_export_typesupport_targets-extras.cmake\n'}
[1.948314] (quadruped_interfaces) StdoutLine: {'line': b'-- Up-to-date: /home/jonnydang2004/QUADRAPED/install/quadruped_interfaces/share/quadruped_interfaces/cmake/ament_cmake_export_dependencies-extras.cmake\n'}
[1.948520] (quadruped_interfaces) StdoutLine: {'line': b'-- Up-to-date: /home/jonnydang2004/QUADRAPED/install/quadruped_interfaces/share/quadruped_interfaces/cmake/rosidl_cmake_export_typesupport_libraries-extras.cmake\n'}
[1.948690] (quadruped_interfaces) StdoutLine: {'line': b'-- Up-to-date: /home/jonnydang2004/QUADRAPED/install/quadruped_interfaces/share/quadruped_interfaces/cmake/quadruped_interfacesConfig.cmake\n'}
[1.948920] (quadruped_interfaces) StdoutLine: {'line': b'-- Up-to-date: /home/jonnydang2004/QUADRAPED/install/quadruped_interfaces/share/quadruped_interfaces/cmake/quadruped_interfacesConfig-version.cmake\n'}
[1.949176] (quadruped_interfaces) StdoutLine: {'line': b'-- Up-to-date: /home/jonnydang2004/QUADRAPED/install/quadruped_interfaces/share/quadruped_interfaces/package.xml\n'}
[1.949423] (quadruped_interfaces) CommandEnded: {'returncode': 0}
[2.013419] (-) TimerEvent: {}
[2.114200] (-) TimerEvent: {}
[2.215067] (-) TimerEvent: {}
[2.260166] (quadruped_interfaces) JobEnded: {'identifier': 'quadruped_interfaces', 'rc': 0}
[2.263728] (quadruped_control) JobStarted: {'identifier': 'quadruped_control'}
[2.315337] (-) TimerEvent: {}
[2.416353] (-) TimerEvent: {}
[2.520142] (-) TimerEvent: {}
[2.620752] (-) TimerEvent: {}
[2.684706] (quadruped_control) JobProgress: {'identifier': 'quadruped_control', 'progress': 'cmake'}
[2.687078] (quadruped_control) JobProgress: {'identifier': 'quadruped_control', 'progress': 'build'}
[2.691685] (quadruped_control) Command: {'cmd': ['/usr/bin/cmake', '--build', '/home/jonnydang2004/QUADRAPED/build/quadruped_control', '--', '-j4', '-l4'], 'cwd': '/home/jonnydang2004/QUADRAPED/build/quadruped_control', 'env': OrderedDict([('LESSOPEN', '| /usr/bin/lesspipe %s'), ('USER', 'jonnydang2004'), ('GIT_ASKPASS', '/home/jonnydang2004/.vscode-server/bin/38c31bc77e0dd6ae88a4e9cc93428cc27a56ba40/extensions/git/dist/askpass.sh'), ('SHLVL', '1'), ('LD_LIBRARY_PATH', '/home/jonnydang2004/QUADRAPED/install/quadruped_interfaces/lib:/opt/ros/iron/opt/rviz_ogre_vendor/lib:/opt/ros/iron/lib/x86_64-linux-gnu:/opt/ros/iron/lib'), ('HOME', '/home/jonnydang2004'), ('OLDPWD', '/home/jonnydang2004/QUADRAPED/pigpio-74'), ('TERM_PROGRAM_VERSION', '1.93.1'), ('NVM_BIN', '/home/jonnydang2004/.nvm/versions/node/v18.19.0/bin'), ('VSCODE_IPC_HOOK_CLI', '/run/user/1000/vscode-ipc-aeaa321f-954c-44ec-865c-68b87d92bff0.sock'), ('NVM_INC', '/home/jonnydang2004/.nvm/versions/node/v18.19.0/include/node'), ('ROS_PYTHON_VERSION', '3'), ('VSCODE_GIT_ASKPASS_MAIN', '/home/jonnydang2004/.vscode-server/bin/38c31bc77e0dd6ae88a4e9cc93428cc27a56ba40/extensions/git/dist/askpass-main.js'), ('VSCODE_GIT_ASKPASS_NODE', '/home/jonnydang2004/.vscode-server/bin/38c31bc77e0dd6ae88a4e9cc93428cc27a56ba40/node'), ('DBUS_SESSION_BUS_ADDRESS', 'unix:path=/run/user/1000/bus'), ('COLORTERM', 'truecolor'), ('WSL_DISTRO_NAME', 'Ubuntu'), ('NVM_DIR', '/home/jonnydang2004/.nvm'), ('WAYLAND_DISPLAY', 'wayland-0'), ('ROS_DISTRO', 'iron'), ('LOGNAME', 'jonnydang2004'), ('NAME', 'DESKTOP-JO2E52O'), ('WSL_INTEROP', '/run/WSL/33065_interop'), ('PULSE_SERVER', 'unix:/mnt/wslg/PulseServer'), ('_', '/usr/bin/colcon'), ('ROS_VERSION', '2'), ('TERM', 'xterm-256color'), ('_colcon_cd_rott', '/opt/ros/iron/'), ('PATH', '/home/jonnydang2004/.vscode-server/bin/38c31bc77e0dd6ae88a4e9cc93428cc27a56ba40/bin/remote-cli:/home/jonnydang2004/.local/bin:/opt/ros/iron/bin:/home/jonnydang2004/.nvm/versions/node/v18.19.0/bin:/usr/local/sbin:/usr/local/bin:/usr/sbin:/usr/bin:/sbin:/bin:/usr/games:/usr/local/games:/usr/lib/wsl/lib:/mnt/c/Windows/system32:/mnt/c/Windows:/mnt/c/Windows/System32/Wbem:/mnt/c/Windows/System32/WindowsPowerShell/v1.0/:/mnt/c/Windows/System32/OpenSSH/:/mnt/c/Program Files (x86)/Intel/Intel(R) Management Engine Components/DAL:/mnt/c/Program Files/Intel/Intel(R) Management Engine Components/DAL:/mnt/c/Program Files/MATLAB/R2023b/bin:/mnt/c/Program Files/MATLAB/R2022a/bin:/mnt/c/Program Files/Docker/Docker/resources/bin:/mnt/c/Program Files/dotnet/:/mnt/c/Program Files/:/mnt/c/Program Files/Git/cmd:/mnt/c/Program Files (x86)/IVI Foundation/VISA/WinNT/Bin/:/mnt/c/Program Files/IVI Foundation/VISA/Win64/Bin/:/mnt/c/Program Files (x86)/National Instruments/Shared/LabVIEW CLI:/mnt/c/Program Files (x86)/IVI Foundation/IVI/Bin/:/mnt/c/Program Files/IVI Foundation/IVI/Bin/:/mnt/c/Program Files (x86)/IVI Foundation/VISA/WinNT/Bin:/mnt/c/Users/User/AppData/Local/Programs/Python/Python310/Scripts/:/mnt/c/Users/User/AppData/Local/Programs/Python/Python310/:/mnt/c/Users/User/AppData/Local/Microsoft/WindowsApps:/mnt/c/Users/User/AppData/Local/Programs/Microsoft VS Code/bin:/mnt/c/Users/User/AppData/Roaming/npm:/snap/bin:/opt/gradle/gradle-8.5/bin:/opt/gradle/gradle-8.5/bin'), ('XDG_RUNTIME_DIR', '/run/user/1000/'), ('DISPLAY', ':0'), ('LANG', 'en_US.UTF-8'), ('LS_COLORS', 'rs=0:di=01;34:ln=01;36:mh=00:pi=40;33:so=01;35:do=01;35:bd=40;33;01:cd=40;33;01:or=40;31;01:mi=00:su=37;41:sg=30;43:ca=30;41:tw=30;42:ow=34;42:st=37;44:ex=01;32:*.tar=01;31:*.tgz=01;31:*.arc=01;31:*.arj=01;31:*.taz=01;31:*.lha=01;31:*.lz4=01;31:*.lzh=01;31:*.lzma=01;31:*.tlz=01;31:*.txz=01;31:*.tzo=01;31:*.t7z=01;31:*.zip=01;31:*.z=01;31:*.dz=01;31:*.gz=01;31:*.lrz=01;31:*.lz=01;31:*.lzo=01;31:*.xz=01;31:*.zst=01;31:*.tzst=01;31:*.bz2=01;31:*.bz=01;31:*.tbz=01;31:*.tbz2=01;31:*.tz=01;31:*.deb=01;31:*.rpm=01;31:*.jar=01;31:*.war=01;31:*.ear=01;31:*.sar=01;31:*.rar=01;31:*.alz=01;31:*.ace=01;31:*.zoo=01;31:*.cpio=01;31:*.7z=01;31:*.rz=01;31:*.cab=01;31:*.wim=01;31:*.swm=01;31:*.dwm=01;31:*.esd=01;31:*.jpg=01;35:*.jpeg=01;35:*.mjpg=01;35:*.mjpeg=01;35:*.gif=01;35:*.bmp=01;35:*.pbm=01;35:*.pgm=01;35:*.ppm=01;35:*.tga=01;35:*.xbm=01;35:*.xpm=01;35:*.tif=01;35:*.tiff=01;35:*.png=01;35:*.svg=01;35:*.svgz=01;35:*.mng=01;35:*.pcx=01;35:*.mov=01;35:*.mpg=01;35:*.mpeg=01;35:*.m2v=01;35:*.mkv=01;35:*.webm=01;35:*.webp=01;35:*.ogm=01;35:*.mp4=01;35:*.m4v=01;35:*.mp4v=01;35:*.vob=01;35:*.qt=01;35:*.nuv=01;35:*.wmv=01;35:*.asf=01;35:*.rm=01;35:*.rmvb=01;35:*.flc=01;35:*.avi=01;35:*.fli=01;35:*.flv=01;35:*.gl=01;35:*.dl=01;35:*.xcf=01;35:*.xwd=01;35:*.yuv=01;35:*.cgm=01;35:*.emf=01;35:*.ogv=01;35:*.ogx=01;35:*.aac=00;36:*.au=00;36:*.flac=00;36:*.m4a=00;36:*.mid=00;36:*.midi=00;36:*.mka=00;36:*.mp3=00;36:*.mpc=00;36:*.ogg=00;36:*.ra=00;36:*.wav=00;36:*.oga=00;36:*.opus=00;36:*.spx=00;36:*.xspf=00;36:'), ('VSCODE_GIT_IPC_HANDLE', '/run/user/1000/vscode-git-f95bf93406.sock'), ('TERM_PROGRAM', 'vscode'), ('AMENT_PREFIX_PATH', '/home/jonnydang2004/QUADRAPED/install/quadruped_interfaces:/opt/ros/iron'), ('SHELL', '/bin/bash'), ('LESSCLOSE', '/usr/bin/lesspipe %s %s'), ('ROS_AUTOMATIC_DISCOVERY_RANGE', 'SUBNET'), ('VSCODE_GIT_ASKPASS_EXTRA_ARGS', ''), ('PWD', '/home/jonnydang2004/QUADRAPED/build/quadruped_control'), ('NVM_CD_FLAGS', ''), ('XDG_DATA_DIRS', '/usr/local/share:/usr/share:/var/lib/snapd/desktop'), ('PYTHONPATH', '/home/jonnydang2004/QUADRAPED/install/quadruped_interfaces/lib/python3.10/site-packages:/opt/ros/iron/lib/python3.10/site-packages'), ('COLCON', '1'), ('WSL2_GUI_APPS_ENABLED', '1'), ('HOSTTYPE', 'x86_64'), ('WSLENV', 'VSCODE_WSL_EXT_LOCATION/up'), ('CMAKE_PREFIX_PATH', '/home/jonnydang2004/QUADRAPED/install/quadruped_interfaces:/opt/ros/iron')]), 'shell': False}
[2.720946] (-) TimerEvent: {}
[2.816903] (quadruped_control) StdoutLine: {'line': b'\x1b[35m\x1b[1mConsolidate compiler generated dependencies of target motor_config\x1b[0m\n'}
[2.821099] (-) TimerEvent: {}
[2.886207] (quadruped_control) StdoutLine: {'line': b'[ 50%] Built target inverse_kinematics\n'}
[2.915690] (quadruped_control) StdoutLine: {'line': b'[ 75%] \x1b[32mBuilding CXX object CMakeFiles/motor_config.dir/src/motor_config.cpp.o\x1b[0m\n'}
[2.921313] (-) TimerEvent: {}
[3.021940] (-) TimerEvent: {}
[3.122699] (-) TimerEvent: {}
[3.223972] (-) TimerEvent: {}
[3.324534] (-) TimerEvent: {}
[3.425048] (-) TimerEvent: {}
[3.525564] (-) TimerEvent: {}
[3.626186] (-) TimerEvent: {}
[3.726735] (-) TimerEvent: {}
[3.827354] (-) TimerEvent: {}
[3.927914] (-) TimerEvent: {}
[4.028462] (-) TimerEvent: {}
[4.129026] (-) TimerEvent: {}
[4.229579] (-) TimerEvent: {}
[4.330137] (-) TimerEvent: {}
[4.430619] (-) TimerEvent: {}
[4.531210] (-) TimerEvent: {}
[4.631770] (-) TimerEvent: {}
[4.732359] (-) TimerEvent: {}
[4.833011] (-) TimerEvent: {}
[4.933595] (-) TimerEvent: {}
[5.034188] (-) TimerEvent: {}
[5.136615] (-) TimerEvent: {}
[5.237344] (-) TimerEvent: {}
[5.338506] (-) TimerEvent: {}
[5.439019] (-) TimerEvent: {}
[5.541213] (-) TimerEvent: {}
[5.641972] (-) TimerEvent: {}
[5.742570] (-) TimerEvent: {}
[5.843196] (-) TimerEvent: {}
[5.943791] (-) TimerEvent: {}
[6.044366] (-) TimerEvent: {}
[6.144963] (-) TimerEvent: {}
[6.245559] (-) TimerEvent: {}
[6.346128] (-) TimerEvent: {}
[6.446817] (-) TimerEvent: {}
[6.547325] (-) TimerEvent: {}
[6.647980] (-) TimerEvent: {}
[6.748617] (-) TimerEvent: {}
[6.849167] (-) TimerEvent: {}
[6.949801] (-) TimerEvent: {}
[7.050431] (-) TimerEvent: {}
[7.151082] (-) TimerEvent: {}
[7.251642] (-) TimerEvent: {}
[7.352205] (-) TimerEvent: {}
[7.452864] (-) TimerEvent: {}
[7.553431] (-) TimerEvent: {}
[7.654001] (-) TimerEvent: {}
[7.754628] (-) TimerEvent: {}
[7.855217] (-) TimerEvent: {}
[7.955832] (-) TimerEvent: {}
[8.056509] (-) TimerEvent: {}
[8.157071] (-) TimerEvent: {}
[8.257649] (-) TimerEvent: {}
[8.358271] (-) TimerEvent: {}
[8.458840] (-) TimerEvent: {}
[8.559446] (-) TimerEvent: {}
[8.660082] (-) TimerEvent: {}
[8.760674] (-) TimerEvent: {}
[8.861408] (-) TimerEvent: {}
[8.961944] (-) TimerEvent: {}
[9.062525] (-) TimerEvent: {}
[9.163047] (-) TimerEvent: {}
[9.263660] (-) TimerEvent: {}
[9.364231] (-) TimerEvent: {}
[9.464874] (-) TimerEvent: {}
[9.565556] (-) TimerEvent: {}
[9.666203] (-) TimerEvent: {}
[9.766901] (-) TimerEvent: {}
[9.867502] (-) TimerEvent: {}
[9.968057] (-) TimerEvent: {}
[10.068628] (-) TimerEvent: {}
[10.169228] (-) TimerEvent: {}
[10.269862] (-) TimerEvent: {}
[10.370568] (-) TimerEvent: {}
[10.471191] (-) TimerEvent: {}
[10.571745] (-) TimerEvent: {}
[10.672315] (-) TimerEvent: {}
[10.772852] (-) TimerEvent: {}
[10.873484] (-) TimerEvent: {}
[10.976758] (-) TimerEvent: {}
[11.077367] (-) TimerEvent: {}
[11.178056] (-) TimerEvent: {}
[11.278625] (-) TimerEvent: {}
[11.379292] (-) TimerEvent: {}
[11.479877] (-) TimerEvent: {}
[11.572446] (quadruped_control) StderrLine: {'line': b'\x1b[01m\x1b[K/home/jonnydang2004/QUADRAPED/src/quadruped_control/src/motor_config.cpp:\x1b[m\x1b[K In constructor \xe2\x80\x98\x1b[01m\x1b[KMotorConfig::MotorConfig()\x1b[m\x1b[K\xe2\x80\x99:\n'}
[11.573072] (quadruped_control) StderrLine: {'line': b'\x1b[01m\x1b[K/home/jonnydang2004/QUADRAPED/src/quadruped_control/src/motor_config.cpp:43:30:\x1b[m\x1b[K \x1b[01;31m\x1b[Kerror: \x1b[m\x1b[Kno match for \xe2\x80\x98\x1b[01m\x1b[Koperator=\x1b[m\x1b[K\xe2\x80\x99 (operand types are \xe2\x80\x98\x1b[01m\x1b[Kstd::array<std::array<int, 4>, 2>\x1b[m\x1b[K\xe2\x80\x99 and \xe2\x80\x98\x1b[01m\x1b[K<brace-enclosed initializer list>\x1b[m\x1b[K\xe2\x80\x99)\n'}
[11.573712] (quadruped_control) StderrLine: {'line': b'   43 |                 {12, 8, 0, 4}\x1b[01;31m\x1b[K}\x1b[m\x1b[K;\n'}
[11.575136] (quadruped_control) StderrLine: {'line': b'      |                              \x1b[01;31m\x1b[K^\x1b[m\x1b[K\n'}
[11.576742] (quadruped_control) StderrLine: {'line': b'In file included from \x1b[01m\x1b[K/usr/include/c++/11/tuple:39\x1b[m\x1b[K,\n'}
[11.578013] (quadruped_control) StderrLine: {'line': b'                 from \x1b[01m\x1b[K/usr/include/c++/11/bits/unique_ptr.h:37\x1b[m\x1b[K,\n'}
[11.578284] (quadruped_control) StderrLine: {'line': b'                 from \x1b[01m\x1b[K/usr/include/c++/11/memory:76\x1b[m\x1b[K,\n'}
[11.578544] (quadruped_control) StderrLine: {'line': b'                 from \x1b[01m\x1b[K/opt/ros/iron/include/rclcpp/rclcpp/rclcpp.hpp:165\x1b[m\x1b[K,\n'}
[11.578842] (quadruped_control) StderrLine: {'line': b'                 from \x1b[01m\x1b[K/home/jonnydang2004/QUADRAPED/src/quadruped_control/src/motor_config.cpp:1\x1b[m\x1b[K:\n'}
[11.579020] (quadruped_control) StderrLine: {'line': b'\x1b[01m\x1b[K/usr/include/c++/11/array:95:12:\x1b[m\x1b[K \x1b[01;36m\x1b[Knote: \x1b[m\x1b[Kcandidate: \xe2\x80\x98\x1b[01m\x1b[Kconstexpr std::array<std::array<int, 4>, 2>& std::array<std::array<int, 4>, 2>::operator=(const std::array<std::array<int, 4>, 2>&)\x1b[m\x1b[K\xe2\x80\x99\n'}
[11.579237] (quadruped_control) StderrLine: {'line': b'   95 |     struct \x1b[01;36m\x1b[Karray\x1b[m\x1b[K\n'}
[11.579455] (quadruped_control) StderrLine: {'line': b'      |            \x1b[01;36m\x1b[K^~~~~\x1b[m\x1b[K\n'}
[11.579634] (quadruped_control) StderrLine: {'line': b'\x1b[01m\x1b[K/usr/include/c++/11/array:95:12:\x1b[m\x1b[K \x1b[01;36m\x1b[Knote: \x1b[m\x1b[K  no known conversion for argument 1 from \xe2\x80\x98\x1b[01m\x1b[K<brace-enclosed initializer list>\x1b[m\x1b[K\xe2\x80\x99 to \xe2\x80\x98\x1b[01m\x1b[Kconst std::array<std::array<int, 4>, 2>&\x1b[m\x1b[K\xe2\x80\x99\n'}
[11.579868] (quadruped_control) StderrLine: {'line': b'\x1b[01m\x1b[K/usr/include/c++/11/array:95:12:\x1b[m\x1b[K \x1b[01;36m\x1b[Knote: \x1b[m\x1b[Kcandidate: \xe2\x80\x98\x1b[01m\x1b[Kconstexpr std::array<std::array<int, 4>, 2>& std::array<std::array<int, 4>, 2>::operator=(std::array<std::array<int, 4>, 2>&&)\x1b[m\x1b[K\xe2\x80\x99\n'}
[11.580075] (-) TimerEvent: {}
[11.580309] (quadruped_control) StderrLine: {'line': b'\x1b[01m\x1b[K/usr/include/c++/11/array:95:12:\x1b[m\x1b[K \x1b[01;36m\x1b[Knote: \x1b[m\x1b[K  no known conversion for argument 1 from \xe2\x80\x98\x1b[01m\x1b[K<brace-enclosed initializer list>\x1b[m\x1b[K\xe2\x80\x99 to \xe2\x80\x98\x1b[01m\x1b[Kstd::array<std::array<int, 4>, 2>&&\x1b[m\x1b[K\xe2\x80\x99\n'}
[11.580583] (quadruped_control) StderrLine: {'line': b'\x1b[01m\x1b[K/home/jonnydang2004/QUADRAPED/src/quadruped_control/src/motor_config.cpp:48:60:\x1b[m\x1b[K \x1b[01;31m\x1b[Kerror: \x1b[m\x1b[Kambiguous overload for \xe2\x80\x98\x1b[01m\x1b[Koperator=\x1b[m\x1b[K\xe2\x80\x99 (operand types are \xe2\x80\x98\x1b[01m\x1b[KServo\x1b[m\x1b[K\xe2\x80\x99 and \xe2\x80\x98\x1b[01m\x1b[KServo*\x1b[m\x1b[K\xe2\x80\x99)\n'}
[11.580718] (quadruped_control) StderrLine: {'line': b'   48 |         front_left_upper_servo = new Servo(front_left_upper\x1b[01;31m\x1b[K)\x1b[m\x1b[K;\n'}
[11.580859] (quadruped_control) StderrLine: {'line': b'      |                                                            \x1b[01;31m\x1b[K^\x1b[m\x1b[K\n'}
[11.581054] (quadruped_control) StderrLine: {'line': b'In file included from \x1b[01m\x1b[K/home/jonnydang2004/QUADRAPED/src/quadruped_control/src/motor_config.cpp:7\x1b[m\x1b[K:\n'}
[11.581245] (quadruped_control) StderrLine: {'line': b'\x1b[01m\x1b[K/home/jonnydang2004/QUADRAPED/src/quadruped_control/src/Servo.h:5:7:\x1b[m\x1b[K \x1b[01;36m\x1b[Knote: \x1b[m\x1b[Kcandidate: \xe2\x80\x98\x1b[01m\x1b[Kconstexpr Servo& Servo::operator=(const Servo&)\x1b[m\x1b[K\xe2\x80\x99 (near match)\n'}
[11.581492] (quadruped_control) StderrLine: {'line': b'    5 | class \x1b[01;36m\x1b[KServo\x1b[m\x1b[K {\n'}
[11.581628] (quadruped_control) StderrLine: {'line': b'      |       \x1b[01;36m\x1b[K^~~~~\x1b[m\x1b[K\n'}
[11.581827] (quadruped_control) StderrLine: {'line': b'\x1b[01m\x1b[K/home/jonnydang2004/QUADRAPED/src/quadruped_control/src/Servo.h:5:7:\x1b[m\x1b[K \x1b[01;36m\x1b[Knote: \x1b[m\x1b[K  conversion of argument 1 would be ill-formed:\n'}
[11.582021] (quadruped_control) StderrLine: {'line': b'\x1b[01m\x1b[K/home/jonnydang2004/QUADRAPED/src/quadruped_control/src/motor_config.cpp:48:34:\x1b[m\x1b[K \x1b[01;31m\x1b[Kerror: \x1b[m\x1b[Kinvalid user-defined conversion from \xe2\x80\x98\x1b[01m\x1b[KServo*\x1b[m\x1b[K\xe2\x80\x99 to \xe2\x80\x98\x1b[01m\x1b[Kconst Servo&\x1b[m\x1b[K\xe2\x80\x99 [\x1b[01;31m\x1b[K\x1b]8;;https://gcc.gnu.org/onlinedocs/gcc/Warning-Options.html#index-fpermissive\x07-fpermissive\x1b]8;;\x07\x1b[m\x1b[K]\n'}
[11.582217] (quadruped_control) StderrLine: {'line': b'   48 |         front_left_upper_servo = \x1b[01;31m\x1b[Knew Servo(front_left_upper)\x1b[m\x1b[K;\n'}
[11.582322] (quadruped_control) StderrLine: {'line': b'      |                                  \x1b[01;31m\x1b[K^~~~~~~~~~~~~~~~~~~~~~~~~~~\x1b[m\x1b[K\n'}
[11.582546] (quadruped_control) StderrLine: {'line': b'In file included from \x1b[01m\x1b[K/home/jonnydang2004/QUADRAPED/src/quadruped_control/src/motor_config.cpp:7\x1b[m\x1b[K:\n'}
[11.582749] (quadruped_control) StderrLine: {'line': b'\x1b[01m\x1b[K/home/jonnydang2004/QUADRAPED/src/quadruped_control/src/Servo.h:8:5:\x1b[m\x1b[K \x1b[01;36m\x1b[Knote: \x1b[m\x1b[Kcandidate is: \xe2\x80\x98\x1b[01m\x1b[KServo::Servo(uint8_t)\x1b[m\x1b[K\xe2\x80\x99 (near match)\n'}
[11.584711] (quadruped_control) StderrLine: {'line': b'    8 |     \x1b[01;36m\x1b[KServo\x1b[m\x1b[K(uint8_t gp);\n'}
[11.585062] (quadruped_control) StderrLine: {'line': b'      |     \x1b[01;36m\x1b[K^~~~~\x1b[m\x1b[K\n'}
[11.585914] (quadruped_control) StderrLine: {'line': b'\x1b[01m\x1b[K/home/jonnydang2004/QUADRAPED/src/quadruped_control/src/Servo.h:8:5:\x1b[m\x1b[K \x1b[01;36m\x1b[Knote: \x1b[m\x1b[K  conversion of argument 1 would be ill-formed:\n'}
[11.595410] (quadruped_control) StderrLine: {'line': b'\x1b[01m\x1b[K/home/jonnydang2004/QUADRAPED/src/quadruped_control/src/motor_config.cpp:48:34:\x1b[m\x1b[K \x1b[01;31m\x1b[Kerror: \x1b[m\x1b[Kinvalid conversion from \xe2\x80\x98\x1b[01m\x1b[KServo*\x1b[m\x1b[K\xe2\x80\x99 to \xe2\x80\x98\x1b[01m\x1b[Kuint8_t\x1b[m\x1b[K\xe2\x80\x99 {aka \xe2\x80\x98\x1b[01m\x1b[Kunsigned char\x1b[m\x1b[K\xe2\x80\x99} [\x1b[01;31m\x1b[K\x1b]8;;https://gcc.gnu.org/onlinedocs/gcc/Warning-Options.html#index-fpermissive\x07-fpermissive\x1b]8;;\x07\x1b[m\x1b[K]\n'}
[11.595855] (quadruped_control) StderrLine: {'line': b'   48 |         front_left_upper_servo = \x1b[01;31m\x1b[Knew Servo(front_left_upper)\x1b[m\x1b[K;\n'}
[11.596178] (quadruped_control) StderrLine: {'line': b'      |                                  \x1b[01;31m\x1b[K^~~~~~~~~~~~~~~~~~~~~~~~~~~\x1b[m\x1b[K\n'}
[11.596555] (quadruped_control) StderrLine: {'line': b'      |                                  \x1b[01;31m\x1b[K|\x1b[m\x1b[K\n'}
[11.596850] (quadruped_control) StderrLine: {'line': b'      |                                  \x1b[01;31m\x1b[KServo*\x1b[m\x1b[K\n'}
[11.597134] (quadruped_control) StderrLine: {'line': b'\x1b[01m\x1b[K/home/jonnydang2004/QUADRAPED/src/quadruped_control/src/motor_config.cpp:48:34:\x1b[m\x1b[K \x1b[01;31m\x1b[Kerror: \x1b[m\x1b[Kinvalid conversion from \xe2\x80\x98\x1b[01m\x1b[KServo*\x1b[m\x1b[K\xe2\x80\x99 to \xe2\x80\x98\x1b[01m\x1b[Kuint8_t\x1b[m\x1b[K\xe2\x80\x99 {aka \xe2\x80\x98\x1b[01m\x1b[Kunsigned char\x1b[m\x1b[K\xe2\x80\x99} [\x1b[01;31m\x1b[K\x1b]8;;https://gcc.gnu.org/onlinedocs/gcc/Warning-Options.html#index-fpermissive\x07-fpermissive\x1b]8;;\x07\x1b[m\x1b[K]\n'}
[11.597377] (quadruped_control) StderrLine: {'line': b'   48 |         front_left_upper_servo = \x1b[01;31m\x1b[Knew Servo(front_left_upper)\x1b[m\x1b[K;\n'}
[11.597619] (quadruped_control) StderrLine: {'line': b'      |                                  \x1b[01;31m\x1b[K^~~~~~~~~~~~~~~~~~~~~~~~~~~\x1b[m\x1b[K\n'}
[11.597843] (quadruped_control) StderrLine: {'line': b'      |                                  \x1b[01;31m\x1b[K|\x1b[m\x1b[K\n'}
[11.598104] (quadruped_control) StderrLine: {'line': b'      |                                  \x1b[01;31m\x1b[KServo*\x1b[m\x1b[K\n'}
[11.598324] (quadruped_control) StderrLine: {'line': b'In file included from \x1b[01m\x1b[K/home/jonnydang2004/QUADRAPED/src/quadruped_control/src/motor_config.cpp:7\x1b[m\x1b[K:\n'}
[11.598525] (quadruped_control) StderrLine: {'line': b'\x1b[01m\x1b[K/home/jonnydang2004/QUADRAPED/src/quadruped_control/src/Servo.h:8:19:\x1b[m\x1b[K \x1b[01;36m\x1b[Knote: \x1b[m\x1b[K  initializing argument 1 of \xe2\x80\x98\x1b[01m\x1b[KServo::Servo(uint8_t)\x1b[m\x1b[K\xe2\x80\x99\n'}
[11.598726] (quadruped_control) StderrLine: {'line': b'    8 |     Servo(\x1b[01;36m\x1b[Kuint8_t gp\x1b[m\x1b[K);\n'}
[11.598949] (quadruped_control) StderrLine: {'line': b'      |           \x1b[01;36m\x1b[K~~~~~~~~^~\x1b[m\x1b[K\n'}
[11.599173] (quadruped_control) StderrLine: {'line': b'\x1b[01m\x1b[K/home/jonnydang2004/QUADRAPED/src/quadruped_control/src/Servo.h:5:7:\x1b[m\x1b[K \x1b[01;36m\x1b[Knote: \x1b[m\x1b[Kcandidate: \xe2\x80\x98\x1b[01m\x1b[Kconstexpr Servo& Servo::operator=(Servo&&)\x1b[m\x1b[K\xe2\x80\x99 (near match)\n'}
[11.599375] (quadruped_control) StderrLine: {'line': b'    5 | class \x1b[01;36m\x1b[KServo\x1b[m\x1b[K {\n'}
[11.599571] (quadruped_control) StderrLine: {'line': b'      |       \x1b[01;36m\x1b[K^~~~~\x1b[m\x1b[K\n'}
[11.599776] (quadruped_control) StderrLine: {'line': b'\x1b[01m\x1b[K/home/jonnydang2004/QUADRAPED/src/quadruped_control/src/Servo.h:5:7:\x1b[m\x1b[K \x1b[01;36m\x1b[Knote: \x1b[m\x1b[K  conversion of argument 1 would be ill-formed:\n'}
[11.600067] (quadruped_control) StderrLine: {'line': b'\x1b[01m\x1b[K/home/jonnydang2004/QUADRAPED/src/quadruped_control/src/motor_config.cpp:48:34:\x1b[m\x1b[K \x1b[01;31m\x1b[Kerror: \x1b[m\x1b[Kinvalid user-defined conversion from \xe2\x80\x98\x1b[01m\x1b[KServo*\x1b[m\x1b[K\xe2\x80\x99 to \xe2\x80\x98\x1b[01m\x1b[KServo&&\x1b[m\x1b[K\xe2\x80\x99 [\x1b[01;31m\x1b[K\x1b]8;;https://gcc.gnu.org/onlinedocs/gcc/Warning-Options.html#index-fpermissive\x07-fpermissive\x1b]8;;\x07\x1b[m\x1b[K]\n'}
[11.600301] (quadruped_control) StderrLine: {'line': b'   48 |         front_left_upper_servo = \x1b[01;31m\x1b[Knew Servo(front_left_upper)\x1b[m\x1b[K;\n'}
[11.600543] (quadruped_control) StderrLine: {'line': b'      |                                  \x1b[01;31m\x1b[K^~~~~~~~~~~~~~~~~~~~~~~~~~~\x1b[m\x1b[K\n'}
[11.600771] (quadruped_control) StderrLine: {'line': b'In file included from \x1b[01m\x1b[K/home/jonnydang2004/QUADRAPED/src/quadruped_control/src/motor_config.cpp:7\x1b[m\x1b[K:\n'}
[11.601072] (quadruped_control) StderrLine: {'line': b'\x1b[01m\x1b[K/home/jonnydang2004/QUADRAPED/src/quadruped_control/src/Servo.h:8:5:\x1b[m\x1b[K \x1b[01;36m\x1b[Knote: \x1b[m\x1b[Kcandidate is: \xe2\x80\x98\x1b[01m\x1b[KServo::Servo(uint8_t)\x1b[m\x1b[K\xe2\x80\x99 (near match)\n'}
[11.601438] (quadruped_control) StderrLine: {'line': b'    8 |     \x1b[01;36m\x1b[KServo\x1b[m\x1b[K(uint8_t gp);\n'}
[11.601832] (quadruped_control) StderrLine: {'line': b'      |     \x1b[01;36m\x1b[K^~~~~\x1b[m\x1b[K\n'}
[11.602211] (quadruped_control) StderrLine: {'line': b'\x1b[01m\x1b[K/home/jonnydang2004/QUADRAPED/src/quadruped_control/src/Servo.h:8:5:\x1b[m\x1b[K \x1b[01;36m\x1b[Knote: \x1b[m\x1b[K  conversion of argument 1 would be ill-formed:\n'}
[11.602616] (quadruped_control) StderrLine: {'line': b'\x1b[01m\x1b[K/home/jonnydang2004/QUADRAPED/src/quadruped_control/src/motor_config.cpp:48:34:\x1b[m\x1b[K \x1b[01;31m\x1b[Kerror: \x1b[m\x1b[Kinvalid conversion from \xe2\x80\x98\x1b[01m\x1b[KServo*\x1b[m\x1b[K\xe2\x80\x99 to \xe2\x80\x98\x1b[01m\x1b[Kuint8_t\x1b[m\x1b[K\xe2\x80\x99 {aka \xe2\x80\x98\x1b[01m\x1b[Kunsigned char\x1b[m\x1b[K\xe2\x80\x99} [\x1b[01;31m\x1b[K\x1b]8;;https://gcc.gnu.org/onlinedocs/gcc/Warning-Options.html#index-fpermissive\x07-fpermissive\x1b]8;;\x07\x1b[m\x1b[K]\n'}
[11.602973] (quadruped_control) StderrLine: {'line': b'   48 |         front_left_upper_servo = \x1b[01;31m\x1b[Knew Servo(front_left_upper)\x1b[m\x1b[K;\n'}
[11.603232] (quadruped_control) StderrLine: {'line': b'      |                                  \x1b[01;31m\x1b[K^~~~~~~~~~~~~~~~~~~~~~~~~~~\x1b[m\x1b[K\n'}
[11.603491] (quadruped_control) StderrLine: {'line': b'      |                                  \x1b[01;31m\x1b[K|\x1b[m\x1b[K\n'}
[11.603672] (quadruped_control) StderrLine: {'line': b'      |                                  \x1b[01;31m\x1b[KServo*\x1b[m\x1b[K\n'}
[11.603836] (quadruped_control) StderrLine: {'line': b'\x1b[01m\x1b[K/home/jonnydang2004/QUADRAPED/src/quadruped_control/src/motor_config.cpp:48:34:\x1b[m\x1b[K \x1b[01;31m\x1b[Kerror: \x1b[m\x1b[Kinvalid conversion from \xe2\x80\x98\x1b[01m\x1b[KServo*\x1b[m\x1b[K\xe2\x80\x99 to \xe2\x80\x98\x1b[01m\x1b[Kuint8_t\x1b[m\x1b[K\xe2\x80\x99 {aka \xe2\x80\x98\x1b[01m\x1b[Kunsigned char\x1b[m\x1b[K\xe2\x80\x99} [\x1b[01;31m\x1b[K\x1b]8;;https://gcc.gnu.org/onlinedocs/gcc/Warning-Options.html#index-fpermissive\x07-fpermissive\x1b]8;;\x07\x1b[m\x1b[K]\n'}
[11.604052] (quadruped_control) StderrLine: {'line': b'   48 |         front_left_upper_servo = \x1b[01;31m\x1b[Knew Servo(front_left_upper)\x1b[m\x1b[K;\n'}
[11.604203] (quadruped_control) StderrLine: {'line': b'      |                                  \x1b[01;31m\x1b[K^~~~~~~~~~~~~~~~~~~~~~~~~~~\x1b[m\x1b[K\n'}
[11.604341] (quadruped_control) StderrLine: {'line': b'      |                                  \x1b[01;31m\x1b[K|\x1b[m\x1b[K\n'}
[11.604487] (quadruped_control) StderrLine: {'line': b'      |                                  \x1b[01;31m\x1b[KServo*\x1b[m\x1b[K\n'}
[11.604632] (quadruped_control) StderrLine: {'line': b'In file included from \x1b[01m\x1b[K/home/jonnydang2004/QUADRAPED/src/quadruped_control/src/motor_config.cpp:7\x1b[m\x1b[K:\n'}
[11.604779] (quadruped_control) StderrLine: {'line': b'\x1b[01m\x1b[K/home/jonnydang2004/QUADRAPED/src/quadruped_control/src/Servo.h:8:19:\x1b[m\x1b[K \x1b[01;36m\x1b[Knote: \x1b[m\x1b[K  initializing argument 1 of \xe2\x80\x98\x1b[01m\x1b[KServo::Servo(uint8_t)\x1b[m\x1b[K\xe2\x80\x99\n'}
[11.605045] (quadruped_control) StderrLine: {'line': b'    8 |     Servo(\x1b[01;36m\x1b[Kuint8_t gp\x1b[m\x1b[K);\n'}
[11.605259] (quadruped_control) StderrLine: {'line': b'      |           \x1b[01;36m\x1b[K~~~~~~~~^~\x1b[m\x1b[K\n'}
[11.605472] (quadruped_control) StderrLine: {'line': b'\x1b[01m\x1b[K/home/jonnydang2004/QUADRAPED/src/quadruped_control/src/motor_config.cpp:49:60:\x1b[m\x1b[K \x1b[01;31m\x1b[Kerror: \x1b[m\x1b[Kambiguous overload for \xe2\x80\x98\x1b[01m\x1b[Koperator=\x1b[m\x1b[K\xe2\x80\x99 (operand types are \xe2\x80\x98\x1b[01m\x1b[KServo\x1b[m\x1b[K\xe2\x80\x99 and \xe2\x80\x98\x1b[01m\x1b[KServo*\x1b[m\x1b[K\xe2\x80\x99)\n'}
[11.605719] (quadruped_control) StderrLine: {'line': b'   49 |         front_left_lower_servo = new Servo(front_left_lower\x1b[01;31m\x1b[K)\x1b[m\x1b[K;\n'}
[11.606085] (quadruped_control) StderrLine: {'line': b'      |                                                            \x1b[01;31m\x1b[K^\x1b[m\x1b[K\n'}
[11.606363] (quadruped_control) StderrLine: {'line': b'In file included from \x1b[01m\x1b[K/home/jonnydang2004/QUADRAPED/src/quadruped_control/src/motor_config.cpp:7\x1b[m\x1b[K:\n'}
[11.607244] (quadruped_control) StderrLine: {'line': b'\x1b[01m\x1b[K/home/jonnydang2004/QUADRAPED/src/quadruped_control/src/Servo.h:5:7:\x1b[m\x1b[K \x1b[01;36m\x1b[Knote: \x1b[m\x1b[Kcandidate: \xe2\x80\x98\x1b[01m\x1b[Kconstexpr Servo& Servo::operator=(const Servo&)\x1b[m\x1b[K\xe2\x80\x99 (near match)\n'}
[11.607553] (quadruped_control) StderrLine: {'line': b'    5 | class \x1b[01;36m\x1b[KServo\x1b[m\x1b[K {\n'}
[11.607727] (quadruped_control) StderrLine: {'line': b'      |       \x1b[01;36m\x1b[K^~~~~\x1b[m\x1b[K\n'}
[11.608185] (quadruped_control) StderrLine: {'line': b'\x1b[01m\x1b[K/home/jonnydang2004/QUADRAPED/src/quadruped_control/src/Servo.h:5:7:\x1b[m\x1b[K \x1b[01;36m\x1b[Knote: \x1b[m\x1b[K  conversion of argument 1 would be ill-formed:\n'}
[11.609051] (quadruped_control) StderrLine: {'line': b'\x1b[01m\x1b[K/home/jonnydang2004/QUADRAPED/src/quadruped_control/src/motor_config.cpp:49:34:\x1b[m\x1b[K \x1b[01;31m\x1b[Kerror: \x1b[m\x1b[Kinvalid user-defined conversion from \xe2\x80\x98\x1b[01m\x1b[KServo*\x1b[m\x1b[K\xe2\x80\x99 to \xe2\x80\x98\x1b[01m\x1b[Kconst Servo&\x1b[m\x1b[K\xe2\x80\x99 [\x1b[01;31m\x1b[K\x1b]8;;https://gcc.gnu.org/onlinedocs/gcc/Warning-Options.html#index-fpermissive\x07-fpermissive\x1b]8;;\x07\x1b[m\x1b[K]\n'}
[11.610873] (quadruped_control) StderrLine: {'line': b'   49 |         front_left_lower_servo = \x1b[01;31m\x1b[Knew Servo(front_left_lower)\x1b[m\x1b[K;\n'}
[11.611256] (quadruped_control) StderrLine: {'line': b'      |                                  \x1b[01;31m\x1b[K^~~~~~~~~~~~~~~~~~~~~~~~~~~\x1b[m\x1b[K\n'}
[11.611430] (quadruped_control) StderrLine: {'line': b'In file included from \x1b[01m\x1b[K/home/jonnydang2004/QUADRAPED/src/quadruped_control/src/motor_config.cpp:7\x1b[m\x1b[K:\n'}
[11.611581] (quadruped_control) StderrLine: {'line': b'\x1b[01m\x1b[K/home/jonnydang2004/QUADRAPED/src/quadruped_control/src/Servo.h:8:5:\x1b[m\x1b[K \x1b[01;36m\x1b[Knote: \x1b[m\x1b[Kcandidate is: \xe2\x80\x98\x1b[01m\x1b[KServo::Servo(uint8_t)\x1b[m\x1b[K\xe2\x80\x99 (near match)\n'}
[11.611756] (quadruped_control) StderrLine: {'line': b'    8 |     \x1b[01;36m\x1b[KServo\x1b[m\x1b[K(uint8_t gp);\n'}
[11.611910] (quadruped_control) StderrLine: {'line': b'      |     \x1b[01;36m\x1b[K^~~~~\x1b[m\x1b[K\n'}
[11.616233] (quadruped_control) StderrLine: {'line': b'\x1b[01m\x1b[K/home/jonnydang2004/QUADRAPED/src/quadruped_control/src/Servo.h:8:5:\x1b[m\x1b[K \x1b[01;36m\x1b[Knote: \x1b[m\x1b[K  conversion of argument 1 would be ill-formed:\n'}
[11.616388] (quadruped_control) StderrLine: {'line': b'\x1b[01m\x1b[K/home/jonnydang2004/QUADRAPED/src/quadruped_control/src/motor_config.cpp:49:34:\x1b[m\x1b[K \x1b[01;31m\x1b[Kerror: \x1b[m\x1b[Kinvalid conversion from \xe2\x80\x98\x1b[01m\x1b[KServo*\x1b[m\x1b[K\xe2\x80\x99 to \xe2\x80\x98\x1b[01m\x1b[Kuint8_t\x1b[m\x1b[K\xe2\x80\x99 {aka \xe2\x80\x98\x1b[01m\x1b[Kunsigned char\x1b[m\x1b[K\xe2\x80\x99} [\x1b[01;31m\x1b[K\x1b]8;;https://gcc.gnu.org/onlinedocs/gcc/Warning-Options.html#index-fpermissive\x07-fpermissive\x1b]8;;\x07\x1b[m\x1b[K]\n'}
[11.616569] (quadruped_control) StderrLine: {'line': b'   49 |         front_left_lower_servo = \x1b[01;31m\x1b[Knew Servo(front_left_lower)\x1b[m\x1b[K;\n'}
[11.616680] (quadruped_control) StderrLine: {'line': b'      |                                  \x1b[01;31m\x1b[K^~~~~~~~~~~~~~~~~~~~~~~~~~~\x1b[m\x1b[K\n'}
[11.616773] (quadruped_control) StderrLine: {'line': b'      |                                  \x1b[01;31m\x1b[K|\x1b[m\x1b[K\n'}
[11.616862] (quadruped_control) StderrLine: {'line': b'      |                                  \x1b[01;31m\x1b[KServo*\x1b[m\x1b[K\n'}
[11.617122] (quadruped_control) StderrLine: {'line': b'\x1b[01m\x1b[K/home/jonnydang2004/QUADRAPED/src/quadruped_control/src/motor_config.cpp:49:34:\x1b[m\x1b[K \x1b[01;31m\x1b[Kerror: \x1b[m\x1b[Kinvalid conversion from \xe2\x80\x98\x1b[01m\x1b[KServo*\x1b[m\x1b[K\xe2\x80\x99 to \xe2\x80\x98\x1b[01m\x1b[Kuint8_t\x1b[m\x1b[K\xe2\x80\x99 {aka \xe2\x80\x98\x1b[01m\x1b[Kunsigned char\x1b[m\x1b[K\xe2\x80\x99} [\x1b[01;31m\x1b[K\x1b]8;;https://gcc.gnu.org/onlinedocs/gcc/Warning-Options.html#index-fpermissive\x07-fpermissive\x1b]8;;\x07\x1b[m\x1b[K]\n'}
[11.617244] (quadruped_control) StderrLine: {'line': b'   49 |         front_left_lower_servo = \x1b[01;31m\x1b[Knew Servo(front_left_lower)\x1b[m\x1b[K;\n'}
[11.617334] (quadruped_control) StderrLine: {'line': b'      |                                  \x1b[01;31m\x1b[K^~~~~~~~~~~~~~~~~~~~~~~~~~~\x1b[m\x1b[K\n'}
[11.617423] (quadruped_control) StderrLine: {'line': b'      |                                  \x1b[01;31m\x1b[K|\x1b[m\x1b[K\n'}
[11.617511] (quadruped_control) StderrLine: {'line': b'      |                                  \x1b[01;31m\x1b[KServo*\x1b[m\x1b[K\n'}
[11.617603] (quadruped_control) StderrLine: {'line': b'In file included from \x1b[01m\x1b[K/home/jonnydang2004/QUADRAPED/src/quadruped_control/src/motor_config.cpp:7\x1b[m\x1b[K:\n'}
[11.617691] (quadruped_control) StderrLine: {'line': b'\x1b[01m\x1b[K/home/jonnydang2004/QUADRAPED/src/quadruped_control/src/Servo.h:8:19:\x1b[m\x1b[K \x1b[01;36m\x1b[Knote: \x1b[m\x1b[K  initializing argument 1 of \xe2\x80\x98\x1b[01m\x1b[KServo::Servo(uint8_t)\x1b[m\x1b[K\xe2\x80\x99\n'}
[11.617785] (quadruped_control) StderrLine: {'line': b'    8 |     Servo(\x1b[01;36m\x1b[Kuint8_t gp\x1b[m\x1b[K);\n'}
[11.617873] (quadruped_control) StderrLine: {'line': b'      |           \x1b[01;36m\x1b[K~~~~~~~~^~\x1b[m\x1b[K\n'}
[11.618169] (quadruped_control) StderrLine: {'line': b'\x1b[01m\x1b[K/home/jonnydang2004/QUADRAPED/src/quadruped_control/src/Servo.h:5:7:\x1b[m\x1b[K \x1b[01;36m\x1b[Knote: \x1b[m\x1b[Kcandidate: \xe2\x80\x98\x1b[01m\x1b[Kconstexpr Servo& Servo::operator=(Servo&&)\x1b[m\x1b[K\xe2\x80\x99 (near match)\n'}
[11.618345] (quadruped_control) StderrLine: {'line': b'    5 | class \x1b[01;36m\x1b[KServo\x1b[m\x1b[K {\n'}
[11.618495] (quadruped_control) StderrLine: {'line': b'      |       \x1b[01;36m\x1b[K^~~~~\x1b[m\x1b[K\n'}
[11.618638] (quadruped_control) StderrLine: {'line': b'\x1b[01m\x1b[K/home/jonnydang2004/QUADRAPED/src/quadruped_control/src/Servo.h:5:7:\x1b[m\x1b[K \x1b[01;36m\x1b[Knote: \x1b[m\x1b[K  conversion of argument 1 would be ill-formed:\n'}
[11.618785] (quadruped_control) StderrLine: {'line': b'\x1b[01m\x1b[K/home/jonnydang2004/QUADRAPED/src/quadruped_control/src/motor_config.cpp:49:34:\x1b[m\x1b[K \x1b[01;31m\x1b[Kerror: \x1b[m\x1b[Kinvalid user-defined conversion from \xe2\x80\x98\x1b[01m\x1b[KServo*\x1b[m\x1b[K\xe2\x80\x99 to \xe2\x80\x98\x1b[01m\x1b[KServo&&\x1b[m\x1b[K\xe2\x80\x99 [\x1b[01;31m\x1b[K\x1b]8;;https://gcc.gnu.org/onlinedocs/gcc/Warning-Options.html#index-fpermissive\x07-fpermissive\x1b]8;;\x07\x1b[m\x1b[K]\n'}
[11.618971] (quadruped_control) StderrLine: {'line': b'   49 |         front_left_lower_servo = \x1b[01;31m\x1b[Knew Servo(front_left_lower)\x1b[m\x1b[K;\n'}
[11.619141] (quadruped_control) StderrLine: {'line': b'      |                                  \x1b[01;31m\x1b[K^~~~~~~~~~~~~~~~~~~~~~~~~~~\x1b[m\x1b[K\n'}
[11.619312] (quadruped_control) StderrLine: {'line': b'In file included from \x1b[01m\x1b[K/home/jonnydang2004/QUADRAPED/src/quadruped_control/src/motor_config.cpp:7\x1b[m\x1b[K:\n'}
[11.619462] (quadruped_control) StderrLine: {'line': b'\x1b[01m\x1b[K/home/jonnydang2004/QUADRAPED/src/quadruped_control/src/Servo.h:8:5:\x1b[m\x1b[K \x1b[01;36m\x1b[Knote: \x1b[m\x1b[Kcandidate is: \xe2\x80\x98\x1b[01m\x1b[KServo::Servo(uint8_t)\x1b[m\x1b[K\xe2\x80\x99 (near match)\n'}
[11.619610] (quadruped_control) StderrLine: {'line': b'    8 |     \x1b[01;36m\x1b[KServo\x1b[m\x1b[K(uint8_t gp);\n'}
[11.619752] (quadruped_control) StderrLine: {'line': b'      |     \x1b[01;36m\x1b[K^~~~~\x1b[m\x1b[K\n'}
[11.619944] (quadruped_control) StderrLine: {'line': b'\x1b[01m\x1b[K/home/jonnydang2004/QUADRAPED/src/quadruped_control/src/Servo.h:8:5:\x1b[m\x1b[K \x1b[01;36m\x1b[Knote: \x1b[m\x1b[K  conversion of argument 1 would be ill-formed:\n'}
[11.620114] (quadruped_control) StderrLine: {'line': b'\x1b[01m\x1b[K/home/jonnydang2004/QUADRAPED/src/quadruped_control/src/motor_config.cpp:49:34:\x1b[m\x1b[K \x1b[01;31m\x1b[Kerror: \x1b[m\x1b[Kinvalid conversion from \xe2\x80\x98\x1b[01m\x1b[KServo*\x1b[m\x1b[K\xe2\x80\x99 to \xe2\x80\x98\x1b[01m\x1b[Kuint8_t\x1b[m\x1b[K\xe2\x80\x99 {aka \xe2\x80\x98\x1b[01m\x1b[Kunsigned char\x1b[m\x1b[K\xe2\x80\x99} [\x1b[01;31m\x1b[K\x1b]8;;https://gcc.gnu.org/onlinedocs/gcc/Warning-Options.html#index-fpermissive\x07-fpermissive\x1b]8;;\x07\x1b[m\x1b[K]\n'}
[11.620265] (quadruped_control) StderrLine: {'line': b'   49 |         front_left_lower_servo = \x1b[01;31m\x1b[Knew Servo(front_left_lower)\x1b[m\x1b[K;\n'}
[11.620406] (quadruped_control) StderrLine: {'line': b'      |                                  \x1b[01;31m\x1b[K^~~~~~~~~~~~~~~~~~~~~~~~~~~\x1b[m\x1b[K\n'}
[11.620546] (quadruped_control) StderrLine: {'line': b'      |                                  \x1b[01;31m\x1b[K|\x1b[m\x1b[K\n'}
[11.620701] (quadruped_control) StderrLine: {'line': b'      |                                  \x1b[01;31m\x1b[KServo*\x1b[m\x1b[K\n'}
[11.620844] (quadruped_control) StderrLine: {'line': b'\x1b[01m\x1b[K/home/jonnydang2004/QUADRAPED/src/quadruped_control/src/motor_config.cpp:49:34:\x1b[m\x1b[K \x1b[01;31m\x1b[Kerror: \x1b[m\x1b[Kinvalid conversion from \xe2\x80\x98\x1b[01m\x1b[KServo*\x1b[m\x1b[K\xe2\x80\x99 to \xe2\x80\x98\x1b[01m\x1b[Kuint8_t\x1b[m\x1b[K\xe2\x80\x99 {aka \xe2\x80\x98\x1b[01m\x1b[Kunsigned char\x1b[m\x1b[K\xe2\x80\x99} [\x1b[01;31m\x1b[K\x1b]8;;https://gcc.gnu.org/onlinedocs/gcc/Warning-Options.html#index-fpermissive\x07-fpermissive\x1b]8;;\x07\x1b[m\x1b[K]\n'}
[11.621042] (quadruped_control) StderrLine: {'line': b'   49 |         front_left_lower_servo = \x1b[01;31m\x1b[Knew Servo(front_left_lower)\x1b[m\x1b[K;\n'}
[11.621191] (quadruped_control) StderrLine: {'line': b'      |                                  \x1b[01;31m\x1b[K^~~~~~~~~~~~~~~~~~~~~~~~~~~\x1b[m\x1b[K\n'}
[11.621331] (quadruped_control) StderrLine: {'line': b'      |                                  \x1b[01;31m\x1b[K|\x1b[m\x1b[K\n'}
[11.621474] (quadruped_control) StderrLine: {'line': b'      |                                  \x1b[01;31m\x1b[KServo*\x1b[m\x1b[K\n'}
[11.621615] (quadruped_control) StderrLine: {'line': b'In file included from \x1b[01m\x1b[K/home/jonnydang2004/QUADRAPED/src/quadruped_control/src/motor_config.cpp:7\x1b[m\x1b[K:\n'}
[11.621756] (quadruped_control) StderrLine: {'line': b'\x1b[01m\x1b[K/home/jonnydang2004/QUADRAPED/src/quadruped_control/src/Servo.h:8:19:\x1b[m\x1b[K \x1b[01;36m\x1b[Knote: \x1b[m\x1b[K  initializing argument 1 of \xe2\x80\x98\x1b[01m\x1b[KServo::Servo(uint8_t)\x1b[m\x1b[K\xe2\x80\x99\n'}
[11.621977] (quadruped_control) StderrLine: {'line': b'    8 |     Servo(\x1b[01;36m\x1b[Kuint8_t gp\x1b[m\x1b[K);\n'}
[11.622139] (quadruped_control) StderrLine: {'line': b'      |           \x1b[01;36m\x1b[K~~~~~~~~^~\x1b[m\x1b[K\n'}
[11.622237] (quadruped_control) StderrLine: {'line': b'\x1b[01m\x1b[K/home/jonnydang2004/QUADRAPED/src/quadruped_control/src/motor_config.cpp:51:62:\x1b[m\x1b[K \x1b[01;31m\x1b[Kerror: \x1b[m\x1b[Kambiguous overload for \xe2\x80\x98\x1b[01m\x1b[Koperator=\x1b[m\x1b[K\xe2\x80\x99 (operand types are \xe2\x80\x98\x1b[01m\x1b[KServo\x1b[m\x1b[K\xe2\x80\x99 and \xe2\x80\x98\x1b[01m\x1b[KServo*\x1b[m\x1b[K\xe2\x80\x99)\n'}
[11.622332] (quadruped_control) StderrLine: {'line': b'   51 |         front_right_upper_servo = new Servo(front_right_upper\x1b[01;31m\x1b[K)\x1b[m\x1b[K;\n'}
[11.622424] (quadruped_control) StderrLine: {'line': b'      |                                                              \x1b[01;31m\x1b[K^\x1b[m\x1b[K\n'}
[11.622512] (quadruped_control) StderrLine: {'line': b'In file included from \x1b[01m\x1b[K/home/jonnydang2004/QUADRAPED/src/quadruped_control/src/motor_config.cpp:7\x1b[m\x1b[K:\n'}
[11.622612] (quadruped_control) StderrLine: {'line': b'\x1b[01m\x1b[K/home/jonnydang2004/QUADRAPED/src/quadruped_control/src/Servo.h:5:7:\x1b[m\x1b[K \x1b[01;36m\x1b[Knote: \x1b[m\x1b[Kcandidate: \xe2\x80\x98\x1b[01m\x1b[Kconstexpr Servo& Servo::operator=(const Servo&)\x1b[m\x1b[K\xe2\x80\x99 (near match)\n'}
[11.622709] (quadruped_control) StderrLine: {'line': b'    5 | class \x1b[01;36m\x1b[KServo\x1b[m\x1b[K {\n'}
[11.622800] (quadruped_control) StderrLine: {'line': b'      |       \x1b[01;36m\x1b[K^~~~~\x1b[m\x1b[K\n'}
[11.622888] (quadruped_control) StderrLine: {'line': b'\x1b[01m\x1b[K/home/jonnydang2004/QUADRAPED/src/quadruped_control/src/Servo.h:5:7:\x1b[m\x1b[K \x1b[01;36m\x1b[Knote: \x1b[m\x1b[K  conversion of argument 1 would be ill-formed:\n'}
[11.623021] (quadruped_control) StderrLine: {'line': b'\x1b[01m\x1b[K/home/jonnydang2004/QUADRAPED/src/quadruped_control/src/motor_config.cpp:51:35:\x1b[m\x1b[K \x1b[01;31m\x1b[Kerror: \x1b[m\x1b[Kinvalid user-defined conversion from \xe2\x80\x98\x1b[01m\x1b[KServo*\x1b[m\x1b[K\xe2\x80\x99 to \xe2\x80\x98\x1b[01m\x1b[Kconst Servo&\x1b[m\x1b[K\xe2\x80\x99 [\x1b[01;31m\x1b[K\x1b]8;;https://gcc.gnu.org/onlinedocs/gcc/Warning-Options.html#index-fpermissive\x07-fpermissive\x1b]8;;\x07\x1b[m\x1b[K]\n'}
[11.623118] (quadruped_control) StderrLine: {'line': b'   51 |         front_right_upper_servo = \x1b[01;31m\x1b[Knew Servo(front_right_upper)\x1b[m\x1b[K;\n'}
[11.623207] (quadruped_control) StderrLine: {'line': b'      |                                   \x1b[01;31m\x1b[K^~~~~~~~~~~~~~~~~~~~~~~~~~~~\x1b[m\x1b[K\n'}
[11.623295] (quadruped_control) StderrLine: {'line': b'In file included from \x1b[01m\x1b[K/home/jonnydang2004/QUADRAPED/src/quadruped_control/src/motor_config.cpp:7\x1b[m\x1b[K:\n'}
[11.623381] (quadruped_control) StderrLine: {'line': b'\x1b[01m\x1b[K/home/jonnydang2004/QUADRAPED/src/quadruped_control/src/Servo.h:8:5:\x1b[m\x1b[K \x1b[01;36m\x1b[Knote: \x1b[m\x1b[Kcandidate is: \xe2\x80\x98\x1b[01m\x1b[KServo::Servo(uint8_t)\x1b[m\x1b[K\xe2\x80\x99 (near match)\n'}
[11.623470] (quadruped_control) StderrLine: {'line': b'    8 |     \x1b[01;36m\x1b[KServo\x1b[m\x1b[K(uint8_t gp);\n'}
[11.623556] (quadruped_control) StderrLine: {'line': b'      |     \x1b[01;36m\x1b[K^~~~~\x1b[m\x1b[K\n'}
[11.623641] (quadruped_control) StderrLine: {'line': b'\x1b[01m\x1b[K/home/jonnydang2004/QUADRAPED/src/quadruped_control/src/Servo.h:8:5:\x1b[m\x1b[K \x1b[01;36m\x1b[Knote: \x1b[m\x1b[K  conversion of argument 1 would be ill-formed:\n'}
[11.623729] (quadruped_control) StderrLine: {'line': b'\x1b[01m\x1b[K/home/jonnydang2004/QUADRAPED/src/quadruped_control/src/motor_config.cpp:51:35:\x1b[m\x1b[K \x1b[01;31m\x1b[Kerror: \x1b[m\x1b[Kinvalid conversion from \xe2\x80\x98\x1b[01m\x1b[KServo*\x1b[m\x1b[K\xe2\x80\x99 to \xe2\x80\x98\x1b[01m\x1b[Kuint8_t\x1b[m\x1b[K\xe2\x80\x99 {aka \xe2\x80\x98\x1b[01m\x1b[Kunsigned char\x1b[m\x1b[K\xe2\x80\x99} [\x1b[01;31m\x1b[K\x1b]8;;https://gcc.gnu.org/onlinedocs/gcc/Warning-Options.html#index-fpermissive\x07-fpermissive\x1b]8;;\x07\x1b[m\x1b[K]\n'}
[11.623831] (quadruped_control) StderrLine: {'line': b'   51 |         front_right_upper_servo = \x1b[01;31m\x1b[Knew Servo(front_right_upper)\x1b[m\x1b[K;\n'}
[11.623942] (quadruped_control) StderrLine: {'line': b'      |                                   \x1b[01;31m\x1b[K^~~~~~~~~~~~~~~~~~~~~~~~~~~~\x1b[m\x1b[K\n'}
[11.624051] (quadruped_control) StderrLine: {'line': b'      |                                   \x1b[01;31m\x1b[K|\x1b[m\x1b[K\n'}
[11.624142] (quadruped_control) StderrLine: {'line': b'      |                                   \x1b[01;31m\x1b[KServo*\x1b[m\x1b[K\n'}
[11.624231] (quadruped_control) StderrLine: {'line': b'\x1b[01m\x1b[K/home/jonnydang2004/QUADRAPED/src/quadruped_control/src/motor_config.cpp:51:35:\x1b[m\x1b[K \x1b[01;31m\x1b[Kerror: \x1b[m\x1b[Kinvalid conversion from \xe2\x80\x98\x1b[01m\x1b[KServo*\x1b[m\x1b[K\xe2\x80\x99 to \xe2\x80\x98\x1b[01m\x1b[Kuint8_t\x1b[m\x1b[K\xe2\x80\x99 {aka \xe2\x80\x98\x1b[01m\x1b[Kunsigned char\x1b[m\x1b[K\xe2\x80\x99} [\x1b[01;31m\x1b[K\x1b]8;;https://gcc.gnu.org/onlinedocs/gcc/Warning-Options.html#index-fpermissive\x07-fpermissive\x1b]8;;\x07\x1b[m\x1b[K]\n'}
[11.624337] (quadruped_control) StderrLine: {'line': b'   51 |         front_right_upper_servo = \x1b[01;31m\x1b[Knew Servo(front_right_upper)\x1b[m\x1b[K;\n'}
[11.624424] (quadruped_control) StderrLine: {'line': b'      |                                   \x1b[01;31m\x1b[K^~~~~~~~~~~~~~~~~~~~~~~~~~~~\x1b[m\x1b[K\n'}
[11.624512] (quadruped_control) StderrLine: {'line': b'      |                                   \x1b[01;31m\x1b[K|\x1b[m\x1b[K\n'}
[11.624599] (quadruped_control) StderrLine: {'line': b'      |                                   \x1b[01;31m\x1b[KServo*\x1b[m\x1b[K\n'}
[11.624685] (quadruped_control) StderrLine: {'line': b'In file included from \x1b[01m\x1b[K/home/jonnydang2004/QUADRAPED/src/quadruped_control/src/motor_config.cpp:7\x1b[m\x1b[K:\n'}
[11.624772] (quadruped_control) StderrLine: {'line': b'\x1b[01m\x1b[K/home/jonnydang2004/QUADRAPED/src/quadruped_control/src/Servo.h:8:19:\x1b[m\x1b[K \x1b[01;36m\x1b[Knote: \x1b[m\x1b[K  initializing argument 1 of \xe2\x80\x98\x1b[01m\x1b[KServo::Servo(uint8_t)\x1b[m\x1b[K\xe2\x80\x99\n'}
[11.624859] (quadruped_control) StderrLine: {'line': b'    8 |     Servo(\x1b[01;36m\x1b[Kuint8_t gp\x1b[m\x1b[K);\n'}
[11.625004] (quadruped_control) StderrLine: {'line': b'      |           \x1b[01;36m\x1b[K~~~~~~~~^~\x1b[m\x1b[K\n'}
[11.625102] (quadruped_control) StderrLine: {'line': b'\x1b[01m\x1b[K/home/jonnydang2004/QUADRAPED/src/quadruped_control/src/Servo.h:5:7:\x1b[m\x1b[K \x1b[01;36m\x1b[Knote: \x1b[m\x1b[Kcandidate: \xe2\x80\x98\x1b[01m\x1b[Kconstexpr Servo& Servo::operator=(Servo&&)\x1b[m\x1b[K\xe2\x80\x99 (near match)\n'}
[11.625194] (quadruped_control) StderrLine: {'line': b'    5 | class \x1b[01;36m\x1b[KServo\x1b[m\x1b[K {\n'}
[11.625282] (quadruped_control) StderrLine: {'line': b'      |       \x1b[01;36m\x1b[K^~~~~\x1b[m\x1b[K\n'}
[11.625370] (quadruped_control) StderrLine: {'line': b'\x1b[01m\x1b[K/home/jonnydang2004/QUADRAPED/src/quadruped_control/src/Servo.h:5:7:\x1b[m\x1b[K \x1b[01;36m\x1b[Knote: \x1b[m\x1b[K  conversion of argument 1 would be ill-formed:\n'}
[11.625457] (quadruped_control) StderrLine: {'line': b'\x1b[01m\x1b[K/home/jonnydang2004/QUADRAPED/src/quadruped_control/src/motor_config.cpp:51:35:\x1b[m\x1b[K \x1b[01;31m\x1b[Kerror: \x1b[m\x1b[Kinvalid user-defined conversion from \xe2\x80\x98\x1b[01m\x1b[KServo*\x1b[m\x1b[K\xe2\x80\x99 to \xe2\x80\x98\x1b[01m\x1b[KServo&&\x1b[m\x1b[K\xe2\x80\x99 [\x1b[01;31m\x1b[K\x1b]8;;https://gcc.gnu.org/onlinedocs/gcc/Warning-Options.html#index-fpermissive\x07-fpermissive\x1b]8;;\x07\x1b[m\x1b[K]\n'}
[11.625550] (quadruped_control) StderrLine: {'line': b'   51 |         front_right_upper_servo = \x1b[01;31m\x1b[Knew Servo(front_right_upper)\x1b[m\x1b[K;\n'}
[11.625638] (quadruped_control) StderrLine: {'line': b'      |                                   \x1b[01;31m\x1b[K^~~~~~~~~~~~~~~~~~~~~~~~~~~~\x1b[m\x1b[K\n'}
[11.625724] (quadruped_control) StderrLine: {'line': b'In file included from \x1b[01m\x1b[K/home/jonnydang2004/QUADRAPED/src/quadruped_control/src/motor_config.cpp:7\x1b[m\x1b[K:\n'}
[11.625821] (quadruped_control) StderrLine: {'line': b'\x1b[01m\x1b[K/home/jonnydang2004/QUADRAPED/src/quadruped_control/src/Servo.h:8:5:\x1b[m\x1b[K \x1b[01;36m\x1b[Knote: \x1b[m\x1b[Kcandidate is: \xe2\x80\x98\x1b[01m\x1b[KServo::Servo(uint8_t)\x1b[m\x1b[K\xe2\x80\x99 (near match)\n'}
[11.625939] (quadruped_control) StderrLine: {'line': b'    8 |     \x1b[01;36m\x1b[KServo\x1b[m\x1b[K(uint8_t gp);\n'}
[11.626045] (quadruped_control) StderrLine: {'line': b'      |     \x1b[01;36m\x1b[K^~~~~\x1b[m\x1b[K\n'}
[11.626134] (quadruped_control) StderrLine: {'line': b'\x1b[01m\x1b[K/home/jonnydang2004/QUADRAPED/src/quadruped_control/src/Servo.h:8:5:\x1b[m\x1b[K \x1b[01;36m\x1b[Knote: \x1b[m\x1b[K  conversion of argument 1 would be ill-formed:\n'}
[11.626222] (quadruped_control) StderrLine: {'line': b'\x1b[01m\x1b[K/home/jonnydang2004/QUADRAPED/src/quadruped_control/src/motor_config.cpp:51:35:\x1b[m\x1b[K \x1b[01;31m\x1b[Kerror: \x1b[m\x1b[Kinvalid conversion from \xe2\x80\x98\x1b[01m\x1b[KServo*\x1b[m\x1b[K\xe2\x80\x99 to \xe2\x80\x98\x1b[01m\x1b[Kuint8_t\x1b[m\x1b[K\xe2\x80\x99 {aka \xe2\x80\x98\x1b[01m\x1b[Kunsigned char\x1b[m\x1b[K\xe2\x80\x99} [\x1b[01;31m\x1b[K\x1b]8;;https://gcc.gnu.org/onlinedocs/gcc/Warning-Options.html#index-fpermissive\x07-fpermissive\x1b]8;;\x07\x1b[m\x1b[K]\n'}
[11.626321] (quadruped_control) StderrLine: {'line': b'   51 |         front_right_upper_servo = \x1b[01;31m\x1b[Knew Servo(front_right_upper)\x1b[m\x1b[K;\n'}
[11.626408] (quadruped_control) StderrLine: {'line': b'      |                                   \x1b[01;31m\x1b[K^~~~~~~~~~~~~~~~~~~~~~~~~~~~\x1b[m\x1b[K\n'}
[11.626578] (quadruped_control) StderrLine: {'line': b'      |                                   \x1b[01;31m\x1b[K|\x1b[m\x1b[K\n'}
[11.626683] (quadruped_control) StderrLine: {'line': b'      |                                   \x1b[01;31m\x1b[KServo*\x1b[m\x1b[K\n'}
[11.626773] (quadruped_control) StderrLine: {'line': b'\x1b[01m\x1b[K/home/jonnydang2004/QUADRAPED/src/quadruped_control/src/motor_config.cpp:51:35:\x1b[m\x1b[K \x1b[01;31m\x1b[Kerror: \x1b[m\x1b[Kinvalid conversion from \xe2\x80\x98\x1b[01m\x1b[KServo*\x1b[m\x1b[K\xe2\x80\x99 to \xe2\x80\x98\x1b[01m\x1b[Kuint8_t\x1b[m\x1b[K\xe2\x80\x99 {aka \xe2\x80\x98\x1b[01m\x1b[Kunsigned char\x1b[m\x1b[K\xe2\x80\x99} [\x1b[01;31m\x1b[K\x1b]8;;https://gcc.gnu.org/onlinedocs/gcc/Warning-Options.html#index-fpermissive\x07-fpermissive\x1b]8;;\x07\x1b[m\x1b[K]\n'}
[11.626866] (quadruped_control) StderrLine: {'line': b'   51 |         front_right_upper_servo = \x1b[01;31m\x1b[Knew Servo(front_right_upper)\x1b[m\x1b[K;\n'}
[11.627059] (quadruped_control) StderrLine: {'line': b'      |                                   \x1b[01;31m\x1b[K^~~~~~~~~~~~~~~~~~~~~~~~~~~~\x1b[m\x1b[K\n'}
[11.627215] (quadruped_control) StderrLine: {'line': b'      |                                   \x1b[01;31m\x1b[K|\x1b[m\x1b[K\n'}
[11.627359] (quadruped_control) StderrLine: {'line': b'      |                                   \x1b[01;31m\x1b[KServo*\x1b[m\x1b[K\n'}
[11.627508] (quadruped_control) StderrLine: {'line': b'In file included from \x1b[01m\x1b[K/home/jonnydang2004/QUADRAPED/src/quadruped_control/src/motor_config.cpp:7\x1b[m\x1b[K:\n'}
[11.627685] (quadruped_control) StderrLine: {'line': b'\x1b[01m\x1b[K/home/jonnydang2004/QUADRAPED/src/quadruped_control/src/Servo.h:8:19:\x1b[m\x1b[K \x1b[01;36m\x1b[Knote: \x1b[m\x1b[K  initializing argument 1 of \xe2\x80\x98\x1b[01m\x1b[KServo::Servo(uint8_t)\x1b[m\x1b[K\xe2\x80\x99\n'}
[11.627858] (quadruped_control) StderrLine: {'line': b'    8 |     Servo(\x1b[01;36m\x1b[Kuint8_t gp\x1b[m\x1b[K);\n'}
[11.628052] (quadruped_control) StderrLine: {'line': b'      |           \x1b[01;36m\x1b[K~~~~~~~~^~\x1b[m\x1b[K\n'}
[11.628198] (quadruped_control) StderrLine: {'line': b'\x1b[01m\x1b[K/home/jonnydang2004/QUADRAPED/src/quadruped_control/src/motor_config.cpp:52:62:\x1b[m\x1b[K \x1b[01;31m\x1b[Kerror: \x1b[m\x1b[Kambiguous overload for \xe2\x80\x98\x1b[01m\x1b[Koperator=\x1b[m\x1b[K\xe2\x80\x99 (operand types are \xe2\x80\x98\x1b[01m\x1b[KServo\x1b[m\x1b[K\xe2\x80\x99 and \xe2\x80\x98\x1b[01m\x1b[KServo*\x1b[m\x1b[K\xe2\x80\x99)\n'}
[11.628401] (quadruped_control) StderrLine: {'line': b'   52 |         front_right_lower_servo = new Servo(front_right_lower\x1b[01;31m\x1b[K)\x1b[m\x1b[K;\n'}
[11.628546] (quadruped_control) StderrLine: {'line': b'      |                                                              \x1b[01;31m\x1b[K^\x1b[m\x1b[K\n'}
[11.629634] (quadruped_control) StderrLine: {'line': b'In file included from \x1b[01m\x1b[K/home/jonnydang2004/QUADRAPED/src/quadruped_control/src/motor_config.cpp:7\x1b[m\x1b[K:\n'}
[11.630014] (quadruped_control) StderrLine: {'line': b'\x1b[01m\x1b[K/home/jonnydang2004/QUADRAPED/src/quadruped_control/src/Servo.h:5:7:\x1b[m\x1b[K \x1b[01;36m\x1b[Knote: \x1b[m\x1b[Kcandidate: \xe2\x80\x98\x1b[01m\x1b[Kconstexpr Servo& Servo::operator=(const Servo&)\x1b[m\x1b[K\xe2\x80\x99 (near match)\n'}
[11.630237] (quadruped_control) StderrLine: {'line': b'    5 | class \x1b[01;36m\x1b[KServo\x1b[m\x1b[K {\n'}
[11.630387] (quadruped_control) StderrLine: {'line': b'      |       \x1b[01;36m\x1b[K^~~~~\x1b[m\x1b[K\n'}
[11.630530] (quadruped_control) StderrLine: {'line': b'\x1b[01m\x1b[K/home/jonnydang2004/QUADRAPED/src/quadruped_control/src/Servo.h:5:7:\x1b[m\x1b[K \x1b[01;36m\x1b[Knote: \x1b[m\x1b[K  conversion of argument 1 would be ill-formed:\n'}
[11.630672] (quadruped_control) StderrLine: {'line': b'\x1b[01m\x1b[K/home/jonnydang2004/QUADRAPED/src/quadruped_control/src/motor_config.cpp:52:35:\x1b[m\x1b[K \x1b[01;31m\x1b[Kerror: \x1b[m\x1b[Kinvalid user-defined conversion from \xe2\x80\x98\x1b[01m\x1b[KServo*\x1b[m\x1b[K\xe2\x80\x99 to \xe2\x80\x98\x1b[01m\x1b[Kconst Servo&\x1b[m\x1b[K\xe2\x80\x99 [\x1b[01;31m\x1b[K\x1b]8;;https://gcc.gnu.org/onlinedocs/gcc/Warning-Options.html#index-fpermissive\x07-fpermissive\x1b]8;;\x07\x1b[m\x1b[K]\n'}
[11.630834] (quadruped_control) StderrLine: {'line': b'   52 |         front_right_lower_servo = \x1b[01;31m\x1b[Knew Servo(front_right_lower)\x1b[m\x1b[K;\n'}
[11.631023] (quadruped_control) StderrLine: {'line': b'      |                                   \x1b[01;31m\x1b[K^~~~~~~~~~~~~~~~~~~~~~~~~~~~\x1b[m\x1b[K\n'}
[11.631175] (quadruped_control) StderrLine: {'line': b'In file included from \x1b[01m\x1b[K/home/jonnydang2004/QUADRAPED/src/quadruped_control/src/motor_config.cpp:7\x1b[m\x1b[K:\n'}
[11.631474] (quadruped_control) StderrLine: {'line': b'\x1b[01m\x1b[K/home/jonnydang2004/QUADRAPED/src/quadruped_control/src/Servo.h:8:5:\x1b[m\x1b[K \x1b[01;36m\x1b[Knote: \x1b[m\x1b[Kcandidate is: \xe2\x80\x98\x1b[01m\x1b[KServo::Servo(uint8_t)\x1b[m\x1b[K\xe2\x80\x99 (near match)\n'}
[11.631938] (quadruped_control) StderrLine: {'line': b'    8 |     \x1b[01;36m\x1b[KServo\x1b[m\x1b[K(uint8_t gp);\n'}
[11.632235] (quadruped_control) StderrLine: {'line': b'      |     \x1b[01;36m\x1b[K^~~~~\x1b[m\x1b[K\n'}
[11.632417] (quadruped_control) StderrLine: {'line': b'\x1b[01m\x1b[K/home/jonnydang2004/QUADRAPED/src/quadruped_control/src/Servo.h:8:5:\x1b[m\x1b[K \x1b[01;36m\x1b[Knote: \x1b[m\x1b[K  conversion of argument 1 would be ill-formed:\n'}
[11.632637] (quadruped_control) StderrLine: {'line': b'\x1b[01m\x1b[K/home/jonnydang2004/QUADRAPED/src/quadruped_control/src/motor_config.cpp:52:35:\x1b[m\x1b[K \x1b[01;31m\x1b[Kerror: \x1b[m\x1b[Kinvalid conversion from \xe2\x80\x98\x1b[01m\x1b[KServo*\x1b[m\x1b[K\xe2\x80\x99 to \xe2\x80\x98\x1b[01m\x1b[Kuint8_t\x1b[m\x1b[K\xe2\x80\x99 {aka \xe2\x80\x98\x1b[01m\x1b[Kunsigned char\x1b[m\x1b[K\xe2\x80\x99} [\x1b[01;31m\x1b[K\x1b]8;;https://gcc.gnu.org/onlinedocs/gcc/Warning-Options.html#index-fpermissive\x07-fpermissive\x1b]8;;\x07\x1b[m\x1b[K]\n'}
[11.632832] (quadruped_control) StderrLine: {'line': b'   52 |         front_right_lower_servo = \x1b[01;31m\x1b[Knew Servo(front_right_lower)\x1b[m\x1b[K;\n'}
[11.633084] (quadruped_control) StderrLine: {'line': b'      |                                   \x1b[01;31m\x1b[K^~~~~~~~~~~~~~~~~~~~~~~~~~~~\x1b[m\x1b[K\n'}
[11.633273] (quadruped_control) StderrLine: {'line': b'      |                                   \x1b[01;31m\x1b[K|\x1b[m\x1b[K\n'}
[11.633455] (quadruped_control) StderrLine: {'line': b'      |                                   \x1b[01;31m\x1b[KServo*\x1b[m\x1b[K\n'}
[11.633629] (quadruped_control) StderrLine: {'line': b'\x1b[01m\x1b[K/home/jonnydang2004/QUADRAPED/src/quadruped_control/src/motor_config.cpp:52:35:\x1b[m\x1b[K \x1b[01;31m\x1b[Kerror: \x1b[m\x1b[Kinvalid conversion from \xe2\x80\x98\x1b[01m\x1b[KServo*\x1b[m\x1b[K\xe2\x80\x99 to \xe2\x80\x98\x1b[01m\x1b[Kuint8_t\x1b[m\x1b[K\xe2\x80\x99 {aka \xe2\x80\x98\x1b[01m\x1b[Kunsigned char\x1b[m\x1b[K\xe2\x80\x99} [\x1b[01;31m\x1b[K\x1b]8;;https://gcc.gnu.org/onlinedocs/gcc/Warning-Options.html#index-fpermissive\x07-fpermissive\x1b]8;;\x07\x1b[m\x1b[K]\n'}
[11.633809] (quadruped_control) StderrLine: {'line': b'   52 |         front_right_lower_servo = \x1b[01;31m\x1b[Knew Servo(front_right_lower)\x1b[m\x1b[K;\n'}
[11.634251] (quadruped_control) StderrLine: {'line': b'      |                                   \x1b[01;31m\x1b[K^~~~~~~~~~~~~~~~~~~~~~~~~~~~\x1b[m\x1b[K\n'}
[11.634547] (quadruped_control) StderrLine: {'line': b'      |                                   \x1b[01;31m\x1b[K|\x1b[m\x1b[K\n'}
[11.634664] (quadruped_control) StderrLine: {'line': b'      |                                   \x1b[01;31m\x1b[KServo*\x1b[m\x1b[K\n'}
[11.634758] (quadruped_control) StderrLine: {'line': b'In file included from \x1b[01m\x1b[K/home/jonnydang2004/QUADRAPED/src/quadruped_control/src/motor_config.cpp:7\x1b[m\x1b[K:\n'}
[11.634849] (quadruped_control) StderrLine: {'line': b'\x1b[01m\x1b[K/home/jonnydang2004/QUADRAPED/src/quadruped_control/src/Servo.h:8:19:\x1b[m\x1b[K \x1b[01;36m\x1b[Knote: \x1b[m\x1b[K  initializing argument 1 of \xe2\x80\x98\x1b[01m\x1b[KServo::Servo(uint8_t)\x1b[m\x1b[K\xe2\x80\x99\n'}
[11.635019] (quadruped_control) StderrLine: {'line': b'    8 |     Servo(\x1b[01;36m\x1b[Kuint8_t gp\x1b[m\x1b[K);\n'}
[11.635121] (quadruped_control) StderrLine: {'line': b'      |           \x1b[01;36m\x1b[K~~~~~~~~^~\x1b[m\x1b[K\n'}
[11.635211] (quadruped_control) StderrLine: {'line': b'\x1b[01m\x1b[K/home/jonnydang2004/QUADRAPED/src/quadruped_control/src/Servo.h:5:7:\x1b[m\x1b[K \x1b[01;36m\x1b[Knote: \x1b[m\x1b[Kcandidate: \xe2\x80\x98\x1b[01m\x1b[Kconstexpr Servo& Servo::operator=(Servo&&)\x1b[m\x1b[K\xe2\x80\x99 (near match)\n'}
[11.635303] (quadruped_control) StderrLine: {'line': b'    5 | class \x1b[01;36m\x1b[KServo\x1b[m\x1b[K {\n'}
[11.635391] (quadruped_control) StderrLine: {'line': b'      |       \x1b[01;36m\x1b[K^~~~~\x1b[m\x1b[K\n'}
[11.635479] (quadruped_control) StderrLine: {'line': b'\x1b[01m\x1b[K/home/jonnydang2004/QUADRAPED/src/quadruped_control/src/Servo.h:5:7:\x1b[m\x1b[K \x1b[01;36m\x1b[Knote: \x1b[m\x1b[K  conversion of argument 1 would be ill-formed:\n'}
[11.635570] (quadruped_control) StderrLine: {'line': b'\x1b[01m\x1b[K/home/jonnydang2004/QUADRAPED/src/quadruped_control/src/motor_config.cpp:52:35:\x1b[m\x1b[K \x1b[01;31m\x1b[Kerror: \x1b[m\x1b[Kinvalid user-defined conversion from \xe2\x80\x98\x1b[01m\x1b[KServo*\x1b[m\x1b[K\xe2\x80\x99 to \xe2\x80\x98\x1b[01m\x1b[KServo&&\x1b[m\x1b[K\xe2\x80\x99 [\x1b[01;31m\x1b[K\x1b]8;;https://gcc.gnu.org/onlinedocs/gcc/Warning-Options.html#index-fpermissive\x07-fpermissive\x1b]8;;\x07\x1b[m\x1b[K]\n'}
[11.635666] (quadruped_control) StderrLine: {'line': b'   52 |         front_right_lower_servo = \x1b[01;31m\x1b[Knew Servo(front_right_lower)\x1b[m\x1b[K;\n'}
[11.635755] (quadruped_control) StderrLine: {'line': b'      |                                   \x1b[01;31m\x1b[K^~~~~~~~~~~~~~~~~~~~~~~~~~~~\x1b[m\x1b[K\n'}
[11.635879] (quadruped_control) StderrLine: {'line': b'In file included from \x1b[01m\x1b[K/home/jonnydang2004/QUADRAPED/src/quadruped_control/src/motor_config.cpp:7\x1b[m\x1b[K:\n'}
[11.636133] (quadruped_control) StderrLine: {'line': b'\x1b[01m\x1b[K/home/jonnydang2004/QUADRAPED/src/quadruped_control/src/Servo.h:8:5:\x1b[m\x1b[K \x1b[01;36m\x1b[Knote: \x1b[m\x1b[Kcandidate is: \xe2\x80\x98\x1b[01m\x1b[KServo::Servo(uint8_t)\x1b[m\x1b[K\xe2\x80\x99 (near match)\n'}
[11.636352] (quadruped_control) StderrLine: {'line': b'    8 |     \x1b[01;36m\x1b[KServo\x1b[m\x1b[K(uint8_t gp);\n'}
[11.636727] (quadruped_control) StderrLine: {'line': b'      |     \x1b[01;36m\x1b[K^~~~~\x1b[m\x1b[K\n'}
[11.637169] (quadruped_control) StderrLine: {'line': b'\x1b[01m\x1b[K/home/jonnydang2004/QUADRAPED/src/quadruped_control/src/Servo.h:8:5:\x1b[m\x1b[K \x1b[01;36m\x1b[Knote: \x1b[m\x1b[K  conversion of argument 1 would be ill-formed:\n'}
[11.637406] (quadruped_control) StderrLine: {'line': b'\x1b[01m\x1b[K/home/jonnydang2004/QUADRAPED/src/quadruped_control/src/motor_config.cpp:52:35:\x1b[m\x1b[K \x1b[01;31m\x1b[Kerror: \x1b[m\x1b[Kinvalid conversion from \xe2\x80\x98\x1b[01m\x1b[KServo*\x1b[m\x1b[K\xe2\x80\x99 to \xe2\x80\x98\x1b[01m\x1b[Kuint8_t\x1b[m\x1b[K\xe2\x80\x99 {aka \xe2\x80\x98\x1b[01m\x1b[Kunsigned char\x1b[m\x1b[K\xe2\x80\x99} [\x1b[01;31m\x1b[K\x1b]8;;https://gcc.gnu.org/onlinedocs/gcc/Warning-Options.html#index-fpermissive\x07-fpermissive\x1b]8;;\x07\x1b[m\x1b[K]\n'}
[11.637605] (quadruped_control) StderrLine: {'line': b'   52 |         front_right_lower_servo = \x1b[01;31m\x1b[Knew Servo(front_right_lower)\x1b[m\x1b[K;\n'}
[11.637756] (quadruped_control) StderrLine: {'line': b'      |                                   \x1b[01;31m\x1b[K^~~~~~~~~~~~~~~~~~~~~~~~~~~~\x1b[m\x1b[K\n'}
[11.637900] (quadruped_control) StderrLine: {'line': b'      |                                   \x1b[01;31m\x1b[K|\x1b[m\x1b[K\n'}
[11.638101] (quadruped_control) StderrLine: {'line': b'      |                                   \x1b[01;31m\x1b[KServo*\x1b[m\x1b[K\n'}
[11.638250] (quadruped_control) StderrLine: {'line': b'\x1b[01m\x1b[K/home/jonnydang2004/QUADRAPED/src/quadruped_control/src/motor_config.cpp:52:35:\x1b[m\x1b[K \x1b[01;31m\x1b[Kerror: \x1b[m\x1b[Kinvalid conversion from \xe2\x80\x98\x1b[01m\x1b[KServo*\x1b[m\x1b[K\xe2\x80\x99 to \xe2\x80\x98\x1b[01m\x1b[Kuint8_t\x1b[m\x1b[K\xe2\x80\x99 {aka \xe2\x80\x98\x1b[01m\x1b[Kunsigned char\x1b[m\x1b[K\xe2\x80\x99} [\x1b[01;31m\x1b[K\x1b]8;;https://gcc.gnu.org/onlinedocs/gcc/Warning-Options.html#index-fpermissive\x07-fpermissive\x1b]8;;\x07\x1b[m\x1b[K]\n'}
[11.638447] (quadruped_control) StderrLine: {'line': b'   52 |         front_right_lower_servo = \x1b[01;31m\x1b[Knew Servo(front_right_lower)\x1b[m\x1b[K;\n'}
[11.638602] (quadruped_control) StderrLine: {'line': b'      |                                   \x1b[01;31m\x1b[K^~~~~~~~~~~~~~~~~~~~~~~~~~~~\x1b[m\x1b[K\n'}
[11.638768] (quadruped_control) StderrLine: {'line': b'      |                                   \x1b[01;31m\x1b[K|\x1b[m\x1b[K\n'}
[11.638937] (quadruped_control) StderrLine: {'line': b'      |                                   \x1b[01;31m\x1b[KServo*\x1b[m\x1b[K\n'}
[11.639115] (quadruped_control) StderrLine: {'line': b'In file included from \x1b[01m\x1b[K/home/jonnydang2004/QUADRAPED/src/quadruped_control/src/motor_config.cpp:7\x1b[m\x1b[K:\n'}
[11.639263] (quadruped_control) StderrLine: {'line': b'\x1b[01m\x1b[K/home/jonnydang2004/QUADRAPED/src/quadruped_control/src/Servo.h:8:19:\x1b[m\x1b[K \x1b[01;36m\x1b[Knote: \x1b[m\x1b[K  initializing argument 1 of \xe2\x80\x98\x1b[01m\x1b[KServo::Servo(uint8_t)\x1b[m\x1b[K\xe2\x80\x99\n'}
[11.639409] (quadruped_control) StderrLine: {'line': b'    8 |     Servo(\x1b[01;36m\x1b[Kuint8_t gp\x1b[m\x1b[K);\n'}
[11.639549] (quadruped_control) StderrLine: {'line': b'      |           \x1b[01;36m\x1b[K~~~~~~~~^~\x1b[m\x1b[K\n'}
[11.639688] (quadruped_control) StderrLine: {'line': b'\x1b[01m\x1b[K/home/jonnydang2004/QUADRAPED/src/quadruped_control/src/motor_config.cpp:54:58:\x1b[m\x1b[K \x1b[01;31m\x1b[Kerror: \x1b[m\x1b[Kambiguous overload for \xe2\x80\x98\x1b[01m\x1b[Koperator=\x1b[m\x1b[K\xe2\x80\x99 (operand types are \xe2\x80\x98\x1b[01m\x1b[KServo\x1b[m\x1b[K\xe2\x80\x99 and \xe2\x80\x98\x1b[01m\x1b[KServo*\x1b[m\x1b[K\xe2\x80\x99)\n'}
[11.639833] (quadruped_control) StderrLine: {'line': b'   54 |         back_left_upper_servo = new Servo(back_left_upper\x1b[01;31m\x1b[K)\x1b[m\x1b[K;\n'}
[11.640031] (quadruped_control) StderrLine: {'line': b'      |                                                          \x1b[01;31m\x1b[K^\x1b[m\x1b[K\n'}
[11.640184] (quadruped_control) StderrLine: {'line': b'In file included from \x1b[01m\x1b[K/home/jonnydang2004/QUADRAPED/src/quadruped_control/src/motor_config.cpp:7\x1b[m\x1b[K:\n'}
[11.640338] (quadruped_control) StderrLine: {'line': b'\x1b[01m\x1b[K/home/jonnydang2004/QUADRAPED/src/quadruped_control/src/Servo.h:5:7:\x1b[m\x1b[K \x1b[01;36m\x1b[Knote: \x1b[m\x1b[Kcandidate: \xe2\x80\x98\x1b[01m\x1b[Kconstexpr Servo& Servo::operator=(const Servo&)\x1b[m\x1b[K\xe2\x80\x99 (near match)\n'}
[11.640485] (quadruped_control) StderrLine: {'line': b'    5 | class \x1b[01;36m\x1b[KServo\x1b[m\x1b[K {\n'}
[11.640624] (quadruped_control) StderrLine: {'line': b'      |       \x1b[01;36m\x1b[K^~~~~\x1b[m\x1b[K\n'}
[11.640761] (quadruped_control) StderrLine: {'line': b'\x1b[01m\x1b[K/home/jonnydang2004/QUADRAPED/src/quadruped_control/src/Servo.h:5:7:\x1b[m\x1b[K \x1b[01;36m\x1b[Knote: \x1b[m\x1b[K  conversion of argument 1 would be ill-formed:\n'}
[11.640957] (quadruped_control) StderrLine: {'line': b'\x1b[01m\x1b[K/home/jonnydang2004/QUADRAPED/src/quadruped_control/src/motor_config.cpp:54:33:\x1b[m\x1b[K \x1b[01;31m\x1b[Kerror: \x1b[m\x1b[Kinvalid user-defined conversion from \xe2\x80\x98\x1b[01m\x1b[KServo*\x1b[m\x1b[K\xe2\x80\x99 to \xe2\x80\x98\x1b[01m\x1b[Kconst Servo&\x1b[m\x1b[K\xe2\x80\x99 [\x1b[01;31m\x1b[K\x1b]8;;https://gcc.gnu.org/onlinedocs/gcc/Warning-Options.html#index-fpermissive\x07-fpermissive\x1b]8;;\x07\x1b[m\x1b[K]\n'}
[11.641129] (quadruped_control) StderrLine: {'line': b'   54 |         back_left_upper_servo = \x1b[01;31m\x1b[Knew Servo(back_left_upper)\x1b[m\x1b[K;\n'}
[11.641277] (quadruped_control) StderrLine: {'line': b'      |                                 \x1b[01;31m\x1b[K^~~~~~~~~~~~~~~~~~~~~~~~~~\x1b[m\x1b[K\n'}
[11.641415] (quadruped_control) StderrLine: {'line': b'In file included from \x1b[01m\x1b[K/home/jonnydang2004/QUADRAPED/src/quadruped_control/src/motor_config.cpp:7\x1b[m\x1b[K:\n'}
[11.641606] (quadruped_control) StderrLine: {'line': b'\x1b[01m\x1b[K/home/jonnydang2004/QUADRAPED/src/quadruped_control/src/Servo.h:8:5:\x1b[m\x1b[K \x1b[01;36m\x1b[Knote: \x1b[m\x1b[Kcandidate is: \xe2\x80\x98\x1b[01m\x1b[KServo::Servo(uint8_t)\x1b[m\x1b[K\xe2\x80\x99 (near match)\n'}
[11.641758] (quadruped_control) StderrLine: {'line': b'    8 |     \x1b[01;36m\x1b[KServo\x1b[m\x1b[K(uint8_t gp);\n'}
[11.641898] (quadruped_control) StderrLine: {'line': b'      |     \x1b[01;36m\x1b[K^~~~~\x1b[m\x1b[K\n'}
[11.642090] (quadruped_control) StderrLine: {'line': b'\x1b[01m\x1b[K/home/jonnydang2004/QUADRAPED/src/quadruped_control/src/Servo.h:8:5:\x1b[m\x1b[K \x1b[01;36m\x1b[Knote: \x1b[m\x1b[K  conversion of argument 1 would be ill-formed:\n'}
[11.642231] (quadruped_control) StderrLine: {'line': b'\x1b[01m\x1b[K/home/jonnydang2004/QUADRAPED/src/quadruped_control/src/motor_config.cpp:54:33:\x1b[m\x1b[K \x1b[01;31m\x1b[Kerror: \x1b[m\x1b[Kinvalid conversion from \xe2\x80\x98\x1b[01m\x1b[KServo*\x1b[m\x1b[K\xe2\x80\x99 to \xe2\x80\x98\x1b[01m\x1b[Kuint8_t\x1b[m\x1b[K\xe2\x80\x99 {aka \xe2\x80\x98\x1b[01m\x1b[Kunsigned char\x1b[m\x1b[K\xe2\x80\x99} [\x1b[01;31m\x1b[K\x1b]8;;https://gcc.gnu.org/onlinedocs/gcc/Warning-Options.html#index-fpermissive\x07-fpermissive\x1b]8;;\x07\x1b[m\x1b[K]\n'}
[11.642377] (quadruped_control) StderrLine: {'line': b'   54 |         back_left_upper_servo = \x1b[01;31m\x1b[Knew Servo(back_left_upper)\x1b[m\x1b[K;\n'}
[11.642516] (quadruped_control) StderrLine: {'line': b'      |                                 \x1b[01;31m\x1b[K^~~~~~~~~~~~~~~~~~~~~~~~~~\x1b[m\x1b[K\n'}
[11.642656] (quadruped_control) StderrLine: {'line': b'      |                                 \x1b[01;31m\x1b[K|\x1b[m\x1b[K\n'}
[11.642790] (quadruped_control) StderrLine: {'line': b'      |                                 \x1b[01;31m\x1b[KServo*\x1b[m\x1b[K\n'}
[11.642964] (quadruped_control) StderrLine: {'line': b'\x1b[01m\x1b[K/home/jonnydang2004/QUADRAPED/src/quadruped_control/src/motor_config.cpp:54:33:\x1b[m\x1b[K \x1b[01;31m\x1b[Kerror: \x1b[m\x1b[Kinvalid conversion from \xe2\x80\x98\x1b[01m\x1b[KServo*\x1b[m\x1b[K\xe2\x80\x99 to \xe2\x80\x98\x1b[01m\x1b[Kuint8_t\x1b[m\x1b[K\xe2\x80\x99 {aka \xe2\x80\x98\x1b[01m\x1b[Kunsigned char\x1b[m\x1b[K\xe2\x80\x99} [\x1b[01;31m\x1b[K\x1b]8;;https://gcc.gnu.org/onlinedocs/gcc/Warning-Options.html#index-fpermissive\x07-fpermissive\x1b]8;;\x07\x1b[m\x1b[K]\n'}
[11.643143] (quadruped_control) StderrLine: {'line': b'   54 |         back_left_upper_servo = \x1b[01;31m\x1b[Knew Servo(back_left_upper)\x1b[m\x1b[K;\n'}
[11.643291] (quadruped_control) StderrLine: {'line': b'      |                                 \x1b[01;31m\x1b[K^~~~~~~~~~~~~~~~~~~~~~~~~~\x1b[m\x1b[K\n'}
[11.643433] (quadruped_control) StderrLine: {'line': b'      |                                 \x1b[01;31m\x1b[K|\x1b[m\x1b[K\n'}
[11.643587] (quadruped_control) StderrLine: {'line': b'      |                                 \x1b[01;31m\x1b[KServo*\x1b[m\x1b[K\n'}
[11.643742] (quadruped_control) StderrLine: {'line': b'In file included from \x1b[01m\x1b[K/home/jonnydang2004/QUADRAPED/src/quadruped_control/src/motor_config.cpp:7\x1b[m\x1b[K:\n'}
[11.643929] (quadruped_control) StderrLine: {'line': b'\x1b[01m\x1b[K/home/jonnydang2004/QUADRAPED/src/quadruped_control/src/Servo.h:8:19:\x1b[m\x1b[K \x1b[01;36m\x1b[Knote: \x1b[m\x1b[K  initializing argument 1 of \xe2\x80\x98\x1b[01m\x1b[KServo::Servo(uint8_t)\x1b[m\x1b[K\xe2\x80\x99\n'}
[11.644111] (quadruped_control) StderrLine: {'line': b'    8 |     Servo(\x1b[01;36m\x1b[Kuint8_t gp\x1b[m\x1b[K);\n'}
[11.644257] (quadruped_control) StderrLine: {'line': b'      |           \x1b[01;36m\x1b[K~~~~~~~~^~\x1b[m\x1b[K\n'}
[11.644402] (quadruped_control) StderrLine: {'line': b'\x1b[01m\x1b[K/home/jonnydang2004/QUADRAPED/src/quadruped_control/src/Servo.h:5:7:\x1b[m\x1b[K \x1b[01;36m\x1b[Knote: \x1b[m\x1b[Kcandidate: \xe2\x80\x98\x1b[01m\x1b[Kconstexpr Servo& Servo::operator=(Servo&&)\x1b[m\x1b[K\xe2\x80\x99 (near match)\n'}
[11.644547] (quadruped_control) StderrLine: {'line': b'    5 | class \x1b[01;36m\x1b[KServo\x1b[m\x1b[K {\n'}
[11.644682] (quadruped_control) StderrLine: {'line': b'      |       \x1b[01;36m\x1b[K^~~~~\x1b[m\x1b[K\n'}
[11.644820] (quadruped_control) StderrLine: {'line': b'\x1b[01m\x1b[K/home/jonnydang2004/QUADRAPED/src/quadruped_control/src/Servo.h:5:7:\x1b[m\x1b[K \x1b[01;36m\x1b[Knote: \x1b[m\x1b[K  conversion of argument 1 would be ill-formed:\n'}
[11.645015] (quadruped_control) StderrLine: {'line': b'\x1b[01m\x1b[K/home/jonnydang2004/QUADRAPED/src/quadruped_control/src/motor_config.cpp:54:33:\x1b[m\x1b[K \x1b[01;31m\x1b[Kerror: \x1b[m\x1b[Kinvalid user-defined conversion from \xe2\x80\x98\x1b[01m\x1b[KServo*\x1b[m\x1b[K\xe2\x80\x99 to \xe2\x80\x98\x1b[01m\x1b[KServo&&\x1b[m\x1b[K\xe2\x80\x99 [\x1b[01;31m\x1b[K\x1b]8;;https://gcc.gnu.org/onlinedocs/gcc/Warning-Options.html#index-fpermissive\x07-fpermissive\x1b]8;;\x07\x1b[m\x1b[K]\n'}
[11.645186] (quadruped_control) StderrLine: {'line': b'   54 |         back_left_upper_servo = \x1b[01;31m\x1b[Knew Servo(back_left_upper)\x1b[m\x1b[K;\n'}
[11.645429] (quadruped_control) StderrLine: {'line': b'      |                                 \x1b[01;31m\x1b[K^~~~~~~~~~~~~~~~~~~~~~~~~~\x1b[m\x1b[K\n'}
[11.645674] (quadruped_control) StderrLine: {'line': b'In file included from \x1b[01m\x1b[K/home/jonnydang2004/QUADRAPED/src/quadruped_control/src/motor_config.cpp:7\x1b[m\x1b[K:\n'}
[11.645847] (quadruped_control) StderrLine: {'line': b'\x1b[01m\x1b[K/home/jonnydang2004/QUADRAPED/src/quadruped_control/src/Servo.h:8:5:\x1b[m\x1b[K \x1b[01;36m\x1b[Knote: \x1b[m\x1b[Kcandidate is: \xe2\x80\x98\x1b[01m\x1b[KServo::Servo(uint8_t)\x1b[m\x1b[K\xe2\x80\x99 (near match)\n'}
[11.646155] (quadruped_control) StderrLine: {'line': b'    8 |     \x1b[01;36m\x1b[KServo\x1b[m\x1b[K(uint8_t gp);\n'}
[11.646588] (quadruped_control) StderrLine: {'line': b'      |     \x1b[01;36m\x1b[K^~~~~\x1b[m\x1b[K\n'}
[11.646812] (quadruped_control) StderrLine: {'line': b'\x1b[01m\x1b[K/home/jonnydang2004/QUADRAPED/src/quadruped_control/src/Servo.h:8:5:\x1b[m\x1b[K \x1b[01;36m\x1b[Knote: \x1b[m\x1b[K  conversion of argument 1 would be ill-formed:\n'}
[11.647151] (quadruped_control) StderrLine: {'line': b'\x1b[01m\x1b[K/home/jonnydang2004/QUADRAPED/src/quadruped_control/src/motor_config.cpp:54:33:\x1b[m\x1b[K \x1b[01;31m\x1b[Kerror: \x1b[m\x1b[Kinvalid conversion from \xe2\x80\x98\x1b[01m\x1b[KServo*\x1b[m\x1b[K\xe2\x80\x99 to \xe2\x80\x98\x1b[01m\x1b[Kuint8_t\x1b[m\x1b[K\xe2\x80\x99 {aka \xe2\x80\x98\x1b[01m\x1b[Kunsigned char\x1b[m\x1b[K\xe2\x80\x99} [\x1b[01;31m\x1b[K\x1b]8;;https://gcc.gnu.org/onlinedocs/gcc/Warning-Options.html#index-fpermissive\x07-fpermissive\x1b]8;;\x07\x1b[m\x1b[K]\n'}
[11.647336] (quadruped_control) StderrLine: {'line': b'   54 |         back_left_upper_servo = \x1b[01;31m\x1b[Knew Servo(back_left_upper)\x1b[m\x1b[K;\n'}
[11.647496] (quadruped_control) StderrLine: {'line': b'      |                                 \x1b[01;31m\x1b[K^~~~~~~~~~~~~~~~~~~~~~~~~~\x1b[m\x1b[K\n'}
[11.647652] (quadruped_control) StderrLine: {'line': b'      |                                 \x1b[01;31m\x1b[K|\x1b[m\x1b[K\n'}
[11.647793] (quadruped_control) StderrLine: {'line': b'      |                                 \x1b[01;31m\x1b[KServo*\x1b[m\x1b[K\n'}
[11.647974] (quadruped_control) StderrLine: {'line': b'\x1b[01m\x1b[K/home/jonnydang2004/QUADRAPED/src/quadruped_control/src/motor_config.cpp:54:33:\x1b[m\x1b[K \x1b[01;31m\x1b[Kerror: \x1b[m\x1b[Kinvalid conversion from \xe2\x80\x98\x1b[01m\x1b[KServo*\x1b[m\x1b[K\xe2\x80\x99 to \xe2\x80\x98\x1b[01m\x1b[Kuint8_t\x1b[m\x1b[K\xe2\x80\x99 {aka \xe2\x80\x98\x1b[01m\x1b[Kunsigned char\x1b[m\x1b[K\xe2\x80\x99} [\x1b[01;31m\x1b[K\x1b]8;;https://gcc.gnu.org/onlinedocs/gcc/Warning-Options.html#index-fpermissive\x07-fpermissive\x1b]8;;\x07\x1b[m\x1b[K]\n'}
[11.648138] (quadruped_control) StderrLine: {'line': b'   54 |         back_left_upper_servo = \x1b[01;31m\x1b[Knew Servo(back_left_upper)\x1b[m\x1b[K;\n'}
[11.648280] (quadruped_control) StderrLine: {'line': b'      |                                 \x1b[01;31m\x1b[K^~~~~~~~~~~~~~~~~~~~~~~~~~\x1b[m\x1b[K\n'}
[11.648420] (quadruped_control) StderrLine: {'line': b'      |                                 \x1b[01;31m\x1b[K|\x1b[m\x1b[K\n'}
[11.648558] (quadruped_control) StderrLine: {'line': b'      |                                 \x1b[01;31m\x1b[KServo*\x1b[m\x1b[K\n'}
[11.648696] (quadruped_control) StderrLine: {'line': b'In file included from \x1b[01m\x1b[K/home/jonnydang2004/QUADRAPED/src/quadruped_control/src/motor_config.cpp:7\x1b[m\x1b[K:\n'}
[11.648831] (quadruped_control) StderrLine: {'line': b'\x1b[01m\x1b[K/home/jonnydang2004/QUADRAPED/src/quadruped_control/src/Servo.h:8:19:\x1b[m\x1b[K \x1b[01;36m\x1b[Knote: \x1b[m\x1b[K  initializing argument 1 of \xe2\x80\x98\x1b[01m\x1b[KServo::Servo(uint8_t)\x1b[m\x1b[K\xe2\x80\x99\n'}
[11.650364] (quadruped_control) StderrLine: {'line': b'    8 |     Servo(\x1b[01;36m\x1b[Kuint8_t gp\x1b[m\x1b[K);\n'}
[11.650704] (quadruped_control) StderrLine: {'line': b'      |           \x1b[01;36m\x1b[K~~~~~~~~^~\x1b[m\x1b[K\n'}
[11.651304] (quadruped_control) StderrLine: {'line': b'\x1b[01m\x1b[K/home/jonnydang2004/QUADRAPED/src/quadruped_control/src/motor_config.cpp:55:58:\x1b[m\x1b[K \x1b[01;31m\x1b[Kerror: \x1b[m\x1b[Kambiguous overload for \xe2\x80\x98\x1b[01m\x1b[Koperator=\x1b[m\x1b[K\xe2\x80\x99 (operand types are \xe2\x80\x98\x1b[01m\x1b[KServo\x1b[m\x1b[K\xe2\x80\x99 and \xe2\x80\x98\x1b[01m\x1b[KServo*\x1b[m\x1b[K\xe2\x80\x99)\n'}
[11.653691] (quadruped_control) StderrLine: {'line': b'   55 |         back_left_lower_servo = new Servo(back_left_lower\x1b[01;31m\x1b[K)\x1b[m\x1b[K;\n'}
[11.654055] (quadruped_control) StderrLine: {'line': b'      |                                                          \x1b[01;31m\x1b[K^\x1b[m\x1b[K\n'}
[11.654235] (quadruped_control) StderrLine: {'line': b'In file included from \x1b[01m\x1b[K/home/jonnydang2004/QUADRAPED/src/quadruped_control/src/motor_config.cpp:7\x1b[m\x1b[K:\n'}
[11.654406] (quadruped_control) StderrLine: {'line': b'\x1b[01m\x1b[K/home/jonnydang2004/QUADRAPED/src/quadruped_control/src/Servo.h:5:7:\x1b[m\x1b[K \x1b[01;36m\x1b[Knote: \x1b[m\x1b[Kcandidate: \xe2\x80\x98\x1b[01m\x1b[Kconstexpr Servo& Servo::operator=(const Servo&)\x1b[m\x1b[K\xe2\x80\x99 (near match)\n'}
[11.654568] (quadruped_control) StderrLine: {'line': b'    5 | class \x1b[01;36m\x1b[KServo\x1b[m\x1b[K {\n'}
[11.654711] (quadruped_control) StderrLine: {'line': b'      |       \x1b[01;36m\x1b[K^~~~~\x1b[m\x1b[K\n'}
[11.654848] (quadruped_control) StderrLine: {'line': b'\x1b[01m\x1b[K/home/jonnydang2004/QUADRAPED/src/quadruped_control/src/Servo.h:5:7:\x1b[m\x1b[K \x1b[01;36m\x1b[Knote: \x1b[m\x1b[K  conversion of argument 1 would be ill-formed:\n'}
[11.655237] (quadruped_control) StderrLine: {'line': b'\x1b[01m\x1b[K/home/jonnydang2004/QUADRAPED/src/quadruped_control/src/motor_config.cpp:55:33:\x1b[m\x1b[K \x1b[01;31m\x1b[Kerror: \x1b[m\x1b[Kinvalid user-defined conversion from \xe2\x80\x98\x1b[01m\x1b[KServo*\x1b[m\x1b[K\xe2\x80\x99 to \xe2\x80\x98\x1b[01m\x1b[Kconst Servo&\x1b[m\x1b[K\xe2\x80\x99 [\x1b[01;31m\x1b[K\x1b]8;;https://gcc.gnu.org/onlinedocs/gcc/Warning-Options.html#index-fpermissive\x07-fpermissive\x1b]8;;\x07\x1b[m\x1b[K]\n'}
[11.655434] (quadruped_control) StderrLine: {'line': b'   55 |         back_left_lower_servo = \x1b[01;31m\x1b[Knew Servo(back_left_lower)\x1b[m\x1b[K;\n'}
[11.655579] (quadruped_control) StderrLine: {'line': b'      |                                 \x1b[01;31m\x1b[K^~~~~~~~~~~~~~~~~~~~~~~~~~\x1b[m\x1b[K\n'}
[11.655720] (quadruped_control) StderrLine: {'line': b'In file included from \x1b[01m\x1b[K/home/jonnydang2004/QUADRAPED/src/quadruped_control/src/motor_config.cpp:7\x1b[m\x1b[K:\n'}
[11.655862] (quadruped_control) StderrLine: {'line': b'\x1b[01m\x1b[K/home/jonnydang2004/QUADRAPED/src/quadruped_control/src/Servo.h:8:5:\x1b[m\x1b[K \x1b[01;36m\x1b[Knote: \x1b[m\x1b[Kcandidate is: \xe2\x80\x98\x1b[01m\x1b[KServo::Servo(uint8_t)\x1b[m\x1b[K\xe2\x80\x99 (near match)\n'}
[11.656055] (quadruped_control) StderrLine: {'line': b'    8 |     \x1b[01;36m\x1b[KServo\x1b[m\x1b[K(uint8_t gp);\n'}
[11.656205] (quadruped_control) StderrLine: {'line': b'      |     \x1b[01;36m\x1b[K^~~~~\x1b[m\x1b[K\n'}
[11.656346] (quadruped_control) StderrLine: {'line': b'\x1b[01m\x1b[K/home/jonnydang2004/QUADRAPED/src/quadruped_control/src/Servo.h:8:5:\x1b[m\x1b[K \x1b[01;36m\x1b[Knote: \x1b[m\x1b[K  conversion of argument 1 would be ill-formed:\n'}
[11.656537] (quadruped_control) StderrLine: {'line': b'\x1b[01m\x1b[K/home/jonnydang2004/QUADRAPED/src/quadruped_control/src/motor_config.cpp:55:33:\x1b[m\x1b[K \x1b[01;31m\x1b[Kerror: \x1b[m\x1b[Kinvalid conversion from \xe2\x80\x98\x1b[01m\x1b[KServo*\x1b[m\x1b[K\xe2\x80\x99 to \xe2\x80\x98\x1b[01m\x1b[Kuint8_t\x1b[m\x1b[K\xe2\x80\x99 {aka \xe2\x80\x98\x1b[01m\x1b[Kunsigned char\x1b[m\x1b[K\xe2\x80\x99} [\x1b[01;31m\x1b[K\x1b]8;;https://gcc.gnu.org/onlinedocs/gcc/Warning-Options.html#index-fpermissive\x07-fpermissive\x1b]8;;\x07\x1b[m\x1b[K]\n'}
[11.656708] (quadruped_control) StderrLine: {'line': b'   55 |         back_left_lower_servo = \x1b[01;31m\x1b[Knew Servo(back_left_lower)\x1b[m\x1b[K;\n'}
[11.656851] (quadruped_control) StderrLine: {'line': b'      |                                 \x1b[01;31m\x1b[K^~~~~~~~~~~~~~~~~~~~~~~~~~\x1b[m\x1b[K\n'}
[11.657042] (quadruped_control) StderrLine: {'line': b'      |                                 \x1b[01;31m\x1b[K|\x1b[m\x1b[K\n'}
[11.657194] (quadruped_control) StderrLine: {'line': b'      |                                 \x1b[01;31m\x1b[KServo*\x1b[m\x1b[K\n'}
[11.657337] (quadruped_control) StderrLine: {'line': b'\x1b[01m\x1b[K/home/jonnydang2004/QUADRAPED/src/quadruped_control/src/motor_config.cpp:55:33:\x1b[m\x1b[K \x1b[01;31m\x1b[Kerror: \x1b[m\x1b[Kinvalid conversion from \xe2\x80\x98\x1b[01m\x1b[KServo*\x1b[m\x1b[K\xe2\x80\x99 to \xe2\x80\x98\x1b[01m\x1b[Kuint8_t\x1b[m\x1b[K\xe2\x80\x99 {aka \xe2\x80\x98\x1b[01m\x1b[Kunsigned char\x1b[m\x1b[K\xe2\x80\x99} [\x1b[01;31m\x1b[K\x1b]8;;https://gcc.gnu.org/onlinedocs/gcc/Warning-Options.html#index-fpermissive\x07-fpermissive\x1b]8;;\x07\x1b[m\x1b[K]\n'}
[11.657486] (quadruped_control) StderrLine: {'line': b'   55 |         back_left_lower_servo = \x1b[01;31m\x1b[Knew Servo(back_left_lower)\x1b[m\x1b[K;\n'}
[11.657651] (quadruped_control) StderrLine: {'line': b'      |                                 \x1b[01;31m\x1b[K^~~~~~~~~~~~~~~~~~~~~~~~~~\x1b[m\x1b[K\n'}
[11.657794] (quadruped_control) StderrLine: {'line': b'      |                                 \x1b[01;31m\x1b[K|\x1b[m\x1b[K\n'}
[11.657968] (quadruped_control) StderrLine: {'line': b'      |                                 \x1b[01;31m\x1b[KServo*\x1b[m\x1b[K\n'}
[11.658126] (quadruped_control) StderrLine: {'line': b'In file included from \x1b[01m\x1b[K/home/jonnydang2004/QUADRAPED/src/quadruped_control/src/motor_config.cpp:7\x1b[m\x1b[K:\n'}
[11.658275] (quadruped_control) StderrLine: {'line': b'\x1b[01m\x1b[K/home/jonnydang2004/QUADRAPED/src/quadruped_control/src/Servo.h:8:19:\x1b[m\x1b[K \x1b[01;36m\x1b[Knote: \x1b[m\x1b[K  initializing argument 1 of \xe2\x80\x98\x1b[01m\x1b[KServo::Servo(uint8_t)\x1b[m\x1b[K\xe2\x80\x99\n'}
[11.658433] (quadruped_control) StderrLine: {'line': b'    8 |     Servo(\x1b[01;36m\x1b[Kuint8_t gp\x1b[m\x1b[K);\n'}
[11.658571] (quadruped_control) StderrLine: {'line': b'      |           \x1b[01;36m\x1b[K~~~~~~~~^~\x1b[m\x1b[K\n'}
[11.658707] (quadruped_control) StderrLine: {'line': b'\x1b[01m\x1b[K/home/jonnydang2004/QUADRAPED/src/quadruped_control/src/Servo.h:5:7:\x1b[m\x1b[K \x1b[01;36m\x1b[Knote: \x1b[m\x1b[Kcandidate: \xe2\x80\x98\x1b[01m\x1b[Kconstexpr Servo& Servo::operator=(Servo&&)\x1b[m\x1b[K\xe2\x80\x99 (near match)\n'}
[11.658850] (quadruped_control) StderrLine: {'line': b'    5 | class \x1b[01;36m\x1b[KServo\x1b[m\x1b[K {\n'}
[11.659046] (quadruped_control) StderrLine: {'line': b'      |       \x1b[01;36m\x1b[K^~~~~\x1b[m\x1b[K\n'}
[11.659196] (quadruped_control) StderrLine: {'line': b'\x1b[01m\x1b[K/home/jonnydang2004/QUADRAPED/src/quadruped_control/src/Servo.h:5:7:\x1b[m\x1b[K \x1b[01;36m\x1b[Knote: \x1b[m\x1b[K  conversion of argument 1 would be ill-formed:\n'}
[11.659341] (quadruped_control) StderrLine: {'line': b'\x1b[01m\x1b[K/home/jonnydang2004/QUADRAPED/src/quadruped_control/src/motor_config.cpp:55:33:\x1b[m\x1b[K \x1b[01;31m\x1b[Kerror: \x1b[m\x1b[Kinvalid user-defined conversion from \xe2\x80\x98\x1b[01m\x1b[KServo*\x1b[m\x1b[K\xe2\x80\x99 to \xe2\x80\x98\x1b[01m\x1b[KServo&&\x1b[m\x1b[K\xe2\x80\x99 [\x1b[01;31m\x1b[K\x1b]8;;https://gcc.gnu.org/onlinedocs/gcc/Warning-Options.html#index-fpermissive\x07-fpermissive\x1b]8;;\x07\x1b[m\x1b[K]\n'}
[11.659532] (quadruped_control) StderrLine: {'line': b'   55 |         back_left_lower_servo = \x1b[01;31m\x1b[Knew Servo(back_left_lower)\x1b[m\x1b[K;\n'}
[11.659681] (quadruped_control) StderrLine: {'line': b'      |                                 \x1b[01;31m\x1b[K^~~~~~~~~~~~~~~~~~~~~~~~~~\x1b[m\x1b[K\n'}
[11.659822] (quadruped_control) StderrLine: {'line': b'In file included from \x1b[01m\x1b[K/home/jonnydang2004/QUADRAPED/src/quadruped_control/src/motor_config.cpp:7\x1b[m\x1b[K:\n'}
[11.660049] (quadruped_control) StderrLine: {'line': b'\x1b[01m\x1b[K/home/jonnydang2004/QUADRAPED/src/quadruped_control/src/Servo.h:8:5:\x1b[m\x1b[K \x1b[01;36m\x1b[Knote: \x1b[m\x1b[Kcandidate is: \xe2\x80\x98\x1b[01m\x1b[KServo::Servo(uint8_t)\x1b[m\x1b[K\xe2\x80\x99 (near match)\n'}
[11.660253] (quadruped_control) StderrLine: {'line': b'    8 |     \x1b[01;36m\x1b[KServo\x1b[m\x1b[K(uint8_t gp);\n'}
[11.660410] (quadruped_control) StderrLine: {'line': b'      |     \x1b[01;36m\x1b[K^~~~~\x1b[m\x1b[K\n'}
[11.660553] (quadruped_control) StderrLine: {'line': b'\x1b[01m\x1b[K/home/jonnydang2004/QUADRAPED/src/quadruped_control/src/Servo.h:8:5:\x1b[m\x1b[K \x1b[01;36m\x1b[Knote: \x1b[m\x1b[K  conversion of argument 1 would be ill-formed:\n'}
[11.660705] (quadruped_control) StderrLine: {'line': b'\x1b[01m\x1b[K/home/jonnydang2004/QUADRAPED/src/quadruped_control/src/motor_config.cpp:55:33:\x1b[m\x1b[K \x1b[01;31m\x1b[Kerror: \x1b[m\x1b[Kinvalid conversion from \xe2\x80\x98\x1b[01m\x1b[KServo*\x1b[m\x1b[K\xe2\x80\x99 to \xe2\x80\x98\x1b[01m\x1b[Kuint8_t\x1b[m\x1b[K\xe2\x80\x99 {aka \xe2\x80\x98\x1b[01m\x1b[Kunsigned char\x1b[m\x1b[K\xe2\x80\x99} [\x1b[01;31m\x1b[K\x1b]8;;https://gcc.gnu.org/onlinedocs/gcc/Warning-Options.html#index-fpermissive\x07-fpermissive\x1b]8;;\x07\x1b[m\x1b[K]\n'}
[11.660857] (quadruped_control) StderrLine: {'line': b'   55 |         back_left_lower_servo = \x1b[01;31m\x1b[Knew Servo(back_left_lower)\x1b[m\x1b[K;\n'}
[11.661088] (quadruped_control) StderrLine: {'line': b'      |                                 \x1b[01;31m\x1b[K^~~~~~~~~~~~~~~~~~~~~~~~~~\x1b[m\x1b[K\n'}
[11.661211] (quadruped_control) StderrLine: {'line': b'      |                                 \x1b[01;31m\x1b[K|\x1b[m\x1b[K\n'}
[11.661306] (quadruped_control) StderrLine: {'line': b'      |                                 \x1b[01;31m\x1b[KServo*\x1b[m\x1b[K\n'}
[11.661395] (quadruped_control) StderrLine: {'line': b'\x1b[01m\x1b[K/home/jonnydang2004/QUADRAPED/src/quadruped_control/src/motor_config.cpp:55:33:\x1b[m\x1b[K \x1b[01;31m\x1b[Kerror: \x1b[m\x1b[Kinvalid conversion from \xe2\x80\x98\x1b[01m\x1b[KServo*\x1b[m\x1b[K\xe2\x80\x99 to \xe2\x80\x98\x1b[01m\x1b[Kuint8_t\x1b[m\x1b[K\xe2\x80\x99 {aka \xe2\x80\x98\x1b[01m\x1b[Kunsigned char\x1b[m\x1b[K\xe2\x80\x99} [\x1b[01;31m\x1b[K\x1b]8;;https://gcc.gnu.org/onlinedocs/gcc/Warning-Options.html#index-fpermissive\x07-fpermissive\x1b]8;;\x07\x1b[m\x1b[K]\n'}
[11.661502] (quadruped_control) StderrLine: {'line': b'   55 |         back_left_lower_servo = \x1b[01;31m\x1b[Knew Servo(back_left_lower)\x1b[m\x1b[K;\n'}
[11.661591] (quadruped_control) StderrLine: {'line': b'      |                                 \x1b[01;31m\x1b[K^~~~~~~~~~~~~~~~~~~~~~~~~~\x1b[m\x1b[K\n'}
[11.661679] (quadruped_control) StderrLine: {'line': b'      |                                 \x1b[01;31m\x1b[K|\x1b[m\x1b[K\n'}
[11.661766] (quadruped_control) StderrLine: {'line': b'      |                                 \x1b[01;31m\x1b[KServo*\x1b[m\x1b[K\n'}
[11.661856] (quadruped_control) StderrLine: {'line': b'In file included from \x1b[01m\x1b[K/home/jonnydang2004/QUADRAPED/src/quadruped_control/src/motor_config.cpp:7\x1b[m\x1b[K:\n'}
[11.662058] (quadruped_control) StderrLine: {'line': b'\x1b[01m\x1b[K/home/jonnydang2004/QUADRAPED/src/quadruped_control/src/Servo.h:8:19:\x1b[m\x1b[K \x1b[01;36m\x1b[Knote: \x1b[m\x1b[K  initializing argument 1 of \xe2\x80\x98\x1b[01m\x1b[KServo::Servo(uint8_t)\x1b[m\x1b[K\xe2\x80\x99\n'}
[11.662304] (quadruped_control) StderrLine: {'line': b'    8 |     Servo(\x1b[01;36m\x1b[Kuint8_t gp\x1b[m\x1b[K);\n'}
[11.662480] (quadruped_control) StderrLine: {'line': b'      |           \x1b[01;36m\x1b[K~~~~~~~~^~\x1b[m\x1b[K\n'}
[11.662631] (quadruped_control) StderrLine: {'line': b'\x1b[01m\x1b[K/home/jonnydang2004/QUADRAPED/src/quadruped_control/src/motor_config.cpp:57:60:\x1b[m\x1b[K \x1b[01;31m\x1b[Kerror: \x1b[m\x1b[Kambiguous overload for \xe2\x80\x98\x1b[01m\x1b[Koperator=\x1b[m\x1b[K\xe2\x80\x99 (operand types are \xe2\x80\x98\x1b[01m\x1b[KServo\x1b[m\x1b[K\xe2\x80\x99 and \xe2\x80\x98\x1b[01m\x1b[KServo*\x1b[m\x1b[K\xe2\x80\x99)\n'}
[11.662848] (quadruped_control) StderrLine: {'line': b'   57 |         back_right_upper_servo = new Servo(back_right_upper\x1b[01;31m\x1b[K)\x1b[m\x1b[K;\n'}
[11.663104] (quadruped_control) StderrLine: {'line': b'      |                                                            \x1b[01;31m\x1b[K^\x1b[m\x1b[K\n'}
[11.663220] (quadruped_control) StderrLine: {'line': b'In file included from \x1b[01m\x1b[K/home/jonnydang2004/QUADRAPED/src/quadruped_control/src/motor_config.cpp:7\x1b[m\x1b[K:\n'}
[11.663316] (quadruped_control) StderrLine: {'line': b'\x1b[01m\x1b[K/home/jonnydang2004/QUADRAPED/src/quadruped_control/src/Servo.h:5:7:\x1b[m\x1b[K \x1b[01;36m\x1b[Knote: \x1b[m\x1b[Kcandidate: \xe2\x80\x98\x1b[01m\x1b[Kconstexpr Servo& Servo::operator=(const Servo&)\x1b[m\x1b[K\xe2\x80\x99 (near match)\n'}
[11.663407] (quadruped_control) StderrLine: {'line': b'    5 | class \x1b[01;36m\x1b[KServo\x1b[m\x1b[K {\n'}
[11.663494] (quadruped_control) StderrLine: {'line': b'      |       \x1b[01;36m\x1b[K^~~~~\x1b[m\x1b[K\n'}
[11.663579] (quadruped_control) StderrLine: {'line': b'\x1b[01m\x1b[K/home/jonnydang2004/QUADRAPED/src/quadruped_control/src/Servo.h:5:7:\x1b[m\x1b[K \x1b[01;36m\x1b[Knote: \x1b[m\x1b[K  conversion of argument 1 would be ill-formed:\n'}
[11.663667] (quadruped_control) StderrLine: {'line': b'\x1b[01m\x1b[K/home/jonnydang2004/QUADRAPED/src/quadruped_control/src/motor_config.cpp:57:34:\x1b[m\x1b[K \x1b[01;31m\x1b[Kerror: \x1b[m\x1b[Kinvalid user-defined conversion from \xe2\x80\x98\x1b[01m\x1b[KServo*\x1b[m\x1b[K\xe2\x80\x99 to \xe2\x80\x98\x1b[01m\x1b[Kconst Servo&\x1b[m\x1b[K\xe2\x80\x99 [\x1b[01;31m\x1b[K\x1b]8;;https://gcc.gnu.org/onlinedocs/gcc/Warning-Options.html#index-fpermissive\x07-fpermissive\x1b]8;;\x07\x1b[m\x1b[K]\n'}
[11.663759] (quadruped_control) StderrLine: {'line': b'   57 |         back_right_upper_servo = \x1b[01;31m\x1b[Knew Servo(back_right_upper)\x1b[m\x1b[K;\n'}
[11.663844] (quadruped_control) StderrLine: {'line': b'      |                                  \x1b[01;31m\x1b[K^~~~~~~~~~~~~~~~~~~~~~~~~~~\x1b[m\x1b[K\n'}
[11.663990] (quadruped_control) StderrLine: {'line': b'In file included from \x1b[01m\x1b[K/home/jonnydang2004/QUADRAPED/src/quadruped_control/src/motor_config.cpp:7\x1b[m\x1b[K:\n'}
[11.664095] (quadruped_control) StderrLine: {'line': b'\x1b[01m\x1b[K/home/jonnydang2004/QUADRAPED/src/quadruped_control/src/Servo.h:8:5:\x1b[m\x1b[K \x1b[01;36m\x1b[Knote: \x1b[m\x1b[Kcandidate is: \xe2\x80\x98\x1b[01m\x1b[KServo::Servo(uint8_t)\x1b[m\x1b[K\xe2\x80\x99 (near match)\n'}
[11.664189] (quadruped_control) StderrLine: {'line': b'    8 |     \x1b[01;36m\x1b[KServo\x1b[m\x1b[K(uint8_t gp);\n'}
[11.664278] (quadruped_control) StderrLine: {'line': b'      |     \x1b[01;36m\x1b[K^~~~~\x1b[m\x1b[K\n'}
[11.664365] (quadruped_control) StderrLine: {'line': b'\x1b[01m\x1b[K/home/jonnydang2004/QUADRAPED/src/quadruped_control/src/Servo.h:8:5:\x1b[m\x1b[K \x1b[01;36m\x1b[Knote: \x1b[m\x1b[K  conversion of argument 1 would be ill-formed:\n'}
[11.664460] (quadruped_control) StderrLine: {'line': b'\x1b[01m\x1b[K/home/jonnydang2004/QUADRAPED/src/quadruped_control/src/motor_config.cpp:57:34:\x1b[m\x1b[K \x1b[01;31m\x1b[Kerror: \x1b[m\x1b[Kinvalid conversion from \xe2\x80\x98\x1b[01m\x1b[KServo*\x1b[m\x1b[K\xe2\x80\x99 to \xe2\x80\x98\x1b[01m\x1b[Kuint8_t\x1b[m\x1b[K\xe2\x80\x99 {aka \xe2\x80\x98\x1b[01m\x1b[Kunsigned char\x1b[m\x1b[K\xe2\x80\x99} [\x1b[01;31m\x1b[K\x1b]8;;https://gcc.gnu.org/onlinedocs/gcc/Warning-Options.html#index-fpermissive\x07-fpermissive\x1b]8;;\x07\x1b[m\x1b[K]\n'}
[11.664565] (quadruped_control) StderrLine: {'line': b'   57 |         back_right_upper_servo = \x1b[01;31m\x1b[Knew Servo(back_right_upper)\x1b[m\x1b[K;\n'}
[11.664652] (quadruped_control) StderrLine: {'line': b'      |                                  \x1b[01;31m\x1b[K^~~~~~~~~~~~~~~~~~~~~~~~~~~\x1b[m\x1b[K\n'}
[11.664738] (quadruped_control) StderrLine: {'line': b'      |                                  \x1b[01;31m\x1b[K|\x1b[m\x1b[K\n'}
[11.664824] (quadruped_control) StderrLine: {'line': b'      |                                  \x1b[01;31m\x1b[KServo*\x1b[m\x1b[K\n'}
[11.664913] (quadruped_control) StderrLine: {'line': b'\x1b[01m\x1b[K/home/jonnydang2004/QUADRAPED/src/quadruped_control/src/motor_config.cpp:57:34:\x1b[m\x1b[K \x1b[01;31m\x1b[Kerror: \x1b[m\x1b[Kinvalid conversion from \xe2\x80\x98\x1b[01m\x1b[KServo*\x1b[m\x1b[K\xe2\x80\x99 to \xe2\x80\x98\x1b[01m\x1b[Kuint8_t\x1b[m\x1b[K\xe2\x80\x99 {aka \xe2\x80\x98\x1b[01m\x1b[Kunsigned char\x1b[m\x1b[K\xe2\x80\x99} [\x1b[01;31m\x1b[K\x1b]8;;https://gcc.gnu.org/onlinedocs/gcc/Warning-Options.html#index-fpermissive\x07-fpermissive\x1b]8;;\x07\x1b[m\x1b[K]\n'}
[11.667785] (quadruped_control) StderrLine: {'line': b'   57 |         back_right_upper_servo = \x1b[01;31m\x1b[Knew Servo(back_right_upper)\x1b[m\x1b[K;\n'}
[11.668321] (quadruped_control) StderrLine: {'line': b'      |                                  \x1b[01;31m\x1b[K^~~~~~~~~~~~~~~~~~~~~~~~~~~\x1b[m\x1b[K\n'}
[11.668513] (quadruped_control) StderrLine: {'line': b'      |                                  \x1b[01;31m\x1b[K|\x1b[m\x1b[K\n'}
[11.668661] (quadruped_control) StderrLine: {'line': b'      |                                  \x1b[01;31m\x1b[KServo*\x1b[m\x1b[K\n'}
[11.668839] (quadruped_control) StderrLine: {'line': b'In file included from \x1b[01m\x1b[K/home/jonnydang2004/QUADRAPED/src/quadruped_control/src/motor_config.cpp:7\x1b[m\x1b[K:\n'}
[11.669144] (quadruped_control) StderrLine: {'line': b'\x1b[01m\x1b[K/home/jonnydang2004/QUADRAPED/src/quadruped_control/src/Servo.h:8:19:\x1b[m\x1b[K \x1b[01;36m\x1b[Knote: \x1b[m\x1b[K  initializing argument 1 of \xe2\x80\x98\x1b[01m\x1b[KServo::Servo(uint8_t)\x1b[m\x1b[K\xe2\x80\x99\n'}
[11.669324] (quadruped_control) StderrLine: {'line': b'    8 |     Servo(\x1b[01;36m\x1b[Kuint8_t gp\x1b[m\x1b[K);\n'}
[11.669473] (quadruped_control) StderrLine: {'line': b'      |           \x1b[01;36m\x1b[K~~~~~~~~^~\x1b[m\x1b[K\n'}
[11.669615] (quadruped_control) StderrLine: {'line': b'\x1b[01m\x1b[K/home/jonnydang2004/QUADRAPED/src/quadruped_control/src/Servo.h:5:7:\x1b[m\x1b[K \x1b[01;36m\x1b[Knote: \x1b[m\x1b[Kcandidate: \xe2\x80\x98\x1b[01m\x1b[Kconstexpr Servo& Servo::operator=(Servo&&)\x1b[m\x1b[K\xe2\x80\x99 (near match)\n'}
[11.669777] (quadruped_control) StderrLine: {'line': b'    5 | class \x1b[01;36m\x1b[KServo\x1b[m\x1b[K {\n'}
[11.669952] (quadruped_control) StderrLine: {'line': b'      |       \x1b[01;36m\x1b[K^~~~~\x1b[m\x1b[K\n'}
[11.670119] (quadruped_control) StderrLine: {'line': b'\x1b[01m\x1b[K/home/jonnydang2004/QUADRAPED/src/quadruped_control/src/Servo.h:5:7:\x1b[m\x1b[K \x1b[01;36m\x1b[Knote: \x1b[m\x1b[K  conversion of argument 1 would be ill-formed:\n'}
[11.670269] (quadruped_control) StderrLine: {'line': b'\x1b[01m\x1b[K/home/jonnydang2004/QUADRAPED/src/quadruped_control/src/motor_config.cpp:57:34:\x1b[m\x1b[K \x1b[01;31m\x1b[Kerror: \x1b[m\x1b[Kinvalid user-defined conversion from \xe2\x80\x98\x1b[01m\x1b[KServo*\x1b[m\x1b[K\xe2\x80\x99 to \xe2\x80\x98\x1b[01m\x1b[KServo&&\x1b[m\x1b[K\xe2\x80\x99 [\x1b[01;31m\x1b[K\x1b]8;;https://gcc.gnu.org/onlinedocs/gcc/Warning-Options.html#index-fpermissive\x07-fpermissive\x1b]8;;\x07\x1b[m\x1b[K]\n'}
[11.670421] (quadruped_control) StderrLine: {'line': b'   57 |         back_right_upper_servo = \x1b[01;31m\x1b[Knew Servo(back_right_upper)\x1b[m\x1b[K;\n'}
[11.670565] (quadruped_control) StderrLine: {'line': b'      |                                  \x1b[01;31m\x1b[K^~~~~~~~~~~~~~~~~~~~~~~~~~~\x1b[m\x1b[K\n'}
[11.670707] (quadruped_control) StderrLine: {'line': b'In file included from \x1b[01m\x1b[K/home/jonnydang2004/QUADRAPED/src/quadruped_control/src/motor_config.cpp:7\x1b[m\x1b[K:\n'}
[11.670849] (quadruped_control) StderrLine: {'line': b'\x1b[01m\x1b[K/home/jonnydang2004/QUADRAPED/src/quadruped_control/src/Servo.h:8:5:\x1b[m\x1b[K \x1b[01;36m\x1b[Knote: \x1b[m\x1b[Kcandidate is: \xe2\x80\x98\x1b[01m\x1b[KServo::Servo(uint8_t)\x1b[m\x1b[K\xe2\x80\x99 (near match)\n'}
[11.671045] (quadruped_control) StderrLine: {'line': b'    8 |     \x1b[01;36m\x1b[KServo\x1b[m\x1b[K(uint8_t gp);\n'}
[11.671191] (quadruped_control) StderrLine: {'line': b'      |     \x1b[01;36m\x1b[K^~~~~\x1b[m\x1b[K\n'}
[11.671334] (quadruped_control) StderrLine: {'line': b'\x1b[01m\x1b[K/home/jonnydang2004/QUADRAPED/src/quadruped_control/src/Servo.h:8:5:\x1b[m\x1b[K \x1b[01;36m\x1b[Knote: \x1b[m\x1b[K  conversion of argument 1 would be ill-formed:\n'}
[11.671475] (quadruped_control) StderrLine: {'line': b'\x1b[01m\x1b[K/home/jonnydang2004/QUADRAPED/src/quadruped_control/src/motor_config.cpp:57:34:\x1b[m\x1b[K \x1b[01;31m\x1b[Kerror: \x1b[m\x1b[Kinvalid conversion from \xe2\x80\x98\x1b[01m\x1b[KServo*\x1b[m\x1b[K\xe2\x80\x99 to \xe2\x80\x98\x1b[01m\x1b[Kuint8_t\x1b[m\x1b[K\xe2\x80\x99 {aka \xe2\x80\x98\x1b[01m\x1b[Kunsigned char\x1b[m\x1b[K\xe2\x80\x99} [\x1b[01;31m\x1b[K\x1b]8;;https://gcc.gnu.org/onlinedocs/gcc/Warning-Options.html#index-fpermissive\x07-fpermissive\x1b]8;;\x07\x1b[m\x1b[K]\n'}
[11.671623] (quadruped_control) StderrLine: {'line': b'   57 |         back_right_upper_servo = \x1b[01;31m\x1b[Knew Servo(back_right_upper)\x1b[m\x1b[K;\n'}
[11.671762] (quadruped_control) StderrLine: {'line': b'      |                                  \x1b[01;31m\x1b[K^~~~~~~~~~~~~~~~~~~~~~~~~~~\x1b[m\x1b[K\n'}
[11.671933] (quadruped_control) StderrLine: {'line': b'      |                                  \x1b[01;31m\x1b[K|\x1b[m\x1b[K\n'}
[11.672108] (quadruped_control) StderrLine: {'line': b'      |                                  \x1b[01;31m\x1b[KServo*\x1b[m\x1b[K\n'}
[11.672256] (quadruped_control) StderrLine: {'line': b'\x1b[01m\x1b[K/home/jonnydang2004/QUADRAPED/src/quadruped_control/src/motor_config.cpp:57:34:\x1b[m\x1b[K \x1b[01;31m\x1b[Kerror: \x1b[m\x1b[Kinvalid conversion from \xe2\x80\x98\x1b[01m\x1b[KServo*\x1b[m\x1b[K\xe2\x80\x99 to \xe2\x80\x98\x1b[01m\x1b[Kuint8_t\x1b[m\x1b[K\xe2\x80\x99 {aka \xe2\x80\x98\x1b[01m\x1b[Kunsigned char\x1b[m\x1b[K\xe2\x80\x99} [\x1b[01;31m\x1b[K\x1b]8;;https://gcc.gnu.org/onlinedocs/gcc/Warning-Options.html#index-fpermissive\x07-fpermissive\x1b]8;;\x07\x1b[m\x1b[K]\n'}
[11.672448] (quadruped_control) StderrLine: {'line': b'   57 |         back_right_upper_servo = \x1b[01;31m\x1b[Knew Servo(back_right_upper)\x1b[m\x1b[K;\n'}
[11.672598] (quadruped_control) StderrLine: {'line': b'      |                                  \x1b[01;31m\x1b[K^~~~~~~~~~~~~~~~~~~~~~~~~~~\x1b[m\x1b[K\n'}
[11.672740] (quadruped_control) StderrLine: {'line': b'      |                                  \x1b[01;31m\x1b[K|\x1b[m\x1b[K\n'}
[11.672877] (quadruped_control) StderrLine: {'line': b'      |                                  \x1b[01;31m\x1b[KServo*\x1b[m\x1b[K\n'}
[11.673089] (quadruped_control) StderrLine: {'line': b'In file included from \x1b[01m\x1b[K/home/jonnydang2004/QUADRAPED/src/quadruped_control/src/motor_config.cpp:7\x1b[m\x1b[K:\n'}
[11.673243] (quadruped_control) StderrLine: {'line': b'\x1b[01m\x1b[K/home/jonnydang2004/QUADRAPED/src/quadruped_control/src/Servo.h:8:19:\x1b[m\x1b[K \x1b[01;36m\x1b[Knote: \x1b[m\x1b[K  initializing argument 1 of \xe2\x80\x98\x1b[01m\x1b[KServo::Servo(uint8_t)\x1b[m\x1b[K\xe2\x80\x99\n'}
[11.673390] (quadruped_control) StderrLine: {'line': b'    8 |     Servo(\x1b[01;36m\x1b[Kuint8_t gp\x1b[m\x1b[K);\n'}
[11.673529] (quadruped_control) StderrLine: {'line': b'      |           \x1b[01;36m\x1b[K~~~~~~~~^~\x1b[m\x1b[K\n'}
[11.673670] (quadruped_control) StderrLine: {'line': b'\x1b[01m\x1b[K/home/jonnydang2004/QUADRAPED/src/quadruped_control/src/motor_config.cpp:58:60:\x1b[m\x1b[K \x1b[01;31m\x1b[Kerror: \x1b[m\x1b[Kambiguous overload for \xe2\x80\x98\x1b[01m\x1b[Koperator=\x1b[m\x1b[K\xe2\x80\x99 (operand types are \xe2\x80\x98\x1b[01m\x1b[KServo\x1b[m\x1b[K\xe2\x80\x99 and \xe2\x80\x98\x1b[01m\x1b[KServo*\x1b[m\x1b[K\xe2\x80\x99)\n'}
[11.673826] (quadruped_control) StderrLine: {'line': b'   58 |         back_right_lower_servo = new Servo(back_right_lower\x1b[01;31m\x1b[K)\x1b[m\x1b[K;\n'}
[11.674037] (quadruped_control) StderrLine: {'line': b'      |                                                            \x1b[01;31m\x1b[K^\x1b[m\x1b[K\n'}
[11.674188] (quadruped_control) StderrLine: {'line': b'In file included from \x1b[01m\x1b[K/home/jonnydang2004/QUADRAPED/src/quadruped_control/src/motor_config.cpp:7\x1b[m\x1b[K:\n'}
[11.674331] (quadruped_control) StderrLine: {'line': b'\x1b[01m\x1b[K/home/jonnydang2004/QUADRAPED/src/quadruped_control/src/Servo.h:5:7:\x1b[m\x1b[K \x1b[01;36m\x1b[Knote: \x1b[m\x1b[Kcandidate: \xe2\x80\x98\x1b[01m\x1b[Kconstexpr Servo& Servo::operator=(const Servo&)\x1b[m\x1b[K\xe2\x80\x99 (near match)\n'}
[11.674474] (quadruped_control) StderrLine: {'line': b'    5 | class \x1b[01;36m\x1b[KServo\x1b[m\x1b[K {\n'}
[11.674611] (quadruped_control) StderrLine: {'line': b'      |       \x1b[01;36m\x1b[K^~~~~\x1b[m\x1b[K\n'}
[11.674750] (quadruped_control) StderrLine: {'line': b'\x1b[01m\x1b[K/home/jonnydang2004/QUADRAPED/src/quadruped_control/src/Servo.h:5:7:\x1b[m\x1b[K \x1b[01;36m\x1b[Knote: \x1b[m\x1b[K  conversion of argument 1 would be ill-formed:\n'}
[11.674894] (quadruped_control) StderrLine: {'line': b'\x1b[01m\x1b[K/home/jonnydang2004/QUADRAPED/src/quadruped_control/src/motor_config.cpp:58:34:\x1b[m\x1b[K \x1b[01;31m\x1b[Kerror: \x1b[m\x1b[Kinvalid user-defined conversion from \xe2\x80\x98\x1b[01m\x1b[KServo*\x1b[m\x1b[K\xe2\x80\x99 to \xe2\x80\x98\x1b[01m\x1b[Kconst Servo&\x1b[m\x1b[K\xe2\x80\x99 [\x1b[01;31m\x1b[K\x1b]8;;https://gcc.gnu.org/onlinedocs/gcc/Warning-Options.html#index-fpermissive\x07-fpermissive\x1b]8;;\x07\x1b[m\x1b[K]\n'}
[11.675107] (quadruped_control) StderrLine: {'line': b'   58 |         back_right_lower_servo = \x1b[01;31m\x1b[Knew Servo(back_right_lower)\x1b[m\x1b[K;\n'}
[11.675250] (quadruped_control) StderrLine: {'line': b'      |                                  \x1b[01;31m\x1b[K^~~~~~~~~~~~~~~~~~~~~~~~~~~\x1b[m\x1b[K\n'}
[11.675392] (quadruped_control) StderrLine: {'line': b'In file included from \x1b[01m\x1b[K/home/jonnydang2004/QUADRAPED/src/quadruped_control/src/motor_config.cpp:7\x1b[m\x1b[K:\n'}
[11.675536] (quadruped_control) StderrLine: {'line': b'\x1b[01m\x1b[K/home/jonnydang2004/QUADRAPED/src/quadruped_control/src/Servo.h:8:5:\x1b[m\x1b[K \x1b[01;36m\x1b[Knote: \x1b[m\x1b[Kcandidate is: \xe2\x80\x98\x1b[01m\x1b[KServo::Servo(uint8_t)\x1b[m\x1b[K\xe2\x80\x99 (near match)\n'}
[11.675698] (quadruped_control) StderrLine: {'line': b'    8 |     \x1b[01;36m\x1b[KServo\x1b[m\x1b[K(uint8_t gp);\n'}
[11.675837] (quadruped_control) StderrLine: {'line': b'      |     \x1b[01;36m\x1b[K^~~~~\x1b[m\x1b[K\n'}
[11.676024] (quadruped_control) StderrLine: {'line': b'\x1b[01m\x1b[K/home/jonnydang2004/QUADRAPED/src/quadruped_control/src/Servo.h:8:5:\x1b[m\x1b[K \x1b[01;36m\x1b[Knote: \x1b[m\x1b[K  conversion of argument 1 would be ill-formed:\n'}
[11.676176] (quadruped_control) StderrLine: {'line': b'\x1b[01m\x1b[K/home/jonnydang2004/QUADRAPED/src/quadruped_control/src/motor_config.cpp:58:34:\x1b[m\x1b[K \x1b[01;31m\x1b[Kerror: \x1b[m\x1b[Kinvalid conversion from \xe2\x80\x98\x1b[01m\x1b[KServo*\x1b[m\x1b[K\xe2\x80\x99 to \xe2\x80\x98\x1b[01m\x1b[Kuint8_t\x1b[m\x1b[K\xe2\x80\x99 {aka \xe2\x80\x98\x1b[01m\x1b[Kunsigned char\x1b[m\x1b[K\xe2\x80\x99} [\x1b[01;31m\x1b[K\x1b]8;;https://gcc.gnu.org/onlinedocs/gcc/Warning-Options.html#index-fpermissive\x07-fpermissive\x1b]8;;\x07\x1b[m\x1b[K]\n'}
[11.676339] (quadruped_control) StderrLine: {'line': b'   58 |         back_right_lower_servo = \x1b[01;31m\x1b[Knew Servo(back_right_lower)\x1b[m\x1b[K;\n'}
[11.676512] (quadruped_control) StderrLine: {'line': b'      |                                  \x1b[01;31m\x1b[K^~~~~~~~~~~~~~~~~~~~~~~~~~~\x1b[m\x1b[K\n'}
[11.676659] (quadruped_control) StderrLine: {'line': b'      |                                  \x1b[01;31m\x1b[K|\x1b[m\x1b[K\n'}
[11.676797] (quadruped_control) StderrLine: {'line': b'      |                                  \x1b[01;31m\x1b[KServo*\x1b[m\x1b[K\n'}
[11.676970] (quadruped_control) StderrLine: {'line': b'\x1b[01m\x1b[K/home/jonnydang2004/QUADRAPED/src/quadruped_control/src/motor_config.cpp:58:34:\x1b[m\x1b[K \x1b[01;31m\x1b[Kerror: \x1b[m\x1b[Kinvalid conversion from \xe2\x80\x98\x1b[01m\x1b[KServo*\x1b[m\x1b[K\xe2\x80\x99 to \xe2\x80\x98\x1b[01m\x1b[Kuint8_t\x1b[m\x1b[K\xe2\x80\x99 {aka \xe2\x80\x98\x1b[01m\x1b[Kunsigned char\x1b[m\x1b[K\xe2\x80\x99} [\x1b[01;31m\x1b[K\x1b]8;;https://gcc.gnu.org/onlinedocs/gcc/Warning-Options.html#index-fpermissive\x07-fpermissive\x1b]8;;\x07\x1b[m\x1b[K]\n'}
[11.677225] (quadruped_control) StderrLine: {'line': b'   58 |         back_right_lower_servo = \x1b[01;31m\x1b[Knew Servo(back_right_lower)\x1b[m\x1b[K;\n'}
[11.677434] (quadruped_control) StderrLine: {'line': b'      |                                  \x1b[01;31m\x1b[K^~~~~~~~~~~~~~~~~~~~~~~~~~~\x1b[m\x1b[K\n'}
[11.677618] (quadruped_control) StderrLine: {'line': b'      |                                  \x1b[01;31m\x1b[K|\x1b[m\x1b[K\n'}
[11.677783] (quadruped_control) StderrLine: {'line': b'      |                                  \x1b[01;31m\x1b[KServo*\x1b[m\x1b[K\n'}
[11.678009] (quadruped_control) StderrLine: {'line': b'In file included from \x1b[01m\x1b[K/home/jonnydang2004/QUADRAPED/src/quadruped_control/src/motor_config.cpp:7\x1b[m\x1b[K:\n'}
[11.678197] (quadruped_control) StderrLine: {'line': b'\x1b[01m\x1b[K/home/jonnydang2004/QUADRAPED/src/quadruped_control/src/Servo.h:8:19:\x1b[m\x1b[K \x1b[01;36m\x1b[Knote: \x1b[m\x1b[K  initializing argument 1 of \xe2\x80\x98\x1b[01m\x1b[KServo::Servo(uint8_t)\x1b[m\x1b[K\xe2\x80\x99\n'}
[11.678390] (quadruped_control) StderrLine: {'line': b'    8 |     Servo(\x1b[01;36m\x1b[Kuint8_t gp\x1b[m\x1b[K);\n'}
[11.678574] (quadruped_control) StderrLine: {'line': b'      |           \x1b[01;36m\x1b[K~~~~~~~~^~\x1b[m\x1b[K\n'}
[11.678834] (quadruped_control) StderrLine: {'line': b'\x1b[01m\x1b[K/home/jonnydang2004/QUADRAPED/src/quadruped_control/src/Servo.h:5:7:\x1b[m\x1b[K \x1b[01;36m\x1b[Knote: \x1b[m\x1b[Kcandidate: \xe2\x80\x98\x1b[01m\x1b[Kconstexpr Servo& Servo::operator=(Servo&&)\x1b[m\x1b[K\xe2\x80\x99 (near match)\n'}
[11.679083] (quadruped_control) StderrLine: {'line': b'    5 | class \x1b[01;36m\x1b[KServo\x1b[m\x1b[K {\n'}
[11.679323] (quadruped_control) StderrLine: {'line': b'      |       \x1b[01;36m\x1b[K^~~~~\x1b[m\x1b[K\n'}
[11.679609] (quadruped_control) StderrLine: {'line': b'\x1b[01m\x1b[K/home/jonnydang2004/QUADRAPED/src/quadruped_control/src/Servo.h:5:7:\x1b[m\x1b[K \x1b[01;36m\x1b[Knote: \x1b[m\x1b[K  conversion of argument 1 would be ill-formed:\n'}
[11.679873] (quadruped_control) StderrLine: {'line': b'\x1b[01m\x1b[K/home/jonnydang2004/QUADRAPED/src/quadruped_control/src/motor_config.cpp:58:34:\x1b[m\x1b[K \x1b[01;31m\x1b[Kerror: \x1b[m\x1b[Kinvalid user-defined conversion from \xe2\x80\x98\x1b[01m\x1b[KServo*\x1b[m\x1b[K\xe2\x80\x99 to \xe2\x80\x98\x1b[01m\x1b[KServo&&\x1b[m\x1b[K\xe2\x80\x99 [\x1b[01;31m\x1b[K\x1b]8;;https://gcc.gnu.org/onlinedocs/gcc/Warning-Options.html#index-fpermissive\x07-fpermissive\x1b]8;;\x07\x1b[m\x1b[K]\n'}
[11.680170] (-) TimerEvent: {}
[11.680535] (quadruped_control) StderrLine: {'line': b'   58 |         back_right_lower_servo = \x1b[01;31m\x1b[Knew Servo(back_right_lower)\x1b[m\x1b[K;\n'}
[11.680828] (quadruped_control) StderrLine: {'line': b'      |                                  \x1b[01;31m\x1b[K^~~~~~~~~~~~~~~~~~~~~~~~~~~\x1b[m\x1b[K\n'}
[11.681061] (quadruped_control) StderrLine: {'line': b'In file included from \x1b[01m\x1b[K/home/jonnydang2004/QUADRAPED/src/quadruped_control/src/motor_config.cpp:7\x1b[m\x1b[K:\n'}
[11.681300] (quadruped_control) StderrLine: {'line': b'\x1b[01m\x1b[K/home/jonnydang2004/QUADRAPED/src/quadruped_control/src/Servo.h:8:5:\x1b[m\x1b[K \x1b[01;36m\x1b[Knote: \x1b[m\x1b[Kcandidate is: \xe2\x80\x98\x1b[01m\x1b[KServo::Servo(uint8_t)\x1b[m\x1b[K\xe2\x80\x99 (near match)\n'}
[11.681532] (quadruped_control) StderrLine: {'line': b'    8 |     \x1b[01;36m\x1b[KServo\x1b[m\x1b[K(uint8_t gp);\n'}
[11.681746] (quadruped_control) StderrLine: {'line': b'      |     \x1b[01;36m\x1b[K^~~~~\x1b[m\x1b[K\n'}
[11.681890] (quadruped_control) StderrLine: {'line': b'\x1b[01m\x1b[K/home/jonnydang2004/QUADRAPED/src/quadruped_control/src/Servo.h:8:5:\x1b[m\x1b[K \x1b[01;36m\x1b[Knote: \x1b[m\x1b[K  conversion of argument 1 would be ill-formed:\n'}
[11.682144] (quadruped_control) StderrLine: {'line': b'\x1b[01m\x1b[K/home/jonnydang2004/QUADRAPED/src/quadruped_control/src/motor_config.cpp:58:34:\x1b[m\x1b[K \x1b[01;31m\x1b[Kerror: \x1b[m\x1b[Kinvalid conversion from \xe2\x80\x98\x1b[01m\x1b[KServo*\x1b[m\x1b[K\xe2\x80\x99 to \xe2\x80\x98\x1b[01m\x1b[Kuint8_t\x1b[m\x1b[K\xe2\x80\x99 {aka \xe2\x80\x98\x1b[01m\x1b[Kunsigned char\x1b[m\x1b[K\xe2\x80\x99} [\x1b[01;31m\x1b[K\x1b]8;;https://gcc.gnu.org/onlinedocs/gcc/Warning-Options.html#index-fpermissive\x07-fpermissive\x1b]8;;\x07\x1b[m\x1b[K]\n'}
[11.682769] (quadruped_control) StderrLine: {'line': b'   58 |         back_right_lower_servo = \x1b[01;31m\x1b[Knew Servo(back_right_lower)\x1b[m\x1b[K;\n'}
[11.683111] (quadruped_control) StderrLine: {'line': b'      |                                  \x1b[01;31m\x1b[K^~~~~~~~~~~~~~~~~~~~~~~~~~~\x1b[m\x1b[K\n'}
[11.683289] (quadruped_control) StderrLine: {'line': b'      |                                  \x1b[01;31m\x1b[K|\x1b[m\x1b[K\n'}
[11.683483] (quadruped_control) StderrLine: {'line': b'      |                                  \x1b[01;31m\x1b[KServo*\x1b[m\x1b[K\n'}
[11.683650] (quadruped_control) StderrLine: {'line': b'\x1b[01m\x1b[K/home/jonnydang2004/QUADRAPED/src/quadruped_control/src/motor_config.cpp:58:34:\x1b[m\x1b[K \x1b[01;31m\x1b[Kerror: \x1b[m\x1b[Kinvalid conversion from \xe2\x80\x98\x1b[01m\x1b[KServo*\x1b[m\x1b[K\xe2\x80\x99 to \xe2\x80\x98\x1b[01m\x1b[Kuint8_t\x1b[m\x1b[K\xe2\x80\x99 {aka \xe2\x80\x98\x1b[01m\x1b[Kunsigned char\x1b[m\x1b[K\xe2\x80\x99} [\x1b[01;31m\x1b[K\x1b]8;;https://gcc.gnu.org/onlinedocs/gcc/Warning-Options.html#index-fpermissive\x07-fpermissive\x1b]8;;\x07\x1b[m\x1b[K]\n'}
[11.683832] (quadruped_control) StderrLine: {'line': b'   58 |         back_right_lower_servo = \x1b[01;31m\x1b[Knew Servo(back_right_lower)\x1b[m\x1b[K;\n'}
[11.684033] (quadruped_control) StderrLine: {'line': b'      |                                  \x1b[01;31m\x1b[K^~~~~~~~~~~~~~~~~~~~~~~~~~~\x1b[m\x1b[K\n'}
[11.684216] (quadruped_control) StderrLine: {'line': b'      |                                  \x1b[01;31m\x1b[K|\x1b[m\x1b[K\n'}
[11.684380] (quadruped_control) StderrLine: {'line': b'      |                                  \x1b[01;31m\x1b[KServo*\x1b[m\x1b[K\n'}
[11.684531] (quadruped_control) StderrLine: {'line': b'In file included from \x1b[01m\x1b[K/home/jonnydang2004/QUADRAPED/src/quadruped_control/src/motor_config.cpp:7\x1b[m\x1b[K:\n'}
[11.684692] (quadruped_control) StderrLine: {'line': b'\x1b[01m\x1b[K/home/jonnydang2004/QUADRAPED/src/quadruped_control/src/Servo.h:8:19:\x1b[m\x1b[K \x1b[01;36m\x1b[Knote: \x1b[m\x1b[K  initializing argument 1 of \xe2\x80\x98\x1b[01m\x1b[KServo::Servo(uint8_t)\x1b[m\x1b[K\xe2\x80\x99\n'}
[11.684873] (quadruped_control) StderrLine: {'line': b'    8 |     Servo(\x1b[01;36m\x1b[Kuint8_t gp\x1b[m\x1b[K);\n'}
[11.685093] (quadruped_control) StderrLine: {'line': b'      |           \x1b[01;36m\x1b[K~~~~~~~~^~\x1b[m\x1b[K\n'}
[11.685264] (quadruped_control) StderrLine: {'line': b'\x1b[01m\x1b[K/home/jonnydang2004/QUADRAPED/src/quadruped_control/src/motor_config.cpp:68:9:\x1b[m\x1b[K \x1b[01;31m\x1b[Kerror: \x1b[m\x1b[K\xe2\x80\x98\x1b[01m\x1b[Ksubscription_angles_\x1b[m\x1b[K\xe2\x80\x99 was not declared in this scope; did you mean \xe2\x80\x98\x1b[01m\x1b[Ksubscription_\x1b[m\x1b[K\xe2\x80\x99?\n'}
[11.685443] (quadruped_control) StderrLine: {'line': b'   68 |         \x1b[01;31m\x1b[Ksubscription_angles_\x1b[m\x1b[K = this->create_subscription<quadruped_interfaces::msg::Pos>(\n'}
[11.685623] (quadruped_control) StderrLine: {'line': b'      |         \x1b[01;31m\x1b[K^~~~~~~~~~~~~~~~~~~~\x1b[m\x1b[K\n'}
[11.685797] (quadruped_control) StderrLine: {'line': b'      |         \x1b[32m\x1b[Ksubscription_\x1b[m\x1b[K\n'}
[11.686059] (quadruped_control) StderrLine: {'line': b'\x1b[01m\x1b[K/home/jonnydang2004/QUADRAPED/src/quadruped_control/src/motor_config.cpp:69:57:\x1b[m\x1b[K \x1b[01;31m\x1b[Kerror: \x1b[m\x1b[K\xe2\x80\x98\x1b[01m\x1b[Kangles_callback\x1b[m\x1b[K\xe2\x80\x99 is not a member of \xe2\x80\x98\x1b[01m\x1b[KMotorConfig\x1b[m\x1b[K\xe2\x80\x99\n'}
[11.686260] (quadruped_control) StderrLine: {'line': b'   69 |             "joint_angles", 10, std::bind(&MotorConfig::\x1b[01;31m\x1b[Kangles_callback\x1b[m\x1b[K, this, std::placeholders::_1)\n'}
[11.686464] (quadruped_control) StderrLine: {'line': b'      |                                                         \x1b[01;31m\x1b[K^~~~~~~~~~~~~~~\x1b[m\x1b[K\n'}
[11.780346] (-) TimerEvent: {}
[11.880820] (-) TimerEvent: {}
[11.981351] (-) TimerEvent: {}
[12.081856] (-) TimerEvent: {}
[12.182463] (-) TimerEvent: {}
[12.283024] (-) TimerEvent: {}
[12.383632] (-) TimerEvent: {}
[12.484248] (-) TimerEvent: {}
[12.584769] (-) TimerEvent: {}
[12.685344] (-) TimerEvent: {}
[12.785809] (-) TimerEvent: {}
[12.886351] (-) TimerEvent: {}
[12.987039] (-) TimerEvent: {}
[13.087593] (-) TimerEvent: {}
[13.188224] (-) TimerEvent: {}
[13.288732] (-) TimerEvent: {}
[13.289407] (quadruped_control) StderrLine: {'line': b'In file included from \x1b[01m\x1b[K/usr/include/c++/11/bits/stl_algobase.h:71\x1b[m\x1b[K,\n'}
[13.290184] (quadruped_control) StderrLine: {'line': b'                 from \x1b[01m\x1b[K/usr/include/c++/11/memory:63\x1b[m\x1b[K,\n'}
[13.290334] (quadruped_control) StderrLine: {'line': b'                 from \x1b[01m\x1b[K/opt/ros/iron/include/rclcpp/rclcpp/rclcpp.hpp:165\x1b[m\x1b[K,\n'}
[13.290447] (quadruped_control) StderrLine: {'line': b'                 from \x1b[01m\x1b[K/home/jonnydang2004/QUADRAPED/src/quadruped_control/src/motor_config.cpp:1\x1b[m\x1b[K:\n'}
[13.290600] (quadruped_control) StderrLine: {'line': b'/usr/include/c++/11/bits/predefined_ops.h: In instantiation of \xe2\x80\x98\x1b[01m\x1b[Kbool __gnu_cxx::__ops::_Iter_equals_val<_Value>::operator()(_Iterator) [with _Iterator = __gnu_cxx::__normal_iterator<Servo*, std::vector<Servo> >; _Value = const Servo]\x1b[m\x1b[K\xe2\x80\x99:\n'}
[13.290838] (quadruped_control) StderrLine: {'line': b'\x1b[01m\x1b[K/usr/include/c++/11/bits/stl_algobase.h:2069:14:\x1b[m\x1b[K   required from \xe2\x80\x98\x1b[01m\x1b[K_RandomAccessIterator std::__find_if(_RandomAccessIterator, _RandomAccessIterator, _Predicate, std::random_access_iterator_tag) [with _RandomAccessIterator = __gnu_cxx::__normal_iterator<Servo*, std::vector<Servo> >; _Predicate = __gnu_cxx::__ops::_Iter_equals_val<const Servo>]\x1b[m\x1b[K\xe2\x80\x99\n'}
[13.290992] (quadruped_control) StderrLine: {'line': b'\x1b[01m\x1b[K/usr/include/c++/11/bits/stl_algobase.h:2114:23:\x1b[m\x1b[K   required from \xe2\x80\x98\x1b[01m\x1b[K_Iterator std::__find_if(_Iterator, _Iterator, _Predicate) [with _Iterator = __gnu_cxx::__normal_iterator<Servo*, std::vector<Servo> >; _Predicate = __gnu_cxx::__ops::_Iter_equals_val<const Servo>]\x1b[m\x1b[K\xe2\x80\x99\n'}
[13.291095] (quadruped_control) StderrLine: {'line': b'\x1b[01m\x1b[K/usr/include/c++/11/bits/stl_algo.h:3884:28:\x1b[m\x1b[K   required from \xe2\x80\x98\x1b[01m\x1b[K_IIter std::find(_IIter, _IIter, const _Tp&) [with _IIter = __gnu_cxx::__normal_iterator<Servo*, std::vector<Servo> >; _Tp = Servo]\x1b[m\x1b[K\xe2\x80\x99\n'}
[13.291192] (quadruped_control) StderrLine: {'line': b'\x1b[01m\x1b[K/home/jonnydang2004/QUADRAPED/src/quadruped_control/src/motor_config.cpp:110:22:\x1b[m\x1b[K   required from here\n'}
[13.291286] (quadruped_control) StderrLine: {'line': b'\x1b[01m\x1b[K/usr/include/c++/11/bits/predefined_ops.h:270:24:\x1b[m\x1b[K \x1b[01;31m\x1b[Kerror: \x1b[m\x1b[Kno match for \xe2\x80\x98\x1b[01m\x1b[Koperator==\x1b[m\x1b[K\xe2\x80\x99 (operand types are \xe2\x80\x98\x1b[01m\x1b[KServo\x1b[m\x1b[K\xe2\x80\x99 and \xe2\x80\x98\x1b[01m\x1b[Kconst Servo\x1b[m\x1b[K\xe2\x80\x99)\n'}
[13.291381] (quadruped_control) StderrLine: {'line': b'  270 |         { return \x1b[01;31m\x1b[K*__it == _M_value\x1b[m\x1b[K; }\n'}
[13.291482] (quadruped_control) StderrLine: {'line': b'      |                  \x1b[01;31m\x1b[K~~~~~~^~~~~~~~~~~\x1b[m\x1b[K\n'}
[13.291670] (quadruped_control) StderrLine: {'line': b'In file included from \x1b[01m\x1b[K/usr/include/c++/11/bits/stl_algobase.h:67\x1b[m\x1b[K,\n'}
[13.291883] (quadruped_control) StderrLine: {'line': b'                 from \x1b[01m\x1b[K/usr/include/c++/11/memory:63\x1b[m\x1b[K,\n'}
[13.292062] (quadruped_control) StderrLine: {'line': b'                 from \x1b[01m\x1b[K/opt/ros/iron/include/rclcpp/rclcpp/rclcpp.hpp:165\x1b[m\x1b[K,\n'}
[13.292237] (quadruped_control) StderrLine: {'line': b'                 from \x1b[01m\x1b[K/home/jonnydang2004/QUADRAPED/src/quadruped_control/src/motor_config.cpp:1\x1b[m\x1b[K:\n'}
[13.292406] (quadruped_control) StderrLine: {'line': b'\x1b[01m\x1b[K/usr/include/c++/11/bits/stl_iterator.h:1155:5:\x1b[m\x1b[K \x1b[01;36m\x1b[Knote: \x1b[m\x1b[Kcandidate: \xe2\x80\x98\x1b[01m\x1b[Ktemplate<class _IteratorL, class _IteratorR, class _Container> bool __gnu_cxx::operator==(const __gnu_cxx::__normal_iterator<_IteratorL, _Container>&, const __gnu_cxx::__normal_iterator<_IteratorR, _Container>&)\x1b[m\x1b[K\xe2\x80\x99\n'}
[13.292678] (quadruped_control) StderrLine: {'line': b' 1155 |     \x1b[01;36m\x1b[Koperator\x1b[m\x1b[K==(const __normal_iterator<_IteratorL, _Container>& __lhs,\n'}
[13.292884] (quadruped_control) StderrLine: {'line': b'      |     \x1b[01;36m\x1b[K^~~~~~~~\x1b[m\x1b[K\n'}
[13.293132] (quadruped_control) StderrLine: {'line': b'\x1b[01m\x1b[K/usr/include/c++/11/bits/stl_iterator.h:1155:5:\x1b[m\x1b[K \x1b[01;36m\x1b[Knote: \x1b[m\x1b[K  template argument deduction/substitution failed:\n'}
[13.293381] (quadruped_control) StderrLine: {'line': b'In file included from \x1b[01m\x1b[K/usr/include/c++/11/bits/stl_algobase.h:71\x1b[m\x1b[K,\n'}
[13.293654] (quadruped_control) StderrLine: {'line': b'                 from \x1b[01m\x1b[K/usr/include/c++/11/memory:63\x1b[m\x1b[K,\n'}
[13.293877] (quadruped_control) StderrLine: {'line': b'                 from \x1b[01m\x1b[K/opt/ros/iron/include/rclcpp/rclcpp/rclcpp.hpp:165\x1b[m\x1b[K,\n'}
[13.294068] (quadruped_control) StderrLine: {'line': b'                 from \x1b[01m\x1b[K/home/jonnydang2004/QUADRAPED/src/quadruped_control/src/motor_config.cpp:1\x1b[m\x1b[K:\n'}
[13.294272] (quadruped_control) StderrLine: {'line': b'\x1b[01m\x1b[K/usr/include/c++/11/bits/predefined_ops.h:270:24:\x1b[m\x1b[K \x1b[01;36m\x1b[Knote: \x1b[m\x1b[K  \xe2\x80\x98\x1b[01m\x1b[KServo\x1b[m\x1b[K\xe2\x80\x99 is not derived from \xe2\x80\x98\x1b[01m\x1b[Kconst __gnu_cxx::__normal_iterator<_IteratorL, _Container>\x1b[m\x1b[K\xe2\x80\x99\n'}
[13.294506] (quadruped_control) StderrLine: {'line': b'  270 |         { return \x1b[01;36m\x1b[K*__it == _M_value\x1b[m\x1b[K; }\n'}
[13.294761] (quadruped_control) StderrLine: {'line': b'      |                  \x1b[01;36m\x1b[K~~~~~~^~~~~~~~~~~\x1b[m\x1b[K\n'}
[13.294966] (quadruped_control) StderrLine: {'line': b'In file included from \x1b[01m\x1b[K/usr/include/c++/11/bits/stl_algobase.h:67\x1b[m\x1b[K,\n'}
[13.295195] (quadruped_control) StderrLine: {'line': b'                 from \x1b[01m\x1b[K/usr/include/c++/11/memory:63\x1b[m\x1b[K,\n'}
[13.295463] (quadruped_control) StderrLine: {'line': b'                 from \x1b[01m\x1b[K/opt/ros/iron/include/rclcpp/rclcpp/rclcpp.hpp:165\x1b[m\x1b[K,\n'}
[13.295785] (quadruped_control) StderrLine: {'line': b'                 from \x1b[01m\x1b[K/home/jonnydang2004/QUADRAPED/src/quadruped_control/src/motor_config.cpp:1\x1b[m\x1b[K:\n'}
[13.297283] (quadruped_control) StderrLine: {'line': b'\x1b[01m\x1b[K/usr/include/c++/11/bits/stl_iterator.h:1163:5:\x1b[m\x1b[K \x1b[01;36m\x1b[Knote: \x1b[m\x1b[Kcandidate: \xe2\x80\x98\x1b[01m\x1b[Ktemplate<class _Iterator, class _Container> bool __gnu_cxx::operator==(const __gnu_cxx::__normal_iterator<_Iterator, _Container>&, const __gnu_cxx::__normal_iterator<_Iterator, _Container>&)\x1b[m\x1b[K\xe2\x80\x99\n'}
[13.297687] (quadruped_control) StderrLine: {'line': b' 1163 |     \x1b[01;36m\x1b[Koperator\x1b[m\x1b[K==(const __normal_iterator<_Iterator, _Container>& __lhs,\n'}
[13.297973] (quadruped_control) StderrLine: {'line': b'      |     \x1b[01;36m\x1b[K^~~~~~~~\x1b[m\x1b[K\n'}
[13.298233] (quadruped_control) StderrLine: {'line': b'\x1b[01m\x1b[K/usr/include/c++/11/bits/stl_iterator.h:1163:5:\x1b[m\x1b[K \x1b[01;36m\x1b[Knote: \x1b[m\x1b[K  template argument deduction/substitution failed:\n'}
[13.298550] (quadruped_control) StderrLine: {'line': b'In file included from \x1b[01m\x1b[K/usr/include/c++/11/bits/stl_algobase.h:71\x1b[m\x1b[K,\n'}
[13.298826] (quadruped_control) StderrLine: {'line': b'                 from \x1b[01m\x1b[K/usr/include/c++/11/memory:63\x1b[m\x1b[K,\n'}
[13.299011] (quadruped_control) StderrLine: {'line': b'                 from \x1b[01m\x1b[K/opt/ros/iron/include/rclcpp/rclcpp/rclcpp.hpp:165\x1b[m\x1b[K,\n'}
[13.299176] (quadruped_control) StderrLine: {'line': b'                 from \x1b[01m\x1b[K/home/jonnydang2004/QUADRAPED/src/quadruped_control/src/motor_config.cpp:1\x1b[m\x1b[K:\n'}
[13.299413] (quadruped_control) StderrLine: {'line': b'\x1b[01m\x1b[K/usr/include/c++/11/bits/predefined_ops.h:270:24:\x1b[m\x1b[K \x1b[01;36m\x1b[Knote: \x1b[m\x1b[K  \xe2\x80\x98\x1b[01m\x1b[KServo\x1b[m\x1b[K\xe2\x80\x99 is not derived from \xe2\x80\x98\x1b[01m\x1b[Kconst __gnu_cxx::__normal_iterator<_Iterator, _Container>\x1b[m\x1b[K\xe2\x80\x99\n'}
[13.299646] (quadruped_control) StderrLine: {'line': b'  270 |         { return \x1b[01;36m\x1b[K*__it == _M_value\x1b[m\x1b[K; }\n'}
[13.299901] (quadruped_control) StderrLine: {'line': b'      |                  \x1b[01;36m\x1b[K~~~~~~^~~~~~~~~~~\x1b[m\x1b[K\n'}
[13.388918] (-) TimerEvent: {}
[13.489594] (-) TimerEvent: {}
[13.590328] (-) TimerEvent: {}
[13.691092] (-) TimerEvent: {}
[13.791826] (-) TimerEvent: {}
[13.892459] (-) TimerEvent: {}
[13.993108] (-) TimerEvent: {}
[14.093738] (-) TimerEvent: {}
[14.194287] (-) TimerEvent: {}
[14.238162] (quadruped_control) StderrLine: {'line': b'gmake[2]: *** [CMakeFiles/motor_config.dir/build.make:76: CMakeFiles/motor_config.dir/src/motor_config.cpp.o] Error 1\n'}
[14.238728] (quadruped_control) StderrLine: {'line': b'gmake[1]: *** [CMakeFiles/Makefile2:165: CMakeFiles/motor_config.dir/all] Error 2\n'}
[14.239094] (quadruped_control) StderrLine: {'line': b'gmake: *** [Makefile:146: all] Error 2\n'}
[14.243146] (quadruped_control) CommandEnded: {'returncode': 2}
[14.295239] (-) TimerEvent: {}
[14.306432] (quadruped_control) JobEnded: {'identifier': 'quadruped_control', 'rc': 2}
[14.321067] (-) EventReactorShutdown: {}
