[0.000000] (-) TimerEvent: {}
[0.001286] (pigpio) JobQueued: {'identifier': 'pigpio', 'dependencies': OrderedDict()}
[0.001641] (quadruped_interfaces) JobQueued: {'identifier': 'quadruped_interfaces', 'dependencies': OrderedDict()}
[0.001764] (quadruped_control) JobQueued: {'identifier': 'quadruped_control', 'dependencies': OrderedDict([('quadruped_interfaces', '/home/jonnydang2004/QUADRAPED/install/quadruped_interfaces')])}
[0.001860] (quadruped_interfaces) JobStarted: {'identifier': 'quadruped_interfaces'}
[0.012268] (pigpio) JobStarted: {'identifier': 'pigpio'}
[0.028295] (quadruped_interfaces) JobProgress: {'identifier': 'quadruped_interfaces', 'progress': 'cmake'}
[0.030550] (quadruped_interfaces) JobProgress: {'identifier': 'quadruped_interfaces', 'progress': 'build'}
[0.032945] (quadruped_interfaces) Command: {'cmd': ['/usr/bin/cmake', '--build', '/home/jonnydang2004/QUADRAPED/build/quadruped_interfaces', '--', '-j4', '-l4'], 'cwd': '/home/jonnydang2004/QUADRAPED/build/quadruped_interfaces', 'env': OrderedDict([('LESSOPEN', '| /usr/bin/lesspipe %s'), ('USER', 'jonnydang2004'), ('GIT_ASKPASS', '/home/jonnydang2004/.vscode-server/bin/38c31bc77e0dd6ae88a4e9cc93428cc27a56ba40/extensions/git/dist/askpass.sh'), ('SHLVL', '1'), ('LD_LIBRARY_PATH', '/opt/ros/iron/opt/rviz_ogre_vendor/lib:/opt/ros/iron/lib/x86_64-linux-gnu:/opt/ros/iron/lib'), ('HOME', '/home/jonnydang2004'), ('OLDPWD', '/home/jonnydang2004/QUADRAPED/pigpio-74'), ('TERM_PROGRAM_VERSION', '1.93.1'), ('NVM_BIN', '/home/jonnydang2004/.nvm/versions/node/v18.19.0/bin'), ('VSCODE_IPC_HOOK_CLI', '/run/user/1000/vscode-ipc-aeaa321f-954c-44ec-865c-68b87d92bff0.sock'), ('NVM_INC', '/home/jonnydang2004/.nvm/versions/node/v18.19.0/include/node'), ('ROS_PYTHON_VERSION', '3'), ('VSCODE_GIT_ASKPASS_MAIN', '/home/jonnydang2004/.vscode-server/bin/38c31bc77e0dd6ae88a4e9cc93428cc27a56ba40/extensions/git/dist/askpass-main.js'), ('VSCODE_GIT_ASKPASS_NODE', '/home/jonnydang2004/.vscode-server/bin/38c31bc77e0dd6ae88a4e9cc93428cc27a56ba40/node'), ('DBUS_SESSION_BUS_ADDRESS', 'unix:path=/run/user/1000/bus'), ('COLORTERM', 'truecolor'), ('WSL_DISTRO_NAME', 'Ubuntu'), ('NVM_DIR', '/home/jonnydang2004/.nvm'), ('WAYLAND_DISPLAY', 'wayland-0'), ('ROS_DISTRO', 'iron'), ('LOGNAME', 'jonnydang2004'), ('NAME', 'DESKTOP-JO2E52O'), ('WSL_INTEROP', '/run/WSL/33065_interop'), ('PULSE_SERVER', 'unix:/mnt/wslg/PulseServer'), ('_', '/usr/bin/colcon'), ('ROS_VERSION', '2'), ('TERM', 'xterm-256color'), ('_colcon_cd_rott', '/opt/ros/iron/'), ('PATH', '/home/jonnydang2004/.vscode-server/bin/38c31bc77e0dd6ae88a4e9cc93428cc27a56ba40/bin/remote-cli:/home/jonnydang2004/.local/bin:/opt/ros/iron/bin:/home/jonnydang2004/.nvm/versions/node/v18.19.0/bin:/usr/local/sbin:/usr/local/bin:/usr/sbin:/usr/bin:/sbin:/bin:/usr/games:/usr/local/games:/usr/lib/wsl/lib:/mnt/c/Windows/system32:/mnt/c/Windows:/mnt/c/Windows/System32/Wbem:/mnt/c/Windows/System32/WindowsPowerShell/v1.0/:/mnt/c/Windows/System32/OpenSSH/:/mnt/c/Program Files (x86)/Intel/Intel(R) Management Engine Components/DAL:/mnt/c/Program Files/Intel/Intel(R) Management Engine Components/DAL:/mnt/c/Program Files/MATLAB/R2023b/bin:/mnt/c/Program Files/MATLAB/R2022a/bin:/mnt/c/Program Files/Docker/Docker/resources/bin:/mnt/c/Program Files/dotnet/:/mnt/c/Program Files/:/mnt/c/Program Files/Git/cmd:/mnt/c/Program Files (x86)/IVI Foundation/VISA/WinNT/Bin/:/mnt/c/Program Files/IVI Foundation/VISA/Win64/Bin/:/mnt/c/Program Files (x86)/National Instruments/Shared/LabVIEW CLI:/mnt/c/Program Files (x86)/IVI Foundation/IVI/Bin/:/mnt/c/Program Files/IVI Foundation/IVI/Bin/:/mnt/c/Program Files (x86)/IVI Foundation/VISA/WinNT/Bin:/mnt/c/Users/User/AppData/Local/Programs/Python/Python310/Scripts/:/mnt/c/Users/User/AppData/Local/Programs/Python/Python310/:/mnt/c/Users/User/AppData/Local/Microsoft/WindowsApps:/mnt/c/Users/User/AppData/Local/Programs/Microsoft VS Code/bin:/mnt/c/Users/User/AppData/Roaming/npm:/snap/bin:/opt/gradle/gradle-8.5/bin:/opt/gradle/gradle-8.5/bin'), ('XDG_RUNTIME_DIR', '/run/user/1000/'), ('DISPLAY', ':0'), ('LANG', 'en_US.UTF-8'), ('LS_COLORS', 'rs=0:di=01;34:ln=01;36:mh=00:pi=40;33:so=01;35:do=01;35:bd=40;33;01:cd=40;33;01:or=40;31;01:mi=00:su=37;41:sg=30;43:ca=30;41:tw=30;42:ow=34;42:st=37;44:ex=01;32:*.tar=01;31:*.tgz=01;31:*.arc=01;31:*.arj=01;31:*.taz=01;31:*.lha=01;31:*.lz4=01;31:*.lzh=01;31:*.lzma=01;31:*.tlz=01;31:*.txz=01;31:*.tzo=01;31:*.t7z=01;31:*.zip=01;31:*.z=01;31:*.dz=01;31:*.gz=01;31:*.lrz=01;31:*.lz=01;31:*.lzo=01;31:*.xz=01;31:*.zst=01;31:*.tzst=01;31:*.bz2=01;31:*.bz=01;31:*.tbz=01;31:*.tbz2=01;31:*.tz=01;31:*.deb=01;31:*.rpm=01;31:*.jar=01;31:*.war=01;31:*.ear=01;31:*.sar=01;31:*.rar=01;31:*.alz=01;31:*.ace=01;31:*.zoo=01;31:*.cpio=01;31:*.7z=01;31:*.rz=01;31:*.cab=01;31:*.wim=01;31:*.swm=01;31:*.dwm=01;31:*.esd=01;31:*.jpg=01;35:*.jpeg=01;35:*.mjpg=01;35:*.mjpeg=01;35:*.gif=01;35:*.bmp=01;35:*.pbm=01;35:*.pgm=01;35:*.ppm=01;35:*.tga=01;35:*.xbm=01;35:*.xpm=01;35:*.tif=01;35:*.tiff=01;35:*.png=01;35:*.svg=01;35:*.svgz=01;35:*.mng=01;35:*.pcx=01;35:*.mov=01;35:*.mpg=01;35:*.mpeg=01;35:*.m2v=01;35:*.mkv=01;35:*.webm=01;35:*.webp=01;35:*.ogm=01;35:*.mp4=01;35:*.m4v=01;35:*.mp4v=01;35:*.vob=01;35:*.qt=01;35:*.nuv=01;35:*.wmv=01;35:*.asf=01;35:*.rm=01;35:*.rmvb=01;35:*.flc=01;35:*.avi=01;35:*.fli=01;35:*.flv=01;35:*.gl=01;35:*.dl=01;35:*.xcf=01;35:*.xwd=01;35:*.yuv=01;35:*.cgm=01;35:*.emf=01;35:*.ogv=01;35:*.ogx=01;35:*.aac=00;36:*.au=00;36:*.flac=00;36:*.m4a=00;36:*.mid=00;36:*.midi=00;36:*.mka=00;36:*.mp3=00;36:*.mpc=00;36:*.ogg=00;36:*.ra=00;36:*.wav=00;36:*.oga=00;36:*.opus=00;36:*.spx=00;36:*.xspf=00;36:'), ('VSCODE_GIT_IPC_HANDLE', '/run/user/1000/vscode-git-f95bf93406.sock'), ('TERM_PROGRAM', 'vscode'), ('AMENT_PREFIX_PATH', '/opt/ros/iron'), ('SHELL', '/bin/bash'), ('LESSCLOSE', '/usr/bin/lesspipe %s %s'), ('ROS_AUTOMATIC_DISCOVERY_RANGE', 'SUBNET'), ('VSCODE_GIT_ASKPASS_EXTRA_ARGS', ''), ('PWD', '/home/jonnydang2004/QUADRAPED/build/quadruped_interfaces'), ('NVM_CD_FLAGS', ''), ('XDG_DATA_DIRS', '/usr/local/share:/usr/share:/var/lib/snapd/desktop'), ('PYTHONPATH', '/opt/ros/iron/lib/python3.10/site-packages'), ('COLCON', '1'), ('WSL2_GUI_APPS_ENABLED', '1'), ('HOSTTYPE', 'x86_64'), ('WSLENV', 'VSCODE_WSL_EXT_LOCATION/up'), ('CMAKE_PREFIX_PATH', '/opt/ros/iron')]), 'shell': False}
[0.054581] (pigpio) JobProgress: {'identifier': 'pigpio', 'progress': 'cmake'}
[0.055089] (pigpio) Command: {'cmd': ['/usr/bin/cmake', '/home/jonnydang2004/QUADRAPED/pigpio-74', '-DCMAKE_INSTALL_PREFIX=/home/jonnydang2004/QUADRAPED/install/pigpio'], 'cwd': '/home/jonnydang2004/QUADRAPED/build/pigpio', 'env': OrderedDict([('LESSOPEN', '| /usr/bin/lesspipe %s'), ('USER', 'jonnydang2004'), ('GIT_ASKPASS', '/home/jonnydang2004/.vscode-server/bin/38c31bc77e0dd6ae88a4e9cc93428cc27a56ba40/extensions/git/dist/askpass.sh'), ('SHLVL', '1'), ('LD_LIBRARY_PATH', '/opt/ros/iron/opt/rviz_ogre_vendor/lib:/opt/ros/iron/lib/x86_64-linux-gnu:/opt/ros/iron/lib'), ('HOME', '/home/jonnydang2004'), ('OLDPWD', '/home/jonnydang2004/QUADRAPED/pigpio-74'), ('TERM_PROGRAM_VERSION', '1.93.1'), ('NVM_BIN', '/home/jonnydang2004/.nvm/versions/node/v18.19.0/bin'), ('VSCODE_IPC_HOOK_CLI', '/run/user/1000/vscode-ipc-aeaa321f-954c-44ec-865c-68b87d92bff0.sock'), ('NVM_INC', '/home/jonnydang2004/.nvm/versions/node/v18.19.0/include/node'), ('ROS_PYTHON_VERSION', '3'), ('VSCODE_GIT_ASKPASS_MAIN', '/home/jonnydang2004/.vscode-server/bin/38c31bc77e0dd6ae88a4e9cc93428cc27a56ba40/extensions/git/dist/askpass-main.js'), ('VSCODE_GIT_ASKPASS_NODE', '/home/jonnydang2004/.vscode-server/bin/38c31bc77e0dd6ae88a4e9cc93428cc27a56ba40/node'), ('DBUS_SESSION_BUS_ADDRESS', 'unix:path=/run/user/1000/bus'), ('COLORTERM', 'truecolor'), ('WSL_DISTRO_NAME', 'Ubuntu'), ('NVM_DIR', '/home/jonnydang2004/.nvm'), ('WAYLAND_DISPLAY', 'wayland-0'), ('ROS_DISTRO', 'iron'), ('LOGNAME', 'jonnydang2004'), ('NAME', 'DESKTOP-JO2E52O'), ('WSL_INTEROP', '/run/WSL/33065_interop'), ('PULSE_SERVER', 'unix:/mnt/wslg/PulseServer'), ('_', '/usr/bin/colcon'), ('ROS_VERSION', '2'), ('TERM', 'xterm-256color'), ('_colcon_cd_rott', '/opt/ros/iron/'), ('PATH', '/home/jonnydang2004/.vscode-server/bin/38c31bc77e0dd6ae88a4e9cc93428cc27a56ba40/bin/remote-cli:/home/jonnydang2004/.local/bin:/opt/ros/iron/bin:/home/jonnydang2004/.nvm/versions/node/v18.19.0/bin:/usr/local/sbin:/usr/local/bin:/usr/sbin:/usr/bin:/sbin:/bin:/usr/games:/usr/local/games:/usr/lib/wsl/lib:/mnt/c/Windows/system32:/mnt/c/Windows:/mnt/c/Windows/System32/Wbem:/mnt/c/Windows/System32/WindowsPowerShell/v1.0/:/mnt/c/Windows/System32/OpenSSH/:/mnt/c/Program Files (x86)/Intel/Intel(R) Management Engine Components/DAL:/mnt/c/Program Files/Intel/Intel(R) Management Engine Components/DAL:/mnt/c/Program Files/MATLAB/R2023b/bin:/mnt/c/Program Files/MATLAB/R2022a/bin:/mnt/c/Program Files/Docker/Docker/resources/bin:/mnt/c/Program Files/dotnet/:/mnt/c/Program Files/:/mnt/c/Program Files/Git/cmd:/mnt/c/Program Files (x86)/IVI Foundation/VISA/WinNT/Bin/:/mnt/c/Program Files/IVI Foundation/VISA/Win64/Bin/:/mnt/c/Program Files (x86)/National Instruments/Shared/LabVIEW CLI:/mnt/c/Program Files (x86)/IVI Foundation/IVI/Bin/:/mnt/c/Program Files/IVI Foundation/IVI/Bin/:/mnt/c/Program Files (x86)/IVI Foundation/VISA/WinNT/Bin:/mnt/c/Users/User/AppData/Local/Programs/Python/Python310/Scripts/:/mnt/c/Users/User/AppData/Local/Programs/Python/Python310/:/mnt/c/Users/User/AppData/Local/Microsoft/WindowsApps:/mnt/c/Users/User/AppData/Local/Programs/Microsoft VS Code/bin:/mnt/c/Users/User/AppData/Roaming/npm:/snap/bin:/opt/gradle/gradle-8.5/bin:/opt/gradle/gradle-8.5/bin'), ('XDG_RUNTIME_DIR', '/run/user/1000/'), ('DISPLAY', ':0'), ('LANG', 'en_US.UTF-8'), ('LS_COLORS', 'rs=0:di=01;34:ln=01;36:mh=00:pi=40;33:so=01;35:do=01;35:bd=40;33;01:cd=40;33;01:or=40;31;01:mi=00:su=37;41:sg=30;43:ca=30;41:tw=30;42:ow=34;42:st=37;44:ex=01;32:*.tar=01;31:*.tgz=01;31:*.arc=01;31:*.arj=01;31:*.taz=01;31:*.lha=01;31:*.lz4=01;31:*.lzh=01;31:*.lzma=01;31:*.tlz=01;31:*.txz=01;31:*.tzo=01;31:*.t7z=01;31:*.zip=01;31:*.z=01;31:*.dz=01;31:*.gz=01;31:*.lrz=01;31:*.lz=01;31:*.lzo=01;31:*.xz=01;31:*.zst=01;31:*.tzst=01;31:*.bz2=01;31:*.bz=01;31:*.tbz=01;31:*.tbz2=01;31:*.tz=01;31:*.deb=01;31:*.rpm=01;31:*.jar=01;31:*.war=01;31:*.ear=01;31:*.sar=01;31:*.rar=01;31:*.alz=01;31:*.ace=01;31:*.zoo=01;31:*.cpio=01;31:*.7z=01;31:*.rz=01;31:*.cab=01;31:*.wim=01;31:*.swm=01;31:*.dwm=01;31:*.esd=01;31:*.jpg=01;35:*.jpeg=01;35:*.mjpg=01;35:*.mjpeg=01;35:*.gif=01;35:*.bmp=01;35:*.pbm=01;35:*.pgm=01;35:*.ppm=01;35:*.tga=01;35:*.xbm=01;35:*.xpm=01;35:*.tif=01;35:*.tiff=01;35:*.png=01;35:*.svg=01;35:*.svgz=01;35:*.mng=01;35:*.pcx=01;35:*.mov=01;35:*.mpg=01;35:*.mpeg=01;35:*.m2v=01;35:*.mkv=01;35:*.webm=01;35:*.webp=01;35:*.ogm=01;35:*.mp4=01;35:*.m4v=01;35:*.mp4v=01;35:*.vob=01;35:*.qt=01;35:*.nuv=01;35:*.wmv=01;35:*.asf=01;35:*.rm=01;35:*.rmvb=01;35:*.flc=01;35:*.avi=01;35:*.fli=01;35:*.flv=01;35:*.gl=01;35:*.dl=01;35:*.xcf=01;35:*.xwd=01;35:*.yuv=01;35:*.cgm=01;35:*.emf=01;35:*.ogv=01;35:*.ogx=01;35:*.aac=00;36:*.au=00;36:*.flac=00;36:*.m4a=00;36:*.mid=00;36:*.midi=00;36:*.mka=00;36:*.mp3=00;36:*.mpc=00;36:*.ogg=00;36:*.ra=00;36:*.wav=00;36:*.oga=00;36:*.opus=00;36:*.spx=00;36:*.xspf=00;36:'), ('VSCODE_GIT_IPC_HANDLE', '/run/user/1000/vscode-git-f95bf93406.sock'), ('TERM_PROGRAM', 'vscode'), ('AMENT_PREFIX_PATH', '/opt/ros/iron'), ('SHELL', '/bin/bash'), ('LESSCLOSE', '/usr/bin/lesspipe %s %s'), ('ROS_AUTOMATIC_DISCOVERY_RANGE', 'SUBNET'), ('VSCODE_GIT_ASKPASS_EXTRA_ARGS', ''), ('PWD', '/home/jonnydang2004/QUADRAPED/build/pigpio'), ('NVM_CD_FLAGS', ''), ('XDG_DATA_DIRS', '/usr/local/share:/usr/share:/var/lib/snapd/desktop'), ('PYTHONPATH', '/opt/ros/iron/lib/python3.10/site-packages'), ('COLCON', '1'), ('WSL2_GUI_APPS_ENABLED', '1'), ('HOSTTYPE', 'x86_64'), ('WSLENV', 'VSCODE_WSL_EXT_LOCATION/up')]), 'shell': False}
[0.098459] (-) TimerEvent: {}
[0.176341] (quadruped_interfaces) StdoutLine: {'line': b'[  2%] Built target quadruped_interfaces__rosidl_generator_type_description\n'}
[0.198596] (-) TimerEvent: {}
[0.201337] (quadruped_interfaces) StdoutLine: {'line': b'[  2%] Built target ament_cmake_python_copy_quadruped_interfaces\n'}
[0.240260] (quadruped_interfaces) StdoutLine: {'line': b'[  5%] Built target quadruped_interfaces__cpp\n'}
[0.243897] (quadruped_interfaces) StdoutLine: {'line': b'[ 20%] Built target quadruped_interfaces__rosidl_generator_c\n'}
[0.298728] (-) TimerEvent: {}
[0.333696] (quadruped_interfaces) StdoutLine: {'line': b'[ 29%] Built target quadruped_interfaces__rosidl_typesupport_fastrtps_cpp\n'}
[0.334517] (quadruped_interfaces) StdoutLine: {'line': b'[ 38%] Built target quadruped_interfaces__rosidl_typesupport_cpp\n'}
[0.378600] (quadruped_interfaces) StdoutLine: {'line': b'[ 47%] Built target quadruped_interfaces__rosidl_typesupport_introspection_cpp\n'}
[0.399399] (-) TimerEvent: {}
[0.459565] (quadruped_interfaces) StdoutLine: {'line': b'[ 55%] Built target quadruped_interfaces__rosidl_typesupport_fastrtps_c\n'}
[0.460023] (quadruped_interfaces) StdoutLine: {'line': b'[ 64%] Built target quadruped_interfaces__rosidl_typesupport_c\n'}
[0.499529] (-) TimerEvent: {}
[0.507296] (quadruped_interfaces) StdoutLine: {'line': b'[ 73%] Built target quadruped_interfaces__rosidl_typesupport_introspection_c\n'}
[0.576662] (quadruped_interfaces) StdoutLine: {'line': b'[ 73%] Built target quadruped_interfaces\n'}
[0.582543] (pigpio) StdoutLine: {'line': b'-- The C compiler identification is GNU 11.4.0\n'}
[0.599695] (-) TimerEvent: {}
[0.634007] (quadruped_interfaces) StdoutLine: {'line': b'[ 76%] Built target quadruped_interfaces__py\n'}
[0.699828] (-) TimerEvent: {}
[0.713826] (quadruped_interfaces) StdoutLine: {'line': b'[ 82%] Built target quadruped_interfaces__rosidl_generator_py\n'}
[0.800026] (-) TimerEvent: {}
[0.814324] (quadruped_interfaces) StdoutLine: {'line': b'[ 88%] Built target quadruped_interfaces__rosidl_typesupport_fastrtps_c__pyext\n'}
[0.860408] (quadruped_interfaces) StdoutLine: {'line': b'[ 94%] Built target quadruped_interfaces__rosidl_typesupport_introspection_c__pyext\n'}
[0.876367] (quadruped_interfaces) StdoutLine: {'line': b'[100%] Built target quadruped_interfaces__rosidl_typesupport_c__pyext\n'}
[0.900216] (-) TimerEvent: {}
[1.000780] (-) TimerEvent: {}
[1.102027] (-) TimerEvent: {}
[1.205359] (-) TimerEvent: {}
[1.307025] (-) TimerEvent: {}
[1.407549] (-) TimerEvent: {}
[1.508102] (-) TimerEvent: {}
[1.608699] (-) TimerEvent: {}
[1.709276] (-) TimerEvent: {}
[1.810906] (-) TimerEvent: {}
[1.898656] (quadruped_interfaces) StdoutLine: {'line': b'running egg_info\n'}
[1.907019] (quadruped_interfaces) StdoutLine: {'line': b'writing quadruped_interfaces.egg-info/PKG-INFO\n'}
[1.907369] (quadruped_interfaces) StdoutLine: {'line': b'writing dependency_links to quadruped_interfaces.egg-info/dependency_links.txt\n'}
[1.907681] (quadruped_interfaces) StdoutLine: {'line': b'writing top-level names to quadruped_interfaces.egg-info/top_level.txt\n'}
[1.911100] (-) TimerEvent: {}
[1.925538] (quadruped_interfaces) StdoutLine: {'line': b"reading manifest file 'quadruped_interfaces.egg-info/SOURCES.txt'\n"}
[1.928505] (quadruped_interfaces) StdoutLine: {'line': b"writing manifest file 'quadruped_interfaces.egg-info/SOURCES.txt'\n"}
[2.011273] (-) TimerEvent: {}
[2.014004] (quadruped_interfaces) StdoutLine: {'line': b'[100%] Built target ament_cmake_python_build_quadruped_interfaces_egg\n'}
[2.048607] (quadruped_interfaces) CommandEnded: {'returncode': 0}
[2.111417] (-) TimerEvent: {}
[2.197902] (pigpio) StdoutLine: {'line': b'-- The CXX compiler identification is GNU 11.4.0\n'}
[2.211784] (-) TimerEvent: {}
[2.274333] (quadruped_interfaces) JobProgress: {'identifier': 'quadruped_interfaces', 'progress': 'install'}
[2.305848] (quadruped_interfaces) Command: {'cmd': ['/usr/bin/cmake', '--install', '/home/jonnydang2004/QUADRAPED/build/quadruped_interfaces'], 'cwd': '/home/jonnydang2004/QUADRAPED/build/quadruped_interfaces', 'env': OrderedDict([('LESSOPEN', '| /usr/bin/lesspipe %s'), ('USER', 'jonnydang2004'), ('GIT_ASKPASS', '/home/jonnydang2004/.vscode-server/bin/38c31bc77e0dd6ae88a4e9cc93428cc27a56ba40/extensions/git/dist/askpass.sh'), ('SHLVL', '1'), ('LD_LIBRARY_PATH', '/opt/ros/iron/opt/rviz_ogre_vendor/lib:/opt/ros/iron/lib/x86_64-linux-gnu:/opt/ros/iron/lib'), ('HOME', '/home/jonnydang2004'), ('OLDPWD', '/home/jonnydang2004/QUADRAPED/pigpio-74'), ('TERM_PROGRAM_VERSION', '1.93.1'), ('NVM_BIN', '/home/jonnydang2004/.nvm/versions/node/v18.19.0/bin'), ('VSCODE_IPC_HOOK_CLI', '/run/user/1000/vscode-ipc-aeaa321f-954c-44ec-865c-68b87d92bff0.sock'), ('NVM_INC', '/home/jonnydang2004/.nvm/versions/node/v18.19.0/include/node'), ('ROS_PYTHON_VERSION', '3'), ('VSCODE_GIT_ASKPASS_MAIN', '/home/jonnydang2004/.vscode-server/bin/38c31bc77e0dd6ae88a4e9cc93428cc27a56ba40/extensions/git/dist/askpass-main.js'), ('VSCODE_GIT_ASKPASS_NODE', '/home/jonnydang2004/.vscode-server/bin/38c31bc77e0dd6ae88a4e9cc93428cc27a56ba40/node'), ('DBUS_SESSION_BUS_ADDRESS', 'unix:path=/run/user/1000/bus'), ('COLORTERM', 'truecolor'), ('WSL_DISTRO_NAME', 'Ubuntu'), ('NVM_DIR', '/home/jonnydang2004/.nvm'), ('WAYLAND_DISPLAY', 'wayland-0'), ('ROS_DISTRO', 'iron'), ('LOGNAME', 'jonnydang2004'), ('NAME', 'DESKTOP-JO2E52O'), ('WSL_INTEROP', '/run/WSL/33065_interop'), ('PULSE_SERVER', 'unix:/mnt/wslg/PulseServer'), ('_', '/usr/bin/colcon'), ('ROS_VERSION', '2'), ('TERM', 'xterm-256color'), ('_colcon_cd_rott', '/opt/ros/iron/'), ('PATH', '/home/jonnydang2004/.vscode-server/bin/38c31bc77e0dd6ae88a4e9cc93428cc27a56ba40/bin/remote-cli:/home/jonnydang2004/.local/bin:/opt/ros/iron/bin:/home/jonnydang2004/.nvm/versions/node/v18.19.0/bin:/usr/local/sbin:/usr/local/bin:/usr/sbin:/usr/bin:/sbin:/bin:/usr/games:/usr/local/games:/usr/lib/wsl/lib:/mnt/c/Windows/system32:/mnt/c/Windows:/mnt/c/Windows/System32/Wbem:/mnt/c/Windows/System32/WindowsPowerShell/v1.0/:/mnt/c/Windows/System32/OpenSSH/:/mnt/c/Program Files (x86)/Intel/Intel(R) Management Engine Components/DAL:/mnt/c/Program Files/Intel/Intel(R) Management Engine Components/DAL:/mnt/c/Program Files/MATLAB/R2023b/bin:/mnt/c/Program Files/MATLAB/R2022a/bin:/mnt/c/Program Files/Docker/Docker/resources/bin:/mnt/c/Program Files/dotnet/:/mnt/c/Program Files/:/mnt/c/Program Files/Git/cmd:/mnt/c/Program Files (x86)/IVI Foundation/VISA/WinNT/Bin/:/mnt/c/Program Files/IVI Foundation/VISA/Win64/Bin/:/mnt/c/Program Files (x86)/National Instruments/Shared/LabVIEW CLI:/mnt/c/Program Files (x86)/IVI Foundation/IVI/Bin/:/mnt/c/Program Files/IVI Foundation/IVI/Bin/:/mnt/c/Program Files (x86)/IVI Foundation/VISA/WinNT/Bin:/mnt/c/Users/User/AppData/Local/Programs/Python/Python310/Scripts/:/mnt/c/Users/User/AppData/Local/Programs/Python/Python310/:/mnt/c/Users/User/AppData/Local/Microsoft/WindowsApps:/mnt/c/Users/User/AppData/Local/Programs/Microsoft VS Code/bin:/mnt/c/Users/User/AppData/Roaming/npm:/snap/bin:/opt/gradle/gradle-8.5/bin:/opt/gradle/gradle-8.5/bin'), ('XDG_RUNTIME_DIR', '/run/user/1000/'), ('DISPLAY', ':0'), ('LANG', 'en_US.UTF-8'), ('LS_COLORS', 'rs=0:di=01;34:ln=01;36:mh=00:pi=40;33:so=01;35:do=01;35:bd=40;33;01:cd=40;33;01:or=40;31;01:mi=00:su=37;41:sg=30;43:ca=30;41:tw=30;42:ow=34;42:st=37;44:ex=01;32:*.tar=01;31:*.tgz=01;31:*.arc=01;31:*.arj=01;31:*.taz=01;31:*.lha=01;31:*.lz4=01;31:*.lzh=01;31:*.lzma=01;31:*.tlz=01;31:*.txz=01;31:*.tzo=01;31:*.t7z=01;31:*.zip=01;31:*.z=01;31:*.dz=01;31:*.gz=01;31:*.lrz=01;31:*.lz=01;31:*.lzo=01;31:*.xz=01;31:*.zst=01;31:*.tzst=01;31:*.bz2=01;31:*.bz=01;31:*.tbz=01;31:*.tbz2=01;31:*.tz=01;31:*.deb=01;31:*.rpm=01;31:*.jar=01;31:*.war=01;31:*.ear=01;31:*.sar=01;31:*.rar=01;31:*.alz=01;31:*.ace=01;31:*.zoo=01;31:*.cpio=01;31:*.7z=01;31:*.rz=01;31:*.cab=01;31:*.wim=01;31:*.swm=01;31:*.dwm=01;31:*.esd=01;31:*.jpg=01;35:*.jpeg=01;35:*.mjpg=01;35:*.mjpeg=01;35:*.gif=01;35:*.bmp=01;35:*.pbm=01;35:*.pgm=01;35:*.ppm=01;35:*.tga=01;35:*.xbm=01;35:*.xpm=01;35:*.tif=01;35:*.tiff=01;35:*.png=01;35:*.svg=01;35:*.svgz=01;35:*.mng=01;35:*.pcx=01;35:*.mov=01;35:*.mpg=01;35:*.mpeg=01;35:*.m2v=01;35:*.mkv=01;35:*.webm=01;35:*.webp=01;35:*.ogm=01;35:*.mp4=01;35:*.m4v=01;35:*.mp4v=01;35:*.vob=01;35:*.qt=01;35:*.nuv=01;35:*.wmv=01;35:*.asf=01;35:*.rm=01;35:*.rmvb=01;35:*.flc=01;35:*.avi=01;35:*.fli=01;35:*.flv=01;35:*.gl=01;35:*.dl=01;35:*.xcf=01;35:*.xwd=01;35:*.yuv=01;35:*.cgm=01;35:*.emf=01;35:*.ogv=01;35:*.ogx=01;35:*.aac=00;36:*.au=00;36:*.flac=00;36:*.m4a=00;36:*.mid=00;36:*.midi=00;36:*.mka=00;36:*.mp3=00;36:*.mpc=00;36:*.ogg=00;36:*.ra=00;36:*.wav=00;36:*.oga=00;36:*.opus=00;36:*.spx=00;36:*.xspf=00;36:'), ('VSCODE_GIT_IPC_HANDLE', '/run/user/1000/vscode-git-f95bf93406.sock'), ('TERM_PROGRAM', 'vscode'), ('AMENT_PREFIX_PATH', '/opt/ros/iron'), ('SHELL', '/bin/bash'), ('LESSCLOSE', '/usr/bin/lesspipe %s %s'), ('ROS_AUTOMATIC_DISCOVERY_RANGE', 'SUBNET'), ('VSCODE_GIT_ASKPASS_EXTRA_ARGS', ''), ('PWD', '/home/jonnydang2004/QUADRAPED/build/quadruped_interfaces'), ('NVM_CD_FLAGS', ''), ('XDG_DATA_DIRS', '/usr/local/share:/usr/share:/var/lib/snapd/desktop'), ('PYTHONPATH', '/opt/ros/iron/lib/python3.10/site-packages'), ('COLCON', '1'), ('WSL2_GUI_APPS_ENABLED', '1'), ('HOSTTYPE', 'x86_64'), ('WSLENV', 'VSCODE_WSL_EXT_LOCATION/up'), ('CMAKE_PREFIX_PATH', '/opt/ros/iron')]), 'shell': False}
[2.312024] (-) TimerEvent: {}
[2.336934] (quadruped_interfaces) StdoutLine: {'line': b'-- Install configuration: ""\n'}
[2.338595] (quadruped_interfaces) StdoutLine: {'line': b'-- Up-to-date: /home/jonnydang2004/QUADRAPED/install/quadruped_interfaces/share/ament_index/resource_index/rosidl_interfaces/quadruped_interfaces\n'}
[2.338947] (quadruped_interfaces) StdoutLine: {'line': b'-- Up-to-date: /home/jonnydang2004/QUADRAPED/install/quadruped_interfaces/share/quadruped_interfaces/msg/Pos.json\n'}
[2.339220] (quadruped_interfaces) StdoutLine: {'line': b'-- Up-to-date: /home/jonnydang2004/QUADRAPED/install/quadruped_interfaces/include/quadruped_interfaces/quadruped_interfaces\n'}
[2.339501] (quadruped_interfaces) StdoutLine: {'line': b'-- Up-to-date: /home/jonnydang2004/QUADRAPED/install/quadruped_interfaces/include/quadruped_interfaces/quadruped_interfaces/msg\n'}
[2.339791] (quadruped_interfaces) StdoutLine: {'line': b'-- Up-to-date: /home/jonnydang2004/QUADRAPED/install/quadruped_interfaces/include/quadruped_interfaces/quadruped_interfaces/msg/pos.h\n'}
[2.340029] (quadruped_interfaces) StdoutLine: {'line': b'-- Up-to-date: /home/jonnydang2004/QUADRAPED/install/quadruped_interfaces/include/quadruped_interfaces/quadruped_interfaces/msg/rosidl_generator_c__visibility_control.h\n'}
[2.340312] (quadruped_interfaces) StdoutLine: {'line': b'-- Up-to-date: /home/jonnydang2004/QUADRAPED/install/quadruped_interfaces/include/quadruped_interfaces/quadruped_interfaces/msg/detail\n'}
[2.340601] (quadruped_interfaces) StdoutLine: {'line': b'-- Up-to-date: /home/jonnydang2004/QUADRAPED/install/quadruped_interfaces/include/quadruped_interfaces/quadruped_interfaces/msg/detail/pos__functions.c\n'}
[2.340803] (quadruped_interfaces) StdoutLine: {'line': b'-- Up-to-date: /home/jonnydang2004/QUADRAPED/install/quadruped_interfaces/include/quadruped_interfaces/quadruped_interfaces/msg/detail/pos__description.c\n'}
[2.341056] (quadruped_interfaces) StdoutLine: {'line': b'-- Installing: /home/jonnydang2004/QUADRAPED/install/quadruped_interfaces/include/quadruped_interfaces/quadruped_interfaces/msg/detail/pos__type_support.c\n'}
[2.343590] (quadruped_interfaces) StdoutLine: {'line': b'-- Up-to-date: /home/jonnydang2004/QUADRAPED/install/quadruped_interfaces/include/quadruped_interfaces/quadruped_interfaces/msg/detail/pos__functions.h\n'}
[2.343971] (quadruped_interfaces) StdoutLine: {'line': b'-- Up-to-date: /home/jonnydang2004/QUADRAPED/install/quadruped_interfaces/include/quadruped_interfaces/quadruped_interfaces/msg/detail/pos__type_support.h\n'}
[2.344296] (quadruped_interfaces) StdoutLine: {'line': b'-- Up-to-date: /home/jonnydang2004/QUADRAPED/install/quadruped_interfaces/include/quadruped_interfaces/quadruped_interfaces/msg/detail/pos__struct.h\n'}
[2.344548] (quadruped_interfaces) StdoutLine: {'line': b'-- Up-to-date: /home/jonnydang2004/QUADRAPED/install/quadruped_interfaces/share/quadruped_interfaces/environment/library_path.sh\n'}
[2.347309] (quadruped_interfaces) StdoutLine: {'line': b'-- Up-to-date: /home/jonnydang2004/QUADRAPED/install/quadruped_interfaces/share/quadruped_interfaces/environment/library_path.dsv\n'}
[2.347673] (quadruped_interfaces) StdoutLine: {'line': b'-- Up-to-date: /home/jonnydang2004/QUADRAPED/install/quadruped_interfaces/lib/libquadruped_interfaces__rosidl_generator_c.so\n'}
[2.348859] (quadruped_interfaces) StdoutLine: {'line': b'-- Up-to-date: /home/jonnydang2004/QUADRAPED/install/quadruped_interfaces/include/quadruped_interfaces/quadruped_interfaces\n'}
[2.349255] (quadruped_interfaces) StdoutLine: {'line': b'-- Up-to-date: /home/jonnydang2004/QUADRAPED/install/quadruped_interfaces/include/quadruped_interfaces/quadruped_interfaces/msg\n'}
[2.349592] (quadruped_interfaces) StdoutLine: {'line': b'-- Up-to-date: /home/jonnydang2004/QUADRAPED/install/quadruped_interfaces/include/quadruped_interfaces/quadruped_interfaces/msg/rosidl_typesupport_fastrtps_c__visibility_control.h\n'}
[2.349927] (quadruped_interfaces) StdoutLine: {'line': b'-- Up-to-date: /home/jonnydang2004/QUADRAPED/install/quadruped_interfaces/include/quadruped_interfaces/quadruped_interfaces/msg/detail\n'}
[2.350313] (quadruped_interfaces) StdoutLine: {'line': b'-- Up-to-date: /home/jonnydang2004/QUADRAPED/install/quadruped_interfaces/include/quadruped_interfaces/quadruped_interfaces/msg/detail/pos__rosidl_typesupport_fastrtps_c.h\n'}
[2.350600] (quadruped_interfaces) StdoutLine: {'line': b'-- Up-to-date: /home/jonnydang2004/QUADRAPED/install/quadruped_interfaces/lib/libquadruped_interfaces__rosidl_typesupport_fastrtps_c.so\n'}
[2.350902] (quadruped_interfaces) StdoutLine: {'line': b'-- Up-to-date: /home/jonnydang2004/QUADRAPED/install/quadruped_interfaces/include/quadruped_interfaces/quadruped_interfaces\n'}
[2.351312] (quadruped_interfaces) StdoutLine: {'line': b'-- Up-to-date: /home/jonnydang2004/QUADRAPED/install/quadruped_interfaces/include/quadruped_interfaces/quadruped_interfaces/msg\n'}
[2.351629] (quadruped_interfaces) StdoutLine: {'line': b'-- Up-to-date: /home/jonnydang2004/QUADRAPED/install/quadruped_interfaces/include/quadruped_interfaces/quadruped_interfaces/msg/rosidl_typesupport_introspection_c__visibility_control.h\n'}
[2.352269] (quadruped_interfaces) StdoutLine: {'line': b'-- Up-to-date: /home/jonnydang2004/QUADRAPED/install/quadruped_interfaces/include/quadruped_interfaces/quadruped_interfaces/msg/detail\n'}
[2.353498] (quadruped_interfaces) StdoutLine: {'line': b'-- Up-to-date: /home/jonnydang2004/QUADRAPED/install/quadruped_interfaces/include/quadruped_interfaces/quadruped_interfaces/msg/detail/pos__rosidl_typesupport_introspection_c.h\n'}
[2.354500] (quadruped_interfaces) StdoutLine: {'line': b'-- Installing: /home/jonnydang2004/QUADRAPED/install/quadruped_interfaces/include/quadruped_interfaces/quadruped_interfaces/msg/detail/pos__type_support.c\n'}
[2.355103] (quadruped_interfaces) StdoutLine: {'line': b'-- Up-to-date: /home/jonnydang2004/QUADRAPED/install/quadruped_interfaces/lib/libquadruped_interfaces__rosidl_typesupport_introspection_c.so\n'}
[2.356563] (quadruped_interfaces) StdoutLine: {'line': b'-- Up-to-date: /home/jonnydang2004/QUADRAPED/install/quadruped_interfaces/lib/libquadruped_interfaces__rosidl_typesupport_c.so\n'}
[2.358027] (quadruped_interfaces) StdoutLine: {'line': b'-- Up-to-date: /home/jonnydang2004/QUADRAPED/install/quadruped_interfaces/include/quadruped_interfaces/quadruped_interfaces\n'}
[2.359077] (quadruped_interfaces) StdoutLine: {'line': b'-- Up-to-date: /home/jonnydang2004/QUADRAPED/install/quadruped_interfaces/include/quadruped_interfaces/quadruped_interfaces/msg\n'}
[2.359869] (quadruped_interfaces) StdoutLine: {'line': b'-- Up-to-date: /home/jonnydang2004/QUADRAPED/install/quadruped_interfaces/include/quadruped_interfaces/quadruped_interfaces/msg/pos.hpp\n'}
[2.361324] (quadruped_interfaces) StdoutLine: {'line': b'-- Up-to-date: /home/jonnydang2004/QUADRAPED/install/quadruped_interfaces/include/quadruped_interfaces/quadruped_interfaces/msg/detail\n'}
[2.361939] (quadruped_interfaces) StdoutLine: {'line': b'-- Up-to-date: /home/jonnydang2004/QUADRAPED/install/quadruped_interfaces/include/quadruped_interfaces/quadruped_interfaces/msg/detail/pos__struct.hpp\n'}
[2.372769] (quadruped_interfaces) StdoutLine: {'line': b'-- Up-to-date: /home/jonnydang2004/QUADRAPED/install/quadruped_interfaces/include/quadruped_interfaces/quadruped_interfaces/msg/detail/pos__builder.hpp\n'}
[2.376729] (quadruped_interfaces) StdoutLine: {'line': b'-- Up-to-date: /home/jonnydang2004/QUADRAPED/install/quadruped_interfaces/include/quadruped_interfaces/quadruped_interfaces/msg/detail/pos__traits.hpp\n'}
[2.378891] (quadruped_interfaces) StdoutLine: {'line': b'-- Up-to-date: /home/jonnydang2004/QUADRAPED/install/quadruped_interfaces/include/quadruped_interfaces/quadruped_interfaces\n'}
[2.383196] (quadruped_interfaces) StdoutLine: {'line': b'-- Up-to-date: /home/jonnydang2004/QUADRAPED/install/quadruped_interfaces/include/quadruped_interfaces/quadruped_interfaces/msg\n'}
[2.385161] (quadruped_interfaces) StdoutLine: {'line': b'-- Up-to-date: /home/jonnydang2004/QUADRAPED/install/quadruped_interfaces/include/quadruped_interfaces/quadruped_interfaces/msg/rosidl_typesupport_fastrtps_cpp__visibility_control.h\n'}
[2.386179] (quadruped_interfaces) StdoutLine: {'line': b'-- Up-to-date: /home/jonnydang2004/QUADRAPED/install/quadruped_interfaces/include/quadruped_interfaces/quadruped_interfaces/msg/detail\n'}
[2.388594] (quadruped_interfaces) StdoutLine: {'line': b'-- Up-to-date: /home/jonnydang2004/QUADRAPED/install/quadruped_interfaces/include/quadruped_interfaces/quadruped_interfaces/msg/detail/dds_fastrtps\n'}
[2.389088] (quadruped_interfaces) StdoutLine: {'line': b'-- Up-to-date: /home/jonnydang2004/QUADRAPED/install/quadruped_interfaces/include/quadruped_interfaces/quadruped_interfaces/msg/detail/pos__rosidl_typesupport_fastrtps_cpp.hpp\n'}
[2.390032] (quadruped_interfaces) StdoutLine: {'line': b'-- Up-to-date: /home/jonnydang2004/QUADRAPED/install/quadruped_interfaces/lib/libquadruped_interfaces__rosidl_typesupport_fastrtps_cpp.so\n'}
[2.390404] (quadruped_interfaces) StdoutLine: {'line': b'-- Up-to-date: /home/jonnydang2004/QUADRAPED/install/quadruped_interfaces/include/quadruped_interfaces/quadruped_interfaces\n'}
[2.390584] (quadruped_interfaces) StdoutLine: {'line': b'-- Up-to-date: /home/jonnydang2004/QUADRAPED/install/quadruped_interfaces/include/quadruped_interfaces/quadruped_interfaces/msg\n'}
[2.392027] (quadruped_interfaces) StdoutLine: {'line': b'-- Up-to-date: /home/jonnydang2004/QUADRAPED/install/quadruped_interfaces/include/quadruped_interfaces/quadruped_interfaces/msg/detail\n'}
[2.393290] (quadruped_interfaces) StdoutLine: {'line': b'-- Up-to-date: /home/jonnydang2004/QUADRAPED/install/quadruped_interfaces/include/quadruped_interfaces/quadruped_interfaces/msg/detail/pos__rosidl_typesupport_introspection_cpp.hpp\n'}
[2.393558] (quadruped_interfaces) StdoutLine: {'line': b'-- Up-to-date: /home/jonnydang2004/QUADRAPED/install/quadruped_interfaces/include/quadruped_interfaces/quadruped_interfaces/msg/detail/pos__type_support.cpp\n'}
[2.394495] (quadruped_interfaces) StdoutLine: {'line': b'-- Up-to-date: /home/jonnydang2004/QUADRAPED/install/quadruped_interfaces/lib/libquadruped_interfaces__rosidl_typesupport_introspection_cpp.so\n'}
[2.395442] (quadruped_interfaces) StdoutLine: {'line': b'-- Up-to-date: /home/jonnydang2004/QUADRAPED/install/quadruped_interfaces/lib/libquadruped_interfaces__rosidl_typesupport_cpp.so\n'}
[2.396662] (quadruped_interfaces) StdoutLine: {'line': b'-- Up-to-date: /home/jonnydang2004/QUADRAPED/install/quadruped_interfaces/share/quadruped_interfaces/environment/pythonpath.sh\n'}
[2.401611] (quadruped_interfaces) StdoutLine: {'line': b'-- Up-to-date: /home/jonnydang2004/QUADRAPED/install/quadruped_interfaces/share/quadruped_interfaces/environment/pythonpath.dsv\n'}
[2.406717] (quadruped_interfaces) StdoutLine: {'line': b'-- Up-to-date: /home/jonnydang2004/QUADRAPED/install/quadruped_interfaces/lib/python3.10/site-packages/quadruped_interfaces-0.0.0-py3.10.egg-info\n'}
[2.411811] (quadruped_interfaces) StdoutLine: {'line': b'-- Installing: /home/jonnydang2004/QUADRAPED/install/quadruped_interfaces/lib/python3.10/site-packages/quadruped_interfaces-0.0.0-py3.10.egg-info/top_level.txt\n'}
[2.412243] (-) TimerEvent: {}
[2.412563] (quadruped_interfaces) StdoutLine: {'line': b'-- Installing: /home/jonnydang2004/QUADRAPED/install/quadruped_interfaces/lib/python3.10/site-packages/quadruped_interfaces-0.0.0-py3.10.egg-info/dependency_links.txt\n'}
[2.413434] (quadruped_interfaces) StdoutLine: {'line': b'-- Installing: /home/jonnydang2004/QUADRAPED/install/quadruped_interfaces/lib/python3.10/site-packages/quadruped_interfaces-0.0.0-py3.10.egg-info/SOURCES.txt\n'}
[2.413740] (quadruped_interfaces) StdoutLine: {'line': b'-- Installing: /home/jonnydang2004/QUADRAPED/install/quadruped_interfaces/lib/python3.10/site-packages/quadruped_interfaces-0.0.0-py3.10.egg-info/PKG-INFO\n'}
[2.413962] (quadruped_interfaces) StdoutLine: {'line': b'-- Up-to-date: /home/jonnydang2004/QUADRAPED/install/quadruped_interfaces/lib/python3.10/site-packages/quadruped_interfaces\n'}
[2.414228] (quadruped_interfaces) StdoutLine: {'line': b'-- Up-to-date: /home/jonnydang2004/QUADRAPED/install/quadruped_interfaces/lib/python3.10/site-packages/quadruped_interfaces/quadruped_interfaces_s__rosidl_typesupport_fastrtps_c.cpython-310-x86_64-linux-gnu.so\n'}
[2.429501] (quadruped_interfaces) StdoutLine: {'line': b'-- Up-to-date: /home/jonnydang2004/QUADRAPED/install/quadruped_interfaces/lib/python3.10/site-packages/quadruped_interfaces/libquadruped_interfaces__rosidl_generator_py.so\n'}
[2.429804] (quadruped_interfaces) StdoutLine: {'line': b'-- Up-to-date: /home/jonnydang2004/QUADRAPED/install/quadruped_interfaces/lib/python3.10/site-packages/quadruped_interfaces/quadruped_interfaces_s__rosidl_typesupport_c.cpython-310-x86_64-linux-gnu.so\n'}
[2.430013] (quadruped_interfaces) StdoutLine: {'line': b'-- Up-to-date: /home/jonnydang2004/QUADRAPED/install/quadruped_interfaces/lib/python3.10/site-packages/quadruped_interfaces/msg\n'}
[2.430229] (quadruped_interfaces) StdoutLine: {'line': b'-- Up-to-date: /home/jonnydang2004/QUADRAPED/install/quadruped_interfaces/lib/python3.10/site-packages/quadruped_interfaces/msg/_pos_s.c\n'}
[2.430399] (quadruped_interfaces) StdoutLine: {'line': b'-- Up-to-date: /home/jonnydang2004/QUADRAPED/install/quadruped_interfaces/lib/python3.10/site-packages/quadruped_interfaces/msg/_pos.py\n'}
[2.430581] (quadruped_interfaces) StdoutLine: {'line': b'-- Up-to-date: /home/jonnydang2004/QUADRAPED/install/quadruped_interfaces/lib/python3.10/site-packages/quadruped_interfaces/msg/__init__.py\n'}
[2.430740] (quadruped_interfaces) StdoutLine: {'line': b'-- Up-to-date: /home/jonnydang2004/QUADRAPED/install/quadruped_interfaces/lib/python3.10/site-packages/quadruped_interfaces/_quadruped_interfaces_s.ep.rosidl_typesupport_introspection_c.c\n'}
[2.430888] (quadruped_interfaces) StdoutLine: {'line': b'-- Up-to-date: /home/jonnydang2004/QUADRAPED/install/quadruped_interfaces/lib/python3.10/site-packages/quadruped_interfaces/quadruped_interfaces_s__rosidl_typesupport_introspection_c.cpython-310-x86_64-linux-gnu.so\n'}
[2.431033] (quadruped_interfaces) StdoutLine: {'line': b'-- Up-to-date: /home/jonnydang2004/QUADRAPED/install/quadruped_interfaces/lib/python3.10/site-packages/quadruped_interfaces/_quadruped_interfaces_s.ep.rosidl_typesupport_c.c\n'}
[2.431270] (quadruped_interfaces) StdoutLine: {'line': b'-- Up-to-date: /home/jonnydang2004/QUADRAPED/install/quadruped_interfaces/lib/python3.10/site-packages/quadruped_interfaces/_quadruped_interfaces_s.ep.rosidl_typesupport_fastrtps_c.c\n'}
[2.431440] (quadruped_interfaces) StdoutLine: {'line': b'-- Up-to-date: /home/jonnydang2004/QUADRAPED/install/quadruped_interfaces/lib/python3.10/site-packages/quadruped_interfaces/__init__.py\n'}
[2.505017] (quadruped_interfaces) StdoutLine: {'line': b"Listing '/home/jonnydang2004/QUADRAPED/install/quadruped_interfaces/lib/python3.10/site-packages/quadruped_interfaces'...\n"}
[2.505423] (quadruped_interfaces) StdoutLine: {'line': b"Listing '/home/jonnydang2004/QUADRAPED/install/quadruped_interfaces/lib/python3.10/site-packages/quadruped_interfaces/msg'...\n"}
[2.512493] (-) TimerEvent: {}
[2.540487] (quadruped_interfaces) StdoutLine: {'line': b'-- Up-to-date: /home/jonnydang2004/QUADRAPED/install/quadruped_interfaces/lib/python3.10/site-packages/quadruped_interfaces/quadruped_interfaces_s__rosidl_typesupport_fastrtps_c.cpython-310-x86_64-linux-gnu.so\n'}
[2.541745] (quadruped_interfaces) StdoutLine: {'line': b'-- Up-to-date: /home/jonnydang2004/QUADRAPED/install/quadruped_interfaces/lib/python3.10/site-packages/quadruped_interfaces/quadruped_interfaces_s__rosidl_typesupport_introspection_c.cpython-310-x86_64-linux-gnu.so\n'}
[2.542283] (quadruped_interfaces) StdoutLine: {'line': b'-- Up-to-date: /home/jonnydang2004/QUADRAPED/install/quadruped_interfaces/lib/python3.10/site-packages/quadruped_interfaces/quadruped_interfaces_s__rosidl_typesupport_c.cpython-310-x86_64-linux-gnu.so\n'}
[2.542927] (quadruped_interfaces) StdoutLine: {'line': b'-- Up-to-date: /home/jonnydang2004/QUADRAPED/install/quadruped_interfaces/lib/libquadruped_interfaces__rosidl_generator_py.so\n'}
[2.543444] (quadruped_interfaces) StdoutLine: {'line': b'-- Up-to-date: /home/jonnydang2004/QUADRAPED/install/quadruped_interfaces/share/quadruped_interfaces/msg/Pos.idl\n'}
[2.544022] (quadruped_interfaces) StdoutLine: {'line': b'-- Up-to-date: /home/jonnydang2004/QUADRAPED/install/quadruped_interfaces/share/quadruped_interfaces/msg/Pos.msg\n'}
[2.544408] (quadruped_interfaces) StdoutLine: {'line': b'-- Up-to-date: /home/jonnydang2004/QUADRAPED/install/quadruped_interfaces/share/ament_index/resource_index/package_run_dependencies/quadruped_interfaces\n'}
[2.544916] (quadruped_interfaces) StdoutLine: {'line': b'-- Up-to-date: /home/jonnydang2004/QUADRAPED/install/quadruped_interfaces/share/ament_index/resource_index/parent_prefix_path/quadruped_interfaces\n'}
[2.545290] (quadruped_interfaces) StdoutLine: {'line': b'-- Up-to-date: /home/jonnydang2004/QUADRAPED/install/quadruped_interfaces/share/quadruped_interfaces/environment/ament_prefix_path.sh\n'}
[2.546267] (quadruped_interfaces) StdoutLine: {'line': b'-- Up-to-date: /home/jonnydang2004/QUADRAPED/install/quadruped_interfaces/share/quadruped_interfaces/environment/ament_prefix_path.dsv\n'}
[2.546748] (quadruped_interfaces) StdoutLine: {'line': b'-- Up-to-date: /home/jonnydang2004/QUADRAPED/install/quadruped_interfaces/share/quadruped_interfaces/environment/path.sh\n'}
[2.547081] (quadruped_interfaces) StdoutLine: {'line': b'-- Up-to-date: /home/jonnydang2004/QUADRAPED/install/quadruped_interfaces/share/quadruped_interfaces/environment/path.dsv\n'}
[2.547335] (quadruped_interfaces) StdoutLine: {'line': b'-- Up-to-date: /home/jonnydang2004/QUADRAPED/install/quadruped_interfaces/share/quadruped_interfaces/local_setup.bash\n'}
[2.547809] (quadruped_interfaces) StdoutLine: {'line': b'-- Up-to-date: /home/jonnydang2004/QUADRAPED/install/quadruped_interfaces/share/quadruped_interfaces/local_setup.sh\n'}
[2.548171] (quadruped_interfaces) StdoutLine: {'line': b'-- Up-to-date: /home/jonnydang2004/QUADRAPED/install/quadruped_interfaces/share/quadruped_interfaces/local_setup.zsh\n'}
[2.548353] (quadruped_interfaces) StdoutLine: {'line': b'-- Up-to-date: /home/jonnydang2004/QUADRAPED/install/quadruped_interfaces/share/quadruped_interfaces/local_setup.dsv\n'}
[2.548522] (quadruped_interfaces) StdoutLine: {'line': b'-- Installing: /home/jonnydang2004/QUADRAPED/install/quadruped_interfaces/share/quadruped_interfaces/package.dsv\n'}
[2.548722] (quadruped_interfaces) StdoutLine: {'line': b'-- Up-to-date: /home/jonnydang2004/QUADRAPED/install/quadruped_interfaces/share/ament_index/resource_index/packages/quadruped_interfaces\n'}
[2.548937] (quadruped_interfaces) StdoutLine: {'line': b'-- Up-to-date: /home/jonnydang2004/QUADRAPED/install/quadruped_interfaces/share/quadruped_interfaces/cmake/export_quadruped_interfaces__rosidl_generator_cExport.cmake\n'}
[2.559315] (quadruped_interfaces) StdoutLine: {'line': b'-- Up-to-date: /home/jonnydang2004/QUADRAPED/install/quadruped_interfaces/share/quadruped_interfaces/cmake/export_quadruped_interfaces__rosidl_generator_cExport-noconfig.cmake\n'}
[2.559747] (quadruped_interfaces) StdoutLine: {'line': b'-- Up-to-date: /home/jonnydang2004/QUADRAPED/install/quadruped_interfaces/share/quadruped_interfaces/cmake/export_quadruped_interfaces__rosidl_typesupport_fastrtps_cExport.cmake\n'}
[2.560036] (quadruped_interfaces) StdoutLine: {'line': b'-- Up-to-date: /home/jonnydang2004/QUADRAPED/install/quadruped_interfaces/share/quadruped_interfaces/cmake/export_quadruped_interfaces__rosidl_typesupport_fastrtps_cExport-noconfig.cmake\n'}
[2.560314] (quadruped_interfaces) StdoutLine: {'line': b'-- Up-to-date: /home/jonnydang2004/QUADRAPED/install/quadruped_interfaces/share/quadruped_interfaces/cmake/quadruped_interfaces__rosidl_typesupport_introspection_cExport.cmake\n'}
[2.560514] (quadruped_interfaces) StdoutLine: {'line': b'-- Up-to-date: /home/jonnydang2004/QUADRAPED/install/quadruped_interfaces/share/quadruped_interfaces/cmake/quadruped_interfaces__rosidl_typesupport_introspection_cExport-noconfig.cmake\n'}
[2.560907] (quadruped_interfaces) StdoutLine: {'line': b'-- Up-to-date: /home/jonnydang2004/QUADRAPED/install/quadruped_interfaces/share/quadruped_interfaces/cmake/quadruped_interfaces__rosidl_typesupport_cExport.cmake\n'}
[2.561150] (quadruped_interfaces) StdoutLine: {'line': b'-- Up-to-date: /home/jonnydang2004/QUADRAPED/install/quadruped_interfaces/share/quadruped_interfaces/cmake/quadruped_interfaces__rosidl_typesupport_cExport-noconfig.cmake\n'}
[2.561511] (quadruped_interfaces) StdoutLine: {'line': b'-- Up-to-date: /home/jonnydang2004/QUADRAPED/install/quadruped_interfaces/share/quadruped_interfaces/cmake/export_quadruped_interfaces__rosidl_generator_cppExport.cmake\n'}
[2.562001] (quadruped_interfaces) StdoutLine: {'line': b'-- Up-to-date: /home/jonnydang2004/QUADRAPED/install/quadruped_interfaces/share/quadruped_interfaces/cmake/export_quadruped_interfaces__rosidl_typesupport_fastrtps_cppExport.cmake\n'}
[2.562510] (quadruped_interfaces) StdoutLine: {'line': b'-- Up-to-date: /home/jonnydang2004/QUADRAPED/install/quadruped_interfaces/share/quadruped_interfaces/cmake/export_quadruped_interfaces__rosidl_typesupport_fastrtps_cppExport-noconfig.cmake\n'}
[2.563039] (quadruped_interfaces) StdoutLine: {'line': b'-- Up-to-date: /home/jonnydang2004/QUADRAPED/install/quadruped_interfaces/share/quadruped_interfaces/cmake/quadruped_interfaces__rosidl_typesupport_introspection_cppExport.cmake\n'}
[2.563277] (quadruped_interfaces) StdoutLine: {'line': b'-- Up-to-date: /home/jonnydang2004/QUADRAPED/install/quadruped_interfaces/share/quadruped_interfaces/cmake/quadruped_interfaces__rosidl_typesupport_introspection_cppExport-noconfig.cmake\n'}
[2.575769] (quadruped_interfaces) StdoutLine: {'line': b'-- Up-to-date: /home/jonnydang2004/QUADRAPED/install/quadruped_interfaces/share/quadruped_interfaces/cmake/quadruped_interfaces__rosidl_typesupport_cppExport.cmake\n'}
[2.576341] (quadruped_interfaces) StdoutLine: {'line': b'-- Up-to-date: /home/jonnydang2004/QUADRAPED/install/quadruped_interfaces/share/quadruped_interfaces/cmake/quadruped_interfaces__rosidl_typesupport_cppExport-noconfig.cmake\n'}
[2.576729] (quadruped_interfaces) StdoutLine: {'line': b'-- Up-to-date: /home/jonnydang2004/QUADRAPED/install/quadruped_interfaces/share/quadruped_interfaces/cmake/export_quadruped_interfaces__rosidl_generator_pyExport.cmake\n'}
[2.577184] (quadruped_interfaces) StdoutLine: {'line': b'-- Up-to-date: /home/jonnydang2004/QUADRAPED/install/quadruped_interfaces/share/quadruped_interfaces/cmake/export_quadruped_interfaces__rosidl_generator_pyExport-noconfig.cmake\n'}
[2.577624] (quadruped_interfaces) StdoutLine: {'line': b'-- Up-to-date: /home/jonnydang2004/QUADRAPED/install/quadruped_interfaces/share/quadruped_interfaces/cmake/rosidl_cmake-extras.cmake\n'}
[2.577989] (quadruped_interfaces) StdoutLine: {'line': b'-- Up-to-date: /home/jonnydang2004/QUADRAPED/install/quadruped_interfaces/share/quadruped_interfaces/cmake/ament_cmake_export_include_directories-extras.cmake\n'}
[2.578239] (quadruped_interfaces) StdoutLine: {'line': b'-- Up-to-date: /home/jonnydang2004/QUADRAPED/install/quadruped_interfaces/share/quadruped_interfaces/cmake/ament_cmake_export_libraries-extras.cmake\n'}
[2.578490] (quadruped_interfaces) StdoutLine: {'line': b'-- Up-to-date: /home/jonnydang2004/QUADRAPED/install/quadruped_interfaces/share/quadruped_interfaces/cmake/ament_cmake_export_targets-extras.cmake\n'}
[2.578734] (quadruped_interfaces) StdoutLine: {'line': b'-- Up-to-date: /home/jonnydang2004/QUADRAPED/install/quadruped_interfaces/share/quadruped_interfaces/cmake/rosidl_cmake_export_typesupport_targets-extras.cmake\n'}
[2.579012] (quadruped_interfaces) StdoutLine: {'line': b'-- Up-to-date: /home/jonnydang2004/QUADRAPED/install/quadruped_interfaces/share/quadruped_interfaces/cmake/ament_cmake_export_dependencies-extras.cmake\n'}
[2.579232] (quadruped_interfaces) StdoutLine: {'line': b'-- Up-to-date: /home/jonnydang2004/QUADRAPED/install/quadruped_interfaces/share/quadruped_interfaces/cmake/rosidl_cmake_export_typesupport_libraries-extras.cmake\n'}
[2.579512] (quadruped_interfaces) StdoutLine: {'line': b'-- Up-to-date: /home/jonnydang2004/QUADRAPED/install/quadruped_interfaces/share/quadruped_interfaces/cmake/quadruped_interfacesConfig.cmake\n'}
[2.579720] (quadruped_interfaces) StdoutLine: {'line': b'-- Up-to-date: /home/jonnydang2004/QUADRAPED/install/quadruped_interfaces/share/quadruped_interfaces/cmake/quadruped_interfacesConfig-version.cmake\n'}
[2.580021] (quadruped_interfaces) StdoutLine: {'line': b'-- Up-to-date: /home/jonnydang2004/QUADRAPED/install/quadruped_interfaces/share/quadruped_interfaces/package.xml\n'}
[2.615272] (quadruped_interfaces) CommandEnded: {'returncode': 0}
[2.616115] (-) TimerEvent: {}
[2.721976] (-) TimerEvent: {}
[2.822682] (-) TimerEvent: {}
[2.923312] (-) TimerEvent: {}
[3.024231] (-) TimerEvent: {}
[3.092981] (quadruped_interfaces) JobEnded: {'identifier': 'quadruped_interfaces', 'rc': 0}
[3.094691] (quadruped_control) JobStarted: {'identifier': 'quadruped_control'}
[3.125029] (-) TimerEvent: {}
[3.225667] (-) TimerEvent: {}
[3.326260] (-) TimerEvent: {}
[3.426776] (-) TimerEvent: {}
[3.527369] (-) TimerEvent: {}
[3.552119] (quadruped_control) JobProgress: {'identifier': 'quadruped_control', 'progress': 'cmake'}
[3.554863] (quadruped_control) JobProgress: {'identifier': 'quadruped_control', 'progress': 'build'}
[3.561978] (quadruped_control) Command: {'cmd': ['/usr/bin/cmake', '--build', '/home/jonnydang2004/QUADRAPED/build/quadruped_control', '--', '-j4', '-l4'], 'cwd': '/home/jonnydang2004/QUADRAPED/build/quadruped_control', 'env': OrderedDict([('LESSOPEN', '| /usr/bin/lesspipe %s'), ('USER', 'jonnydang2004'), ('GIT_ASKPASS', '/home/jonnydang2004/.vscode-server/bin/38c31bc77e0dd6ae88a4e9cc93428cc27a56ba40/extensions/git/dist/askpass.sh'), ('SHLVL', '1'), ('LD_LIBRARY_PATH', '/home/jonnydang2004/QUADRAPED/install/quadruped_interfaces/lib:/opt/ros/iron/opt/rviz_ogre_vendor/lib:/opt/ros/iron/lib/x86_64-linux-gnu:/opt/ros/iron/lib'), ('HOME', '/home/jonnydang2004'), ('OLDPWD', '/home/jonnydang2004/QUADRAPED/pigpio-74'), ('TERM_PROGRAM_VERSION', '1.93.1'), ('NVM_BIN', '/home/jonnydang2004/.nvm/versions/node/v18.19.0/bin'), ('VSCODE_IPC_HOOK_CLI', '/run/user/1000/vscode-ipc-aeaa321f-954c-44ec-865c-68b87d92bff0.sock'), ('NVM_INC', '/home/jonnydang2004/.nvm/versions/node/v18.19.0/include/node'), ('ROS_PYTHON_VERSION', '3'), ('VSCODE_GIT_ASKPASS_MAIN', '/home/jonnydang2004/.vscode-server/bin/38c31bc77e0dd6ae88a4e9cc93428cc27a56ba40/extensions/git/dist/askpass-main.js'), ('VSCODE_GIT_ASKPASS_NODE', '/home/jonnydang2004/.vscode-server/bin/38c31bc77e0dd6ae88a4e9cc93428cc27a56ba40/node'), ('DBUS_SESSION_BUS_ADDRESS', 'unix:path=/run/user/1000/bus'), ('COLORTERM', 'truecolor'), ('WSL_DISTRO_NAME', 'Ubuntu'), ('NVM_DIR', '/home/jonnydang2004/.nvm'), ('WAYLAND_DISPLAY', 'wayland-0'), ('ROS_DISTRO', 'iron'), ('LOGNAME', 'jonnydang2004'), ('NAME', 'DESKTOP-JO2E52O'), ('WSL_INTEROP', '/run/WSL/33065_interop'), ('PULSE_SERVER', 'unix:/mnt/wslg/PulseServer'), ('_', '/usr/bin/colcon'), ('ROS_VERSION', '2'), ('TERM', 'xterm-256color'), ('_colcon_cd_rott', '/opt/ros/iron/'), ('PATH', '/home/jonnydang2004/.vscode-server/bin/38c31bc77e0dd6ae88a4e9cc93428cc27a56ba40/bin/remote-cli:/home/jonnydang2004/.local/bin:/opt/ros/iron/bin:/home/jonnydang2004/.nvm/versions/node/v18.19.0/bin:/usr/local/sbin:/usr/local/bin:/usr/sbin:/usr/bin:/sbin:/bin:/usr/games:/usr/local/games:/usr/lib/wsl/lib:/mnt/c/Windows/system32:/mnt/c/Windows:/mnt/c/Windows/System32/Wbem:/mnt/c/Windows/System32/WindowsPowerShell/v1.0/:/mnt/c/Windows/System32/OpenSSH/:/mnt/c/Program Files (x86)/Intel/Intel(R) Management Engine Components/DAL:/mnt/c/Program Files/Intel/Intel(R) Management Engine Components/DAL:/mnt/c/Program Files/MATLAB/R2023b/bin:/mnt/c/Program Files/MATLAB/R2022a/bin:/mnt/c/Program Files/Docker/Docker/resources/bin:/mnt/c/Program Files/dotnet/:/mnt/c/Program Files/:/mnt/c/Program Files/Git/cmd:/mnt/c/Program Files (x86)/IVI Foundation/VISA/WinNT/Bin/:/mnt/c/Program Files/IVI Foundation/VISA/Win64/Bin/:/mnt/c/Program Files (x86)/National Instruments/Shared/LabVIEW CLI:/mnt/c/Program Files (x86)/IVI Foundation/IVI/Bin/:/mnt/c/Program Files/IVI Foundation/IVI/Bin/:/mnt/c/Program Files (x86)/IVI Foundation/VISA/WinNT/Bin:/mnt/c/Users/User/AppData/Local/Programs/Python/Python310/Scripts/:/mnt/c/Users/User/AppData/Local/Programs/Python/Python310/:/mnt/c/Users/User/AppData/Local/Microsoft/WindowsApps:/mnt/c/Users/User/AppData/Local/Programs/Microsoft VS Code/bin:/mnt/c/Users/User/AppData/Roaming/npm:/snap/bin:/opt/gradle/gradle-8.5/bin:/opt/gradle/gradle-8.5/bin'), ('XDG_RUNTIME_DIR', '/run/user/1000/'), ('DISPLAY', ':0'), ('LANG', 'en_US.UTF-8'), ('LS_COLORS', 'rs=0:di=01;34:ln=01;36:mh=00:pi=40;33:so=01;35:do=01;35:bd=40;33;01:cd=40;33;01:or=40;31;01:mi=00:su=37;41:sg=30;43:ca=30;41:tw=30;42:ow=34;42:st=37;44:ex=01;32:*.tar=01;31:*.tgz=01;31:*.arc=01;31:*.arj=01;31:*.taz=01;31:*.lha=01;31:*.lz4=01;31:*.lzh=01;31:*.lzma=01;31:*.tlz=01;31:*.txz=01;31:*.tzo=01;31:*.t7z=01;31:*.zip=01;31:*.z=01;31:*.dz=01;31:*.gz=01;31:*.lrz=01;31:*.lz=01;31:*.lzo=01;31:*.xz=01;31:*.zst=01;31:*.tzst=01;31:*.bz2=01;31:*.bz=01;31:*.tbz=01;31:*.tbz2=01;31:*.tz=01;31:*.deb=01;31:*.rpm=01;31:*.jar=01;31:*.war=01;31:*.ear=01;31:*.sar=01;31:*.rar=01;31:*.alz=01;31:*.ace=01;31:*.zoo=01;31:*.cpio=01;31:*.7z=01;31:*.rz=01;31:*.cab=01;31:*.wim=01;31:*.swm=01;31:*.dwm=01;31:*.esd=01;31:*.jpg=01;35:*.jpeg=01;35:*.mjpg=01;35:*.mjpeg=01;35:*.gif=01;35:*.bmp=01;35:*.pbm=01;35:*.pgm=01;35:*.ppm=01;35:*.tga=01;35:*.xbm=01;35:*.xpm=01;35:*.tif=01;35:*.tiff=01;35:*.png=01;35:*.svg=01;35:*.svgz=01;35:*.mng=01;35:*.pcx=01;35:*.mov=01;35:*.mpg=01;35:*.mpeg=01;35:*.m2v=01;35:*.mkv=01;35:*.webm=01;35:*.webp=01;35:*.ogm=01;35:*.mp4=01;35:*.m4v=01;35:*.mp4v=01;35:*.vob=01;35:*.qt=01;35:*.nuv=01;35:*.wmv=01;35:*.asf=01;35:*.rm=01;35:*.rmvb=01;35:*.flc=01;35:*.avi=01;35:*.fli=01;35:*.flv=01;35:*.gl=01;35:*.dl=01;35:*.xcf=01;35:*.xwd=01;35:*.yuv=01;35:*.cgm=01;35:*.emf=01;35:*.ogv=01;35:*.ogx=01;35:*.aac=00;36:*.au=00;36:*.flac=00;36:*.m4a=00;36:*.mid=00;36:*.midi=00;36:*.mka=00;36:*.mp3=00;36:*.mpc=00;36:*.ogg=00;36:*.ra=00;36:*.wav=00;36:*.oga=00;36:*.opus=00;36:*.spx=00;36:*.xspf=00;36:'), ('VSCODE_GIT_IPC_HANDLE', '/run/user/1000/vscode-git-f95bf93406.sock'), ('TERM_PROGRAM', 'vscode'), ('AMENT_PREFIX_PATH', '/home/jonnydang2004/QUADRAPED/install/quadruped_interfaces:/opt/ros/iron'), ('SHELL', '/bin/bash'), ('LESSCLOSE', '/usr/bin/lesspipe %s %s'), ('ROS_AUTOMATIC_DISCOVERY_RANGE', 'SUBNET'), ('VSCODE_GIT_ASKPASS_EXTRA_ARGS', ''), ('PWD', '/home/jonnydang2004/QUADRAPED/build/quadruped_control'), ('NVM_CD_FLAGS', ''), ('XDG_DATA_DIRS', '/usr/local/share:/usr/share:/var/lib/snapd/desktop'), ('PYTHONPATH', '/home/jonnydang2004/QUADRAPED/install/quadruped_interfaces/lib/python3.10/site-packages:/opt/ros/iron/lib/python3.10/site-packages'), ('COLCON', '1'), ('WSL2_GUI_APPS_ENABLED', '1'), ('HOSTTYPE', 'x86_64'), ('WSLENV', 'VSCODE_WSL_EXT_LOCATION/up'), ('CMAKE_PREFIX_PATH', '/home/jonnydang2004/QUADRAPED/install/quadruped_interfaces:/opt/ros/iron')]), 'shell': False}
[3.627551] (-) TimerEvent: {}
[3.694397] (pigpio) StdoutLine: {'line': b'-- Detecting C compiler ABI info\n'}
[3.727708] (-) TimerEvent: {}
[3.828176] (-) TimerEvent: {}
[3.842805] (quadruped_control) StdoutLine: {'line': b'[ 50%] Built target inverse_kinematics\n'}
[3.876658] (quadruped_control) StdoutLine: {'line': b'[ 75%] \x1b[32mBuilding CXX object CMakeFiles/motor_config.dir/src/motor_config.cpp.o\x1b[0m\n'}
[3.928822] (-) TimerEvent: {}
[4.034703] (-) TimerEvent: {}
[4.135325] (-) TimerEvent: {}
[4.247061] (-) TimerEvent: {}
[4.354468] (-) TimerEvent: {}
[4.455234] (-) TimerEvent: {}
[4.555837] (-) TimerEvent: {}
[4.656597] (-) TimerEvent: {}
[4.757309] (-) TimerEvent: {}
[4.845373] (pigpio) StdoutLine: {'line': b'-- Detecting C compiler ABI info - done\n'}
[4.857433] (-) TimerEvent: {}
[4.944203] (pigpio) StdoutLine: {'line': b'-- Check for working C compiler: /usr/bin/cc - skipped\n'}
[4.946110] (pigpio) StdoutLine: {'line': b'-- Detecting C compile features\n'}
[4.951639] (pigpio) StdoutLine: {'line': b'-- Detecting C compile features - done\n'}
[4.957567] (-) TimerEvent: {}
[4.969695] (pigpio) StdoutLine: {'line': b'-- Detecting CXX compiler ABI info\n'}
[5.057740] (-) TimerEvent: {}
[5.158300] (-) TimerEvent: {}
[5.258797] (-) TimerEvent: {}
[5.359358] (-) TimerEvent: {}
[5.459803] (-) TimerEvent: {}
[5.568442] (-) TimerEvent: {}
[5.669241] (-) TimerEvent: {}
[5.686763] (pigpio) StdoutLine: {'line': b'-- Detecting CXX compiler ABI info - done\n'}
[5.712178] (pigpio) StdoutLine: {'line': b'-- Check for working CXX compiler: /usr/bin/c++ - skipped\n'}
[5.713021] (pigpio) StdoutLine: {'line': b'-- Detecting CXX compile features\n'}
[5.715872] (pigpio) StdoutLine: {'line': b'-- Detecting CXX compile features - done\n'}
[5.770753] (-) TimerEvent: {}
[5.871559] (-) TimerEvent: {}
[5.972298] (-) TimerEvent: {}
[6.058758] (pigpio) StdoutLine: {'line': b'-- Configuring done\n'}
[6.072416] (-) TimerEvent: {}
[6.167675] (pigpio) StdoutLine: {'line': b'-- Generating done\n'}
[6.172731] (-) TimerEvent: {}
[6.188847] (pigpio) StdoutLine: {'line': b'-- Build files have been written to: /home/jonnydang2004/QUADRAPED/build/pigpio\n'}
[6.221785] (pigpio) CommandEnded: {'returncode': 0}
[6.222576] (pigpio) JobProgress: {'identifier': 'pigpio', 'progress': 'build'}
[6.222713] (pigpio) Command: {'cmd': ['/usr/bin/cmake', '--build', '/home/jonnydang2004/QUADRAPED/build/pigpio', '--', '-j4', '-l4'], 'cwd': '/home/jonnydang2004/QUADRAPED/build/pigpio', 'env': OrderedDict([('LESSOPEN', '| /usr/bin/lesspipe %s'), ('USER', 'jonnydang2004'), ('GIT_ASKPASS', '/home/jonnydang2004/.vscode-server/bin/38c31bc77e0dd6ae88a4e9cc93428cc27a56ba40/extensions/git/dist/askpass.sh'), ('SHLVL', '1'), ('LD_LIBRARY_PATH', '/opt/ros/iron/opt/rviz_ogre_vendor/lib:/opt/ros/iron/lib/x86_64-linux-gnu:/opt/ros/iron/lib'), ('HOME', '/home/jonnydang2004'), ('OLDPWD', '/home/jonnydang2004/QUADRAPED/pigpio-74'), ('TERM_PROGRAM_VERSION', '1.93.1'), ('NVM_BIN', '/home/jonnydang2004/.nvm/versions/node/v18.19.0/bin'), ('VSCODE_IPC_HOOK_CLI', '/run/user/1000/vscode-ipc-aeaa321f-954c-44ec-865c-68b87d92bff0.sock'), ('NVM_INC', '/home/jonnydang2004/.nvm/versions/node/v18.19.0/include/node'), ('ROS_PYTHON_VERSION', '3'), ('VSCODE_GIT_ASKPASS_MAIN', '/home/jonnydang2004/.vscode-server/bin/38c31bc77e0dd6ae88a4e9cc93428cc27a56ba40/extensions/git/dist/askpass-main.js'), ('VSCODE_GIT_ASKPASS_NODE', '/home/jonnydang2004/.vscode-server/bin/38c31bc77e0dd6ae88a4e9cc93428cc27a56ba40/node'), ('DBUS_SESSION_BUS_ADDRESS', 'unix:path=/run/user/1000/bus'), ('COLORTERM', 'truecolor'), ('WSL_DISTRO_NAME', 'Ubuntu'), ('NVM_DIR', '/home/jonnydang2004/.nvm'), ('WAYLAND_DISPLAY', 'wayland-0'), ('ROS_DISTRO', 'iron'), ('LOGNAME', 'jonnydang2004'), ('NAME', 'DESKTOP-JO2E52O'), ('WSL_INTEROP', '/run/WSL/33065_interop'), ('PULSE_SERVER', 'unix:/mnt/wslg/PulseServer'), ('_', '/usr/bin/colcon'), ('ROS_VERSION', '2'), ('TERM', 'xterm-256color'), ('_colcon_cd_rott', '/opt/ros/iron/'), ('PATH', '/home/jonnydang2004/.vscode-server/bin/38c31bc77e0dd6ae88a4e9cc93428cc27a56ba40/bin/remote-cli:/home/jonnydang2004/.local/bin:/opt/ros/iron/bin:/home/jonnydang2004/.nvm/versions/node/v18.19.0/bin:/usr/local/sbin:/usr/local/bin:/usr/sbin:/usr/bin:/sbin:/bin:/usr/games:/usr/local/games:/usr/lib/wsl/lib:/mnt/c/Windows/system32:/mnt/c/Windows:/mnt/c/Windows/System32/Wbem:/mnt/c/Windows/System32/WindowsPowerShell/v1.0/:/mnt/c/Windows/System32/OpenSSH/:/mnt/c/Program Files (x86)/Intel/Intel(R) Management Engine Components/DAL:/mnt/c/Program Files/Intel/Intel(R) Management Engine Components/DAL:/mnt/c/Program Files/MATLAB/R2023b/bin:/mnt/c/Program Files/MATLAB/R2022a/bin:/mnt/c/Program Files/Docker/Docker/resources/bin:/mnt/c/Program Files/dotnet/:/mnt/c/Program Files/:/mnt/c/Program Files/Git/cmd:/mnt/c/Program Files (x86)/IVI Foundation/VISA/WinNT/Bin/:/mnt/c/Program Files/IVI Foundation/VISA/Win64/Bin/:/mnt/c/Program Files (x86)/National Instruments/Shared/LabVIEW CLI:/mnt/c/Program Files (x86)/IVI Foundation/IVI/Bin/:/mnt/c/Program Files/IVI Foundation/IVI/Bin/:/mnt/c/Program Files (x86)/IVI Foundation/VISA/WinNT/Bin:/mnt/c/Users/User/AppData/Local/Programs/Python/Python310/Scripts/:/mnt/c/Users/User/AppData/Local/Programs/Python/Python310/:/mnt/c/Users/User/AppData/Local/Microsoft/WindowsApps:/mnt/c/Users/User/AppData/Local/Programs/Microsoft VS Code/bin:/mnt/c/Users/User/AppData/Roaming/npm:/snap/bin:/opt/gradle/gradle-8.5/bin:/opt/gradle/gradle-8.5/bin'), ('XDG_RUNTIME_DIR', '/run/user/1000/'), ('DISPLAY', ':0'), ('LANG', 'en_US.UTF-8'), ('LS_COLORS', 'rs=0:di=01;34:ln=01;36:mh=00:pi=40;33:so=01;35:do=01;35:bd=40;33;01:cd=40;33;01:or=40;31;01:mi=00:su=37;41:sg=30;43:ca=30;41:tw=30;42:ow=34;42:st=37;44:ex=01;32:*.tar=01;31:*.tgz=01;31:*.arc=01;31:*.arj=01;31:*.taz=01;31:*.lha=01;31:*.lz4=01;31:*.lzh=01;31:*.lzma=01;31:*.tlz=01;31:*.txz=01;31:*.tzo=01;31:*.t7z=01;31:*.zip=01;31:*.z=01;31:*.dz=01;31:*.gz=01;31:*.lrz=01;31:*.lz=01;31:*.lzo=01;31:*.xz=01;31:*.zst=01;31:*.tzst=01;31:*.bz2=01;31:*.bz=01;31:*.tbz=01;31:*.tbz2=01;31:*.tz=01;31:*.deb=01;31:*.rpm=01;31:*.jar=01;31:*.war=01;31:*.ear=01;31:*.sar=01;31:*.rar=01;31:*.alz=01;31:*.ace=01;31:*.zoo=01;31:*.cpio=01;31:*.7z=01;31:*.rz=01;31:*.cab=01;31:*.wim=01;31:*.swm=01;31:*.dwm=01;31:*.esd=01;31:*.jpg=01;35:*.jpeg=01;35:*.mjpg=01;35:*.mjpeg=01;35:*.gif=01;35:*.bmp=01;35:*.pbm=01;35:*.pgm=01;35:*.ppm=01;35:*.tga=01;35:*.xbm=01;35:*.xpm=01;35:*.tif=01;35:*.tiff=01;35:*.png=01;35:*.svg=01;35:*.svgz=01;35:*.mng=01;35:*.pcx=01;35:*.mov=01;35:*.mpg=01;35:*.mpeg=01;35:*.m2v=01;35:*.mkv=01;35:*.webm=01;35:*.webp=01;35:*.ogm=01;35:*.mp4=01;35:*.m4v=01;35:*.mp4v=01;35:*.vob=01;35:*.qt=01;35:*.nuv=01;35:*.wmv=01;35:*.asf=01;35:*.rm=01;35:*.rmvb=01;35:*.flc=01;35:*.avi=01;35:*.fli=01;35:*.flv=01;35:*.gl=01;35:*.dl=01;35:*.xcf=01;35:*.xwd=01;35:*.yuv=01;35:*.cgm=01;35:*.emf=01;35:*.ogv=01;35:*.ogx=01;35:*.aac=00;36:*.au=00;36:*.flac=00;36:*.m4a=00;36:*.mid=00;36:*.midi=00;36:*.mka=00;36:*.mp3=00;36:*.mpc=00;36:*.ogg=00;36:*.ra=00;36:*.wav=00;36:*.oga=00;36:*.opus=00;36:*.spx=00;36:*.xspf=00;36:'), ('VSCODE_GIT_IPC_HANDLE', '/run/user/1000/vscode-git-f95bf93406.sock'), ('TERM_PROGRAM', 'vscode'), ('AMENT_PREFIX_PATH', '/opt/ros/iron'), ('SHELL', '/bin/bash'), ('LESSCLOSE', '/usr/bin/lesspipe %s %s'), ('ROS_AUTOMATIC_DISCOVERY_RANGE', 'SUBNET'), ('VSCODE_GIT_ASKPASS_EXTRA_ARGS', ''), ('PWD', '/home/jonnydang2004/QUADRAPED/build/pigpio'), ('NVM_CD_FLAGS', ''), ('XDG_DATA_DIRS', '/usr/local/share:/usr/share:/var/lib/snapd/desktop'), ('PYTHONPATH', '/opt/ros/iron/lib/python3.10/site-packages'), ('COLCON', '1'), ('WSL2_GUI_APPS_ENABLED', '1'), ('HOSTTYPE', 'x86_64'), ('WSLENV', 'VSCODE_WSL_EXT_LOCATION/up')]), 'shell': False}
[6.282445] (-) TimerEvent: {}
[6.384485] (-) TimerEvent: {}
[6.487488] (-) TimerEvent: {}
[6.508503] (pigpio) StdoutLine: {'line': b'[  4%] \x1b[32mBuilding C object CMakeFiles/pigpio.dir/pigpio.c.o\x1b[0m\n'}
[6.520789] (pigpio) StdoutLine: {'line': b'[  8%] \x1b[32mBuilding C object CMakeFiles/pigs.dir/pigs.c.o\x1b[0m\n'}
[6.574924] (pigpio) StdoutLine: {'line': b'[ 13%] \x1b[32mBuilding C object CMakeFiles/pigpiod_if2.dir/pigpiod_if2.c.o\x1b[0m\n'}
[6.587638] (-) TimerEvent: {}
[6.599500] (pigpio) StdoutLine: {'line': b'[ 17%] \x1b[32mBuilding C object CMakeFiles/pigpiod_if.dir/pigpiod_if.c.o\x1b[0m\n'}
[6.687799] (-) TimerEvent: {}
[6.791057] (-) TimerEvent: {}
[6.891567] (-) TimerEvent: {}
[6.994716] (-) TimerEvent: {}
[7.103718] (-) TimerEvent: {}
[7.209050] (-) TimerEvent: {}
[7.309526] (-) TimerEvent: {}
[7.404202] (pigpio) StdoutLine: {'line': b'[ 21%] \x1b[32mBuilding C object CMakeFiles/pigs.dir/command.c.o\x1b[0m\n'}
[7.419355] (-) TimerEvent: {}
[7.521035] (-) TimerEvent: {}
[7.622043] (-) TimerEvent: {}
[7.722613] (-) TimerEvent: {}
[7.823241] (-) TimerEvent: {}
[7.923780] (-) TimerEvent: {}
[8.024680] (-) TimerEvent: {}
[8.125328] (-) TimerEvent: {}
[8.226071] (-) TimerEvent: {}
[8.326647] (-) TimerEvent: {}
[8.427165] (-) TimerEvent: {}
[8.528677] (-) TimerEvent: {}
[8.629212] (-) TimerEvent: {}
[8.729714] (-) TimerEvent: {}
[8.737889] (pigpio) StdoutLine: {'line': b'[ 26%] \x1b[32m\x1b[1mLinking C executable pigs\x1b[0m\n'}
[8.829868] (-) TimerEvent: {}
[8.930479] (-) TimerEvent: {}
[9.030969] (-) TimerEvent: {}
[9.131499] (-) TimerEvent: {}
[9.232030] (-) TimerEvent: {}
[9.328855] (pigpio) StdoutLine: {'line': b'[ 26%] Built target pigs\n'}
[9.332238] (-) TimerEvent: {}
[9.402572] (pigpio) StdoutLine: {'line': b'[ 30%] \x1b[32mBuilding C object CMakeFiles/pigpiod_if.dir/command.c.o\x1b[0m\n'}
[9.432363] (-) TimerEvent: {}
[9.532921] (-) TimerEvent: {}
[9.633447] (-) TimerEvent: {}
[9.734144] (-) TimerEvent: {}
[9.835058] (-) TimerEvent: {}
[9.941262] (-) TimerEvent: {}
[9.967916] (pigpio) StdoutLine: {'line': b'[ 34%] \x1b[32mBuilding C object CMakeFiles/pig2vcd.dir/pig2vcd.c.o\x1b[0m\n'}
[10.041569] (-) TimerEvent: {}
[10.142398] (-) TimerEvent: {}
[10.255624] (-) TimerEvent: {}
[10.356421] (-) TimerEvent: {}
[10.456924] (-) TimerEvent: {}
[10.464204] (pigpio) StdoutLine: {'line': b'[ 39%] \x1b[32mBuilding C object CMakeFiles/pig2vcd.dir/command.c.o\x1b[0m\n'}
[10.557075] (-) TimerEvent: {}
[10.657569] (-) TimerEvent: {}
[10.759833] (-) TimerEvent: {}
[10.808868] (pigpio) StdoutLine: {'line': b'[ 43%] \x1b[32m\x1b[1mLinking C shared library libpigpiod_if.so\x1b[0m\n'}
[10.860006] (-) TimerEvent: {}
[10.968597] (-) TimerEvent: {}
[11.069396] (-) TimerEvent: {}
[11.169964] (-) TimerEvent: {}
[11.270493] (-) TimerEvent: {}
[11.371748] (-) TimerEvent: {}
[11.483762] (-) TimerEvent: {}
[11.588295] (-) TimerEvent: {}
[11.688782] (-) TimerEvent: {}
[11.796295] (-) TimerEvent: {}
[11.845455] (pigpio) StdoutLine: {'line': b'[ 43%] Built target pigpiod_if\n'}
[11.896455] (-) TimerEvent: {}
[11.997065] (-) TimerEvent: {}
[12.071130] (pigpio) StdoutLine: {'line': b'[ 47%] \x1b[32mBuilding C object CMakeFiles/x_pigpiod_if.dir/x_pigpiod_if.c.o\x1b[0m\n'}
[12.097260] (-) TimerEvent: {}
[12.197741] (-) TimerEvent: {}
[12.289601] (pigpio) StdoutLine: {'line': b'[ 52%] \x1b[32m\x1b[1mLinking C executable pig2vcd\x1b[0m\n'}
[12.297898] (-) TimerEvent: {}
[12.398364] (-) TimerEvent: {}
[12.498888] (-) TimerEvent: {}
[12.599397] (-) TimerEvent: {}
[12.703626] (-) TimerEvent: {}
[12.755490] (pigpio) StdoutLine: {'line': b'[ 56%] \x1b[32mBuilding C object CMakeFiles/pigpiod_if2.dir/command.c.o\x1b[0m\n'}
[12.803797] (-) TimerEvent: {}
[12.910808] (-) TimerEvent: {}
[12.998726] (pigpio) StdoutLine: {'line': b'[ 56%] Built target pig2vcd\n'}
[13.011002] (-) TimerEvent: {}
[13.103692] (pigpio) StdoutLine: {'line': b'[ 60%] \x1b[32mBuilding C object CMakeFiles/pigpio.dir/command.c.o\x1b[0m\n'}
[13.112633] (-) TimerEvent: {}
[13.213125] (-) TimerEvent: {}
[13.313673] (-) TimerEvent: {}
[13.414195] (-) TimerEvent: {}
[13.514692] (-) TimerEvent: {}
[13.615206] (-) TimerEvent: {}
[13.715814] (-) TimerEvent: {}
[13.816484] (-) TimerEvent: {}
[13.916973] (-) TimerEvent: {}
[13.929525] (pigpio) StdoutLine: {'line': b'[ 65%] \x1b[32m\x1b[1mLinking C shared library libpigpiod_if2.so\x1b[0m\n'}
[14.017126] (-) TimerEvent: {}
[14.049796] (pigpio) StdoutLine: {'line': b'[ 69%] \x1b[32m\x1b[1mLinking C executable x_pigpiod_if\x1b[0m\n'}
[14.117287] (-) TimerEvent: {}
[14.218004] (-) TimerEvent: {}
[14.318618] (-) TimerEvent: {}
[14.419108] (-) TimerEvent: {}
[14.444791] (pigpio) StdoutLine: {'line': b'[ 69%] Built target pigpiod_if2\n'}
[14.474812] (pigpio) StdoutLine: {'line': b'[ 69%] Built target x_pigpiod_if\n'}
[14.519278] (-) TimerEvent: {}
[14.520004] (pigpio) StdoutLine: {'line': b'[ 73%] \x1b[32mBuilding C object CMakeFiles/x_pigpiod_if2.dir/x_pigpiod_if2.c.o\x1b[0m\n'}
[14.619473] (-) TimerEvent: {}
[14.722657] (-) TimerEvent: {}
[14.823139] (-) TimerEvent: {}
[14.924181] (-) TimerEvent: {}
[15.024841] (-) TimerEvent: {}
[15.125345] (-) TimerEvent: {}
[15.225834] (-) TimerEvent: {}
[15.326944] (-) TimerEvent: {}
[15.427894] (-) TimerEvent: {}
[15.528614] (-) TimerEvent: {}
[15.591328] (pigpio) StdoutLine: {'line': b'[ 78%] \x1b[32m\x1b[1mLinking C executable x_pigpiod_if2\x1b[0m\n'}
[15.629278] (-) TimerEvent: {}
[15.757500] (-) TimerEvent: {}
[15.858228] (-) TimerEvent: {}
[15.958768] (-) TimerEvent: {}
[16.059731] (-) TimerEvent: {}
[16.160427] (-) TimerEvent: {}
[16.261868] (-) TimerEvent: {}
[16.265918] (pigpio) StdoutLine: {'line': b'[ 78%] Built target x_pigpiod_if2\n'}
[16.362180] (-) TimerEvent: {}
[16.463066] (-) TimerEvent: {}
[16.563873] (-) TimerEvent: {}
[16.664754] (-) TimerEvent: {}
[16.765348] (-) TimerEvent: {}
[16.865943] (-) TimerEvent: {}
[16.966587] (-) TimerEvent: {}
[17.067184] (-) TimerEvent: {}
[17.167746] (-) TimerEvent: {}
[17.268372] (-) TimerEvent: {}
[17.368941] (-) TimerEvent: {}
[17.469587] (-) TimerEvent: {}
[17.570270] (-) TimerEvent: {}
[17.670900] (-) TimerEvent: {}
[17.771481] (-) TimerEvent: {}
[17.872014] (-) TimerEvent: {}
[17.972633] (-) TimerEvent: {}
[18.073147] (-) TimerEvent: {}
[18.173753] (-) TimerEvent: {}
[18.274362] (-) TimerEvent: {}
[18.374921] (-) TimerEvent: {}
[18.475616] (-) TimerEvent: {}
[18.576194] (-) TimerEvent: {}
[18.676883] (-) TimerEvent: {}
[18.777534] (-) TimerEvent: {}
[18.878217] (-) TimerEvent: {}
[18.978834] (-) TimerEvent: {}
[19.079403] (-) TimerEvent: {}
[19.179945] (-) TimerEvent: {}
[19.280530] (-) TimerEvent: {}
[19.381203] (-) TimerEvent: {}
[19.481784] (-) TimerEvent: {}
[19.582488] (-) TimerEvent: {}
[19.683000] (-) TimerEvent: {}
[19.768286] (quadruped_control) StderrLine: {'line': b'\x1b[01m\x1b[K/home/jonnydang2004/QUADRAPED/src/quadruped_control/src/motor_config.cpp:\x1b[m\x1b[K In constructor \xe2\x80\x98\x1b[01m\x1b[KMotorConfig::MotorConfig()\x1b[m\x1b[K\xe2\x80\x99:\n'}
[19.768777] (quadruped_control) StderrLine: {'line': b'\x1b[01m\x1b[K/home/jonnydang2004/QUADRAPED/src/quadruped_control/src/motor_config.cpp:43:30:\x1b[m\x1b[K \x1b[01;31m\x1b[Kerror: \x1b[m\x1b[Kno match for \xe2\x80\x98\x1b[01m\x1b[Koperator=\x1b[m\x1b[K\xe2\x80\x99 (operand types are \xe2\x80\x98\x1b[01m\x1b[Kstd::array<std::array<int, 4>, 2>\x1b[m\x1b[K\xe2\x80\x99 and \xe2\x80\x98\x1b[01m\x1b[K<brace-enclosed initializer list>\x1b[m\x1b[K\xe2\x80\x99)\n'}
[19.768980] (quadruped_control) StderrLine: {'line': b'   43 |                 {12, 8, 0, 4}\x1b[01;31m\x1b[K}\x1b[m\x1b[K;\n'}
[19.769137] (quadruped_control) StderrLine: {'line': b'      |                              \x1b[01;31m\x1b[K^\x1b[m\x1b[K\n'}
[19.770207] (quadruped_control) StderrLine: {'line': b'In file included from \x1b[01m\x1b[K/usr/include/c++/11/tuple:39\x1b[m\x1b[K,\n'}
[19.770510] (quadruped_control) StderrLine: {'line': b'                 from \x1b[01m\x1b[K/usr/include/c++/11/bits/unique_ptr.h:37\x1b[m\x1b[K,\n'}
[19.770770] (quadruped_control) StderrLine: {'line': b'                 from \x1b[01m\x1b[K/usr/include/c++/11/memory:76\x1b[m\x1b[K,\n'}
[19.770990] (quadruped_control) StderrLine: {'line': b'                 from \x1b[01m\x1b[K/opt/ros/iron/include/rclcpp/rclcpp/rclcpp.hpp:165\x1b[m\x1b[K,\n'}
[19.771165] (quadruped_control) StderrLine: {'line': b'                 from \x1b[01m\x1b[K/home/jonnydang2004/QUADRAPED/src/quadruped_control/src/motor_config.cpp:1\x1b[m\x1b[K:\n'}
[19.771329] (quadruped_control) StderrLine: {'line': b'\x1b[01m\x1b[K/usr/include/c++/11/array:95:12:\x1b[m\x1b[K \x1b[01;36m\x1b[Knote: \x1b[m\x1b[Kcandidate: \xe2\x80\x98\x1b[01m\x1b[Kconstexpr std::array<std::array<int, 4>, 2>& std::array<std::array<int, 4>, 2>::operator=(const std::array<std::array<int, 4>, 2>&)\x1b[m\x1b[K\xe2\x80\x99\n'}
[19.771503] (quadruped_control) StderrLine: {'line': b'   95 |     struct \x1b[01;36m\x1b[Karray\x1b[m\x1b[K\n'}
[19.771768] (quadruped_control) StderrLine: {'line': b'      |            \x1b[01;36m\x1b[K^~~~~\x1b[m\x1b[K\n'}
[19.772160] (quadruped_control) StderrLine: {'line': b'\x1b[01m\x1b[K/usr/include/c++/11/array:95:12:\x1b[m\x1b[K \x1b[01;36m\x1b[Knote: \x1b[m\x1b[K  no known conversion for argument 1 from \xe2\x80\x98\x1b[01m\x1b[K<brace-enclosed initializer list>\x1b[m\x1b[K\xe2\x80\x99 to \xe2\x80\x98\x1b[01m\x1b[Kconst std::array<std::array<int, 4>, 2>&\x1b[m\x1b[K\xe2\x80\x99\n'}
[19.772321] (quadruped_control) StderrLine: {'line': b'\x1b[01m\x1b[K/usr/include/c++/11/array:95:12:\x1b[m\x1b[K \x1b[01;36m\x1b[Knote: \x1b[m\x1b[Kcandidate: \xe2\x80\x98\x1b[01m\x1b[Kconstexpr std::array<std::array<int, 4>, 2>& std::array<std::array<int, 4>, 2>::operator=(std::array<std::array<int, 4>, 2>&&)\x1b[m\x1b[K\xe2\x80\x99\n'}
[19.772419] (quadruped_control) StderrLine: {'line': b'\x1b[01m\x1b[K/usr/include/c++/11/array:95:12:\x1b[m\x1b[K \x1b[01;36m\x1b[Knote: \x1b[m\x1b[K  no known conversion for argument 1 from \xe2\x80\x98\x1b[01m\x1b[K<brace-enclosed initializer list>\x1b[m\x1b[K\xe2\x80\x99 to \xe2\x80\x98\x1b[01m\x1b[Kstd::array<std::array<int, 4>, 2>&&\x1b[m\x1b[K\xe2\x80\x99\n'}
[19.783158] (-) TimerEvent: {}
[19.794669] (quadruped_control) StderrLine: {'line': b'\x1b[01m\x1b[K/home/jonnydang2004/QUADRAPED/src/quadruped_control/src/motor_config.cpp:48:9:\x1b[m\x1b[K \x1b[01;31m\x1b[Kerror: \x1b[m\x1b[K\xe2\x80\x98\x1b[01m\x1b[Kfront_left_upper_servo\x1b[m\x1b[K\xe2\x80\x99 was not declared in this scope; did you mean \xe2\x80\x98\x1b[01m\x1b[Kfront_left_upper\x1b[m\x1b[K\xe2\x80\x99?\n'}
[19.795101] (quadruped_control) StderrLine: {'line': b'   48 |         \x1b[01;31m\x1b[Kfront_left_upper_servo\x1b[m\x1b[K = new Servo(front_left_upper);\n'}
[19.795358] (quadruped_control) StderrLine: {'line': b'      |         \x1b[01;31m\x1b[K^~~~~~~~~~~~~~~~~~~~~~\x1b[m\x1b[K\n'}
[19.795570] (quadruped_control) StderrLine: {'line': b'      |         \x1b[32m\x1b[Kfront_left_upper\x1b[m\x1b[K\n'}
[19.826311] (quadruped_control) StderrLine: {'line': b'\x1b[01m\x1b[K/home/jonnydang2004/QUADRAPED/src/quadruped_control/src/motor_config.cpp:49:9:\x1b[m\x1b[K \x1b[01;31m\x1b[Kerror: \x1b[m\x1b[K\xe2\x80\x98\x1b[01m\x1b[Kfront_left_lower_servo\x1b[m\x1b[K\xe2\x80\x99 was not declared in this scope; did you mean \xe2\x80\x98\x1b[01m\x1b[Kfront_left_lower\x1b[m\x1b[K\xe2\x80\x99?\n'}
[19.826760] (quadruped_control) StderrLine: {'line': b'   49 |         \x1b[01;31m\x1b[Kfront_left_lower_servo\x1b[m\x1b[K = new Servo(front_left_lower);\n'}
[19.826976] (quadruped_control) StderrLine: {'line': b'      |         \x1b[01;31m\x1b[K^~~~~~~~~~~~~~~~~~~~~~\x1b[m\x1b[K\n'}
[19.827160] (quadruped_control) StderrLine: {'line': b'      |         \x1b[32m\x1b[Kfront_left_lower\x1b[m\x1b[K\n'}
[19.851737] (quadruped_control) StderrLine: {'line': b'\x1b[01m\x1b[K/home/jonnydang2004/QUADRAPED/src/quadruped_control/src/motor_config.cpp:51:9:\x1b[m\x1b[K \x1b[01;31m\x1b[Kerror: \x1b[m\x1b[K\xe2\x80\x98\x1b[01m\x1b[Kfront_right_upper_servo\x1b[m\x1b[K\xe2\x80\x99 was not declared in this scope; did you mean \xe2\x80\x98\x1b[01m\x1b[Kfront_right_upper\x1b[m\x1b[K\xe2\x80\x99?\n'}
[19.852157] (quadruped_control) StderrLine: {'line': b'   51 |         \x1b[01;31m\x1b[Kfront_right_upper_servo\x1b[m\x1b[K = new Servo(front_right_upper);\n'}
[19.852393] (quadruped_control) StderrLine: {'line': b'      |         \x1b[01;31m\x1b[K^~~~~~~~~~~~~~~~~~~~~~~\x1b[m\x1b[K\n'}
[19.852689] (quadruped_control) StderrLine: {'line': b'      |         \x1b[32m\x1b[Kfront_right_upper\x1b[m\x1b[K\n'}
[19.871409] (quadruped_control) StderrLine: {'line': b'\x1b[01m\x1b[K/home/jonnydang2004/QUADRAPED/src/quadruped_control/src/motor_config.cpp:52:9:\x1b[m\x1b[K \x1b[01;31m\x1b[Kerror: \x1b[m\x1b[K\xe2\x80\x98\x1b[01m\x1b[Kfront_right_lower_servo\x1b[m\x1b[K\xe2\x80\x99 was not declared in this scope; did you mean \xe2\x80\x98\x1b[01m\x1b[Kfront_right_lower\x1b[m\x1b[K\xe2\x80\x99?\n'}
[19.871961] (quadruped_control) StderrLine: {'line': b'   52 |         \x1b[01;31m\x1b[Kfront_right_lower_servo\x1b[m\x1b[K = new Servo(front_right_lower);\n'}
[19.872173] (quadruped_control) StderrLine: {'line': b'      |         \x1b[01;31m\x1b[K^~~~~~~~~~~~~~~~~~~~~~~\x1b[m\x1b[K\n'}
[19.872334] (quadruped_control) StderrLine: {'line': b'      |         \x1b[32m\x1b[Kfront_right_lower\x1b[m\x1b[K\n'}
[19.883316] (-) TimerEvent: {}
[19.889842] (quadruped_control) StderrLine: {'line': b'\x1b[01m\x1b[K/home/jonnydang2004/QUADRAPED/src/quadruped_control/src/motor_config.cpp:54:9:\x1b[m\x1b[K \x1b[01;31m\x1b[Kerror: \x1b[m\x1b[K\xe2\x80\x98\x1b[01m\x1b[Kback_left_upper_servo\x1b[m\x1b[K\xe2\x80\x99 was not declared in this scope; did you mean \xe2\x80\x98\x1b[01m\x1b[Kback_left_upper\x1b[m\x1b[K\xe2\x80\x99?\n'}
[19.890574] (quadruped_control) StderrLine: {'line': b'   54 |         \x1b[01;31m\x1b[Kback_left_upper_servo\x1b[m\x1b[K = new Servo(back_left_upper);\n'}
[19.890872] (quadruped_control) StderrLine: {'line': b'      |         \x1b[01;31m\x1b[K^~~~~~~~~~~~~~~~~~~~~\x1b[m\x1b[K\n'}
[19.891059] (quadruped_control) StderrLine: {'line': b'      |         \x1b[32m\x1b[Kback_left_upper\x1b[m\x1b[K\n'}
[19.921661] (quadruped_control) StderrLine: {'line': b'\x1b[01m\x1b[K/home/jonnydang2004/QUADRAPED/src/quadruped_control/src/motor_config.cpp:55:9:\x1b[m\x1b[K \x1b[01;31m\x1b[Kerror: \x1b[m\x1b[K\xe2\x80\x98\x1b[01m\x1b[Kback_left_lower_servo\x1b[m\x1b[K\xe2\x80\x99 was not declared in this scope; did you mean \xe2\x80\x98\x1b[01m\x1b[Kback_left_lower\x1b[m\x1b[K\xe2\x80\x99?\n'}
[19.922046] (quadruped_control) StderrLine: {'line': b'   55 |         \x1b[01;31m\x1b[Kback_left_lower_servo\x1b[m\x1b[K = new Servo(back_left_lower);\n'}
[19.922239] (quadruped_control) StderrLine: {'line': b'      |         \x1b[01;31m\x1b[K^~~~~~~~~~~~~~~~~~~~~\x1b[m\x1b[K\n'}
[19.922406] (quadruped_control) StderrLine: {'line': b'      |         \x1b[32m\x1b[Kback_left_lower\x1b[m\x1b[K\n'}
[19.939311] (quadruped_control) StderrLine: {'line': b'\x1b[01m\x1b[K/home/jonnydang2004/QUADRAPED/src/quadruped_control/src/motor_config.cpp:57:9:\x1b[m\x1b[K \x1b[01;31m\x1b[Kerror: \x1b[m\x1b[K\xe2\x80\x98\x1b[01m\x1b[Kback_right_upper_servo\x1b[m\x1b[K\xe2\x80\x99 was not declared in this scope; did you mean \xe2\x80\x98\x1b[01m\x1b[Kback_right_upper\x1b[m\x1b[K\xe2\x80\x99?\n'}
[19.939736] (quadruped_control) StderrLine: {'line': b'   57 |         \x1b[01;31m\x1b[Kback_right_upper_servo\x1b[m\x1b[K = new Servo(back_right_upper);\n'}
[19.940031] (quadruped_control) StderrLine: {'line': b'      |         \x1b[01;31m\x1b[K^~~~~~~~~~~~~~~~~~~~~~\x1b[m\x1b[K\n'}
[19.940223] (quadruped_control) StderrLine: {'line': b'      |         \x1b[32m\x1b[Kback_right_upper\x1b[m\x1b[K\n'}
[19.958377] (quadruped_control) StderrLine: {'line': b'\x1b[01m\x1b[K/home/jonnydang2004/QUADRAPED/src/quadruped_control/src/motor_config.cpp:58:9:\x1b[m\x1b[K \x1b[01;31m\x1b[Kerror: \x1b[m\x1b[K\xe2\x80\x98\x1b[01m\x1b[Kback_right_lower_servo\x1b[m\x1b[K\xe2\x80\x99 was not declared in this scope; did you mean \xe2\x80\x98\x1b[01m\x1b[Kback_right_lower\x1b[m\x1b[K\xe2\x80\x99?\n'}
[19.959072] (quadruped_control) StderrLine: {'line': b'   58 |         \x1b[01;31m\x1b[Kback_right_lower_servo\x1b[m\x1b[K = new Servo(back_right_lower);\n'}
[19.959379] (quadruped_control) StderrLine: {'line': b'      |         \x1b[01;31m\x1b[K^~~~~~~~~~~~~~~~~~~~~~\x1b[m\x1b[K\n'}
[19.959694] (quadruped_control) StderrLine: {'line': b'      |         \x1b[32m\x1b[Kback_right_lower\x1b[m\x1b[K\n'}
[19.959960] (quadruped_control) StderrLine: {'line': b'\x1b[01m\x1b[K/home/jonnydang2004/QUADRAPED/src/quadruped_control/src/motor_config.cpp:60:129:\x1b[m\x1b[K \x1b[01;31m\x1b[Kerror: \x1b[m\x1b[Kno match for \xe2\x80\x98\x1b[01m\x1b[Koperator=\x1b[m\x1b[K\xe2\x80\x99 (operand types are \xe2\x80\x98\x1b[01m\x1b[Kstd::vector<Servo>\x1b[m\x1b[K\xe2\x80\x99 and \xe2\x80\x98\x1b[01m\x1b[K<brace-enclosed initializer list>\x1b[m\x1b[K\xe2\x80\x99)\n'}
[19.960224] (quadruped_control) StderrLine: {'line': b'   60 |         right_leg_servo_list = {front_right_upper_servo, front_right_lower_servo, back_right_upper_servo, back_right_lower_servo\x1b[01;31m\x1b[K}\x1b[m\x1b[K;\n'}
[19.960416] (quadruped_control) StderrLine: {'line': b'      |                                                                                                                                 \x1b[01;31m\x1b[K^\x1b[m\x1b[K\n'}
[19.967371] (quadruped_control) StderrLine: {'line': b'In file included from \x1b[01m\x1b[K/usr/include/c++/11/vector:72\x1b[m\x1b[K,\n'}
[19.968313] (quadruped_control) StderrLine: {'line': b'                 from \x1b[01m\x1b[K/usr/include/c++/11/functional:62\x1b[m\x1b[K,\n'}
[19.968532] (quadruped_control) StderrLine: {'line': b'                 from \x1b[01m\x1b[K/usr/include/c++/11/pstl/glue_algorithm_defs.h:13\x1b[m\x1b[K,\n'}
[19.968782] (quadruped_control) StderrLine: {'line': b'                 from \x1b[01m\x1b[K/usr/include/c++/11/algorithm:74\x1b[m\x1b[K,\n'}
[19.968951] (quadruped_control) StderrLine: {'line': b'                 from \x1b[01m\x1b[K/opt/ros/iron/include/rclcpp/rclcpp/executor.hpp:18\x1b[m\x1b[K,\n'}
[19.969104] (quadruped_control) StderrLine: {'line': b'                 from \x1b[01m\x1b[K/opt/ros/iron/include/rclcpp/rclcpp/executors/multi_threaded_executor.hpp:25\x1b[m\x1b[K,\n'}
[19.969239] (quadruped_control) StderrLine: {'line': b'                 from \x1b[01m\x1b[K/opt/ros/iron/include/rclcpp/rclcpp/executors.hpp:21\x1b[m\x1b[K,\n'}
[19.969377] (quadruped_control) StderrLine: {'line': b'                 from \x1b[01m\x1b[K/opt/ros/iron/include/rclcpp/rclcpp/rclcpp.hpp:167\x1b[m\x1b[K,\n'}
[19.969515] (quadruped_control) StderrLine: {'line': b'                 from \x1b[01m\x1b[K/home/jonnydang2004/QUADRAPED/src/quadruped_control/src/motor_config.cpp:1\x1b[m\x1b[K:\n'}
[19.969713] (quadruped_control) StderrLine: {'line': b'\x1b[01m\x1b[K/usr/include/c++/11/bits/vector.tcc:198:5:\x1b[m\x1b[K \x1b[01;36m\x1b[Knote: \x1b[m\x1b[Kcandidate: \xe2\x80\x98\x1b[01m\x1b[Kstd::vector<_Tp, _Alloc>& std::vector<_Tp, _Alloc>::operator=(const std::vector<_Tp, _Alloc>&) [with _Tp = Servo; _Alloc = std::allocator<Servo>]\x1b[m\x1b[K\xe2\x80\x99\n'}
[19.969894] (quadruped_control) StderrLine: {'line': b'  198 |     \x1b[01;36m\x1b[Kvector<_Tp, _Alloc>\x1b[m\x1b[K::\n'}
[19.970039] (quadruped_control) StderrLine: {'line': b'      |     \x1b[01;36m\x1b[K^~~~~~~~~~~~~~~~~~~\x1b[m\x1b[K\n'}
[19.970177] (quadruped_control) StderrLine: {'line': b'\x1b[01m\x1b[K/usr/include/c++/11/bits/vector.tcc:199:42:\x1b[m\x1b[K \x1b[01;36m\x1b[Knote: \x1b[m\x1b[K  no known conversion for argument 1 from \xe2\x80\x98\x1b[01m\x1b[K<brace-enclosed initializer list>\x1b[m\x1b[K\xe2\x80\x99 to \xe2\x80\x98\x1b[01m\x1b[Kconst std::vector<Servo>&\x1b[m\x1b[K\xe2\x80\x99\n'}
[19.970320] (quadruped_control) StderrLine: {'line': b'  199 |     operator=(\x1b[01;36m\x1b[Kconst vector<_Tp, _Alloc>& __x\x1b[m\x1b[K)\n'}
[19.970469] (quadruped_control) StderrLine: {'line': b'      |               \x1b[01;36m\x1b[K~~~~~~~~~~~~~~~~~~~~~~~~~~~^~~\x1b[m\x1b[K\n'}
[19.970694] (quadruped_control) StderrLine: {'line': b'In file included from \x1b[01m\x1b[K/usr/include/c++/11/vector:67\x1b[m\x1b[K,\n'}
[19.970868] (quadruped_control) StderrLine: {'line': b'                 from \x1b[01m\x1b[K/usr/include/c++/11/functional:62\x1b[m\x1b[K,\n'}
[19.972738] (quadruped_control) StderrLine: {'line': b'                 from \x1b[01m\x1b[K/usr/include/c++/11/pstl/glue_algorithm_defs.h:13\x1b[m\x1b[K,\n'}
[19.973047] (quadruped_control) StderrLine: {'line': b'                 from \x1b[01m\x1b[K/usr/include/c++/11/algorithm:74\x1b[m\x1b[K,\n'}
[19.973500] (quadruped_control) StderrLine: {'line': b'                 from \x1b[01m\x1b[K/opt/ros/iron/include/rclcpp/rclcpp/executor.hpp:18\x1b[m\x1b[K,\n'}
[19.973825] (quadruped_control) StderrLine: {'line': b'                 from \x1b[01m\x1b[K/opt/ros/iron/include/rclcpp/rclcpp/executors/multi_threaded_executor.hpp:25\x1b[m\x1b[K,\n'}
[19.973992] (quadruped_control) StderrLine: {'line': b'                 from \x1b[01m\x1b[K/opt/ros/iron/include/rclcpp/rclcpp/executors.hpp:21\x1b[m\x1b[K,\n'}
[19.974147] (quadruped_control) StderrLine: {'line': b'                 from \x1b[01m\x1b[K/opt/ros/iron/include/rclcpp/rclcpp/rclcpp.hpp:167\x1b[m\x1b[K,\n'}
[19.974292] (quadruped_control) StderrLine: {'line': b'                 from \x1b[01m\x1b[K/home/jonnydang2004/QUADRAPED/src/quadruped_control/src/motor_config.cpp:1\x1b[m\x1b[K:\n'}
[19.974435] (quadruped_control) StderrLine: {'line': b'\x1b[01m\x1b[K/usr/include/c++/11/bits/stl_vector.h:709:7:\x1b[m\x1b[K \x1b[01;36m\x1b[Knote: \x1b[m\x1b[Kcandidate: \xe2\x80\x98\x1b[01m\x1b[Kstd::vector<_Tp, _Alloc>& std::vector<_Tp, _Alloc>::operator=(std::vector<_Tp, _Alloc>&&) [with _Tp = Servo; _Alloc = std::allocator<Servo>]\x1b[m\x1b[K\xe2\x80\x99\n'}
[19.974574] (quadruped_control) StderrLine: {'line': b'  709 |       \x1b[01;36m\x1b[Koperator\x1b[m\x1b[K=(vector&& __x) noexcept(_Alloc_traits::_S_nothrow_move())\n'}
[19.974935] (quadruped_control) StderrLine: {'line': b'      |       \x1b[01;36m\x1b[K^~~~~~~~\x1b[m\x1b[K\n'}
[19.975088] (quadruped_control) StderrLine: {'line': b'\x1b[01m\x1b[K/usr/include/c++/11/bits/stl_vector.h:709:26:\x1b[m\x1b[K \x1b[01;36m\x1b[Knote: \x1b[m\x1b[K  no known conversion for argument 1 from \xe2\x80\x98\x1b[01m\x1b[K<brace-enclosed initializer list>\x1b[m\x1b[K\xe2\x80\x99 to \xe2\x80\x98\x1b[01m\x1b[Kstd::vector<Servo>&&\x1b[m\x1b[K\xe2\x80\x99\n'}
[19.975231] (quadruped_control) StderrLine: {'line': b'  709 |       operator=(\x1b[01;36m\x1b[Kvector&& __x\x1b[m\x1b[K) noexcept(_Alloc_traits::_S_nothrow_move())\n'}
[19.975367] (quadruped_control) StderrLine: {'line': b'      |                 \x1b[01;36m\x1b[K~~~~~~~~~^~~\x1b[m\x1b[K\n'}
[19.975499] (quadruped_control) StderrLine: {'line': b'\x1b[01m\x1b[K/usr/include/c++/11/bits/stl_vector.h:730:7:\x1b[m\x1b[K \x1b[01;36m\x1b[Knote: \x1b[m\x1b[Kcandidate: \xe2\x80\x98\x1b[01m\x1b[Kstd::vector<_Tp, _Alloc>& std::vector<_Tp, _Alloc>::operator=(std::initializer_list<_Tp>) [with _Tp = Servo; _Alloc = std::allocator<Servo>]\x1b[m\x1b[K\xe2\x80\x99\n'}
[19.975689] (quadruped_control) StderrLine: {'line': b'  730 |       \x1b[01;36m\x1b[Koperator\x1b[m\x1b[K=(initializer_list<value_type> __l)\n'}
[19.975907] (quadruped_control) StderrLine: {'line': b'      |       \x1b[01;36m\x1b[K^~~~~~~~\x1b[m\x1b[K\n'}
[19.976067] (quadruped_control) StderrLine: {'line': b'\x1b[01m\x1b[K/usr/include/c++/11/bits/stl_vector.h:730:46:\x1b[m\x1b[K \x1b[01;36m\x1b[Knote: \x1b[m\x1b[K  no known conversion for argument 1 from \xe2\x80\x98\x1b[01m\x1b[K<brace-enclosed initializer list>\x1b[m\x1b[K\xe2\x80\x99 to \xe2\x80\x98\x1b[01m\x1b[Kstd::initializer_list<Servo>\x1b[m\x1b[K\xe2\x80\x99\n'}
[19.976226] (quadruped_control) StderrLine: {'line': b'  730 |       operator=(\x1b[01;36m\x1b[Kinitializer_list<value_type> __l\x1b[m\x1b[K)\n'}
[19.976376] (quadruped_control) StderrLine: {'line': b'      |                 \x1b[01;36m\x1b[K~~~~~~~~~~~~~~~~~~~~~~~~~~~~~^~~\x1b[m\x1b[K\n'}
[19.976518] (quadruped_control) StderrLine: {'line': b'\x1b[01m\x1b[K/home/jonnydang2004/QUADRAPED/src/quadruped_control/src/motor_config.cpp:61:125:\x1b[m\x1b[K \x1b[01;31m\x1b[Kerror: \x1b[m\x1b[Kno match for \xe2\x80\x98\x1b[01m\x1b[Koperator=\x1b[m\x1b[K\xe2\x80\x99 (operand types are \xe2\x80\x98\x1b[01m\x1b[Kstd::vector<Servo>\x1b[m\x1b[K\xe2\x80\x99 and \xe2\x80\x98\x1b[01m\x1b[K<brace-enclosed initializer list>\x1b[m\x1b[K\xe2\x80\x99)\n'}
[19.976732] (quadruped_control) StderrLine: {'line': b'   61 |         left_leg_servos_list = {front_left_upper_servo, front_left_lower_servo, back_left_upper_servo, back_left_lower_servo\x1b[01;31m\x1b[K}\x1b[m\x1b[K;\n'}
[19.976937] (quadruped_control) StderrLine: {'line': b'      |                                                                                                                             \x1b[01;31m\x1b[K^\x1b[m\x1b[K\n'}
[19.977092] (quadruped_control) StderrLine: {'line': b'In file included from \x1b[01m\x1b[K/usr/include/c++/11/vector:72\x1b[m\x1b[K,\n'}
[19.977236] (quadruped_control) StderrLine: {'line': b'                 from \x1b[01m\x1b[K/usr/include/c++/11/functional:62\x1b[m\x1b[K,\n'}
[19.977391] (quadruped_control) StderrLine: {'line': b'                 from \x1b[01m\x1b[K/usr/include/c++/11/pstl/glue_algorithm_defs.h:13\x1b[m\x1b[K,\n'}
[19.977575] (quadruped_control) StderrLine: {'line': b'                 from \x1b[01m\x1b[K/usr/include/c++/11/algorithm:74\x1b[m\x1b[K,\n'}
[19.977792] (quadruped_control) StderrLine: {'line': b'                 from \x1b[01m\x1b[K/opt/ros/iron/include/rclcpp/rclcpp/executor.hpp:18\x1b[m\x1b[K,\n'}
[19.977951] (quadruped_control) StderrLine: {'line': b'                 from \x1b[01m\x1b[K/opt/ros/iron/include/rclcpp/rclcpp/executors/multi_threaded_executor.hpp:25\x1b[m\x1b[K,\n'}
[19.978096] (quadruped_control) StderrLine: {'line': b'                 from \x1b[01m\x1b[K/opt/ros/iron/include/rclcpp/rclcpp/executors.hpp:21\x1b[m\x1b[K,\n'}
[19.978239] (quadruped_control) StderrLine: {'line': b'                 from \x1b[01m\x1b[K/opt/ros/iron/include/rclcpp/rclcpp/rclcpp.hpp:167\x1b[m\x1b[K,\n'}
[19.978386] (quadruped_control) StderrLine: {'line': b'                 from \x1b[01m\x1b[K/home/jonnydang2004/QUADRAPED/src/quadruped_control/src/motor_config.cpp:1\x1b[m\x1b[K:\n'}
[19.978541] (quadruped_control) StderrLine: {'line': b'\x1b[01m\x1b[K/usr/include/c++/11/bits/vector.tcc:198:5:\x1b[m\x1b[K \x1b[01;36m\x1b[Knote: \x1b[m\x1b[Kcandidate: \xe2\x80\x98\x1b[01m\x1b[Kstd::vector<_Tp, _Alloc>& std::vector<_Tp, _Alloc>::operator=(const std::vector<_Tp, _Alloc>&) [with _Tp = Servo; _Alloc = std::allocator<Servo>]\x1b[m\x1b[K\xe2\x80\x99\n'}
[19.978758] (quadruped_control) StderrLine: {'line': b'  198 |     \x1b[01;36m\x1b[Kvector<_Tp, _Alloc>\x1b[m\x1b[K::\n'}
[19.978925] (quadruped_control) StderrLine: {'line': b'      |     \x1b[01;36m\x1b[K^~~~~~~~~~~~~~~~~~~\x1b[m\x1b[K\n'}
[19.979084] (quadruped_control) StderrLine: {'line': b'\x1b[01m\x1b[K/usr/include/c++/11/bits/vector.tcc:199:42:\x1b[m\x1b[K \x1b[01;36m\x1b[Knote: \x1b[m\x1b[K  no known conversion for argument 1 from \xe2\x80\x98\x1b[01m\x1b[K<brace-enclosed initializer list>\x1b[m\x1b[K\xe2\x80\x99 to \xe2\x80\x98\x1b[01m\x1b[Kconst std::vector<Servo>&\x1b[m\x1b[K\xe2\x80\x99\n'}
[19.979257] (quadruped_control) StderrLine: {'line': b'  199 |     operator=(\x1b[01;36m\x1b[Kconst vector<_Tp, _Alloc>& __x\x1b[m\x1b[K)\n'}
[19.979411] (quadruped_control) StderrLine: {'line': b'      |               \x1b[01;36m\x1b[K~~~~~~~~~~~~~~~~~~~~~~~~~~~^~~\x1b[m\x1b[K\n'}
[19.979561] (quadruped_control) StderrLine: {'line': b'In file included from \x1b[01m\x1b[K/usr/include/c++/11/vector:67\x1b[m\x1b[K,\n'}
[19.979789] (quadruped_control) StderrLine: {'line': b'                 from \x1b[01m\x1b[K/usr/include/c++/11/functional:62\x1b[m\x1b[K,\n'}
[19.979960] (quadruped_control) StderrLine: {'line': b'                 from \x1b[01m\x1b[K/usr/include/c++/11/pstl/glue_algorithm_defs.h:13\x1b[m\x1b[K,\n'}
[19.980117] (quadruped_control) StderrLine: {'line': b'                 from \x1b[01m\x1b[K/usr/include/c++/11/algorithm:74\x1b[m\x1b[K,\n'}
[19.980292] (quadruped_control) StderrLine: {'line': b'                 from \x1b[01m\x1b[K/opt/ros/iron/include/rclcpp/rclcpp/executor.hpp:18\x1b[m\x1b[K,\n'}
[19.980461] (quadruped_control) StderrLine: {'line': b'                 from \x1b[01m\x1b[K/opt/ros/iron/include/rclcpp/rclcpp/executors/multi_threaded_executor.hpp:25\x1b[m\x1b[K,\n'}
[19.980686] (quadruped_control) StderrLine: {'line': b'                 from \x1b[01m\x1b[K/opt/ros/iron/include/rclcpp/rclcpp/executors.hpp:21\x1b[m\x1b[K,\n'}
[19.980884] (quadruped_control) StderrLine: {'line': b'                 from \x1b[01m\x1b[K/opt/ros/iron/include/rclcpp/rclcpp/rclcpp.hpp:167\x1b[m\x1b[K,\n'}
[19.981060] (quadruped_control) StderrLine: {'line': b'                 from \x1b[01m\x1b[K/home/jonnydang2004/QUADRAPED/src/quadruped_control/src/motor_config.cpp:1\x1b[m\x1b[K:\n'}
[19.981235] (quadruped_control) StderrLine: {'line': b'\x1b[01m\x1b[K/usr/include/c++/11/bits/stl_vector.h:709:7:\x1b[m\x1b[K \x1b[01;36m\x1b[Knote: \x1b[m\x1b[Kcandidate: \xe2\x80\x98\x1b[01m\x1b[Kstd::vector<_Tp, _Alloc>& std::vector<_Tp, _Alloc>::operator=(std::vector<_Tp, _Alloc>&&) [with _Tp = Servo; _Alloc = std::allocator<Servo>]\x1b[m\x1b[K\xe2\x80\x99\n'}
[19.981417] (quadruped_control) StderrLine: {'line': b'  709 |       \x1b[01;36m\x1b[Koperator\x1b[m\x1b[K=(vector&& __x) noexcept(_Alloc_traits::_S_nothrow_move())\n'}
[19.981603] (quadruped_control) StderrLine: {'line': b'      |       \x1b[01;36m\x1b[K^~~~~~~~\x1b[m\x1b[K\n'}
[19.981844] (quadruped_control) StderrLine: {'line': b'\x1b[01m\x1b[K/usr/include/c++/11/bits/stl_vector.h:709:26:\x1b[m\x1b[K \x1b[01;36m\x1b[Knote: \x1b[m\x1b[K  no known conversion for argument 1 from \xe2\x80\x98\x1b[01m\x1b[K<brace-enclosed initializer list>\x1b[m\x1b[K\xe2\x80\x99 to \xe2\x80\x98\x1b[01m\x1b[Kstd::vector<Servo>&&\x1b[m\x1b[K\xe2\x80\x99\n'}
[19.982071] (quadruped_control) StderrLine: {'line': b'  709 |       operator=(\x1b[01;36m\x1b[Kvector&& __x\x1b[m\x1b[K) noexcept(_Alloc_traits::_S_nothrow_move())\n'}
[19.982306] (quadruped_control) StderrLine: {'line': b'      |                 \x1b[01;36m\x1b[K~~~~~~~~~^~~\x1b[m\x1b[K\n'}
[19.982513] (quadruped_control) StderrLine: {'line': b'\x1b[01m\x1b[K/usr/include/c++/11/bits/stl_vector.h:730:7:\x1b[m\x1b[K \x1b[01;36m\x1b[Knote: \x1b[m\x1b[Kcandidate: \xe2\x80\x98\x1b[01m\x1b[Kstd::vector<_Tp, _Alloc>& std::vector<_Tp, _Alloc>::operator=(std::initializer_list<_Tp>) [with _Tp = Servo; _Alloc = std::allocator<Servo>]\x1b[m\x1b[K\xe2\x80\x99\n'}
[19.982748] (quadruped_control) StderrLine: {'line': b'  730 |       \x1b[01;36m\x1b[Koperator\x1b[m\x1b[K=(initializer_list<value_type> __l)\n'}
[19.982936] (quadruped_control) StderrLine: {'line': b'      |       \x1b[01;36m\x1b[K^~~~~~~~\x1b[m\x1b[K\n'}
[19.983109] (quadruped_control) StderrLine: {'line': b'\x1b[01m\x1b[K/usr/include/c++/11/bits/stl_vector.h:730:46:\x1b[m\x1b[K \x1b[01;36m\x1b[Knote: \x1b[m\x1b[K  no known conversion for argument 1 from \xe2\x80\x98\x1b[01m\x1b[K<brace-enclosed initializer list>\x1b[m\x1b[K\xe2\x80\x99 to \xe2\x80\x98\x1b[01m\x1b[Kstd::initializer_list<Servo>\x1b[m\x1b[K\xe2\x80\x99\n'}
[19.983285] (quadruped_control) StderrLine: {'line': b'  730 |       operator=(\x1b[01;36m\x1b[Kinitializer_list<value_type> __l\x1b[m\x1b[K)\n'}
[19.983442] (-) TimerEvent: {}
[19.984211] (quadruped_control) StderrLine: {'line': b'      |                 \x1b[01;36m\x1b[K~~~~~~~~~~~~~~~~~~~~~~~~~~~~~^~~\x1b[m\x1b[K\n'}
[19.990715] (quadruped_control) StderrLine: {'line': b'\x1b[01m\x1b[K/home/jonnydang2004/QUADRAPED/src/quadruped_control/src/motor_config.cpp:63:9:\x1b[m\x1b[K \x1b[01;31m\x1b[Kerror: \x1b[m\x1b[K\xe2\x80\x98\x1b[01m\x1b[Kupper_servos\x1b[m\x1b[K\xe2\x80\x99 was not declared in this scope\n'}
[19.991034] (quadruped_control) StderrLine: {'line': b'   63 |         \x1b[01;31m\x1b[Kupper_servos\x1b[m\x1b[K = {front_left_upper_servo, front_right_upper_servo, back_left_upper_servo, back_right_upper_servo};\n'}
[19.991369] (quadruped_control) StderrLine: {'line': b'      |         \x1b[01;31m\x1b[K^~~~~~~~~~~~\x1b[m\x1b[K\n'}
[20.019065] (quadruped_control) StderrLine: {'line': b'\x1b[01m\x1b[K/home/jonnydang2004/QUADRAPED/src/quadruped_control/src/motor_config.cpp:64:9:\x1b[m\x1b[K \x1b[01;31m\x1b[Kerror: \x1b[m\x1b[K\xe2\x80\x98\x1b[01m\x1b[Klower_servos\x1b[m\x1b[K\xe2\x80\x99 was not declared in this scope\n'}
[20.019453] (quadruped_control) StderrLine: {'line': b'   64 |         \x1b[01;31m\x1b[Klower_servos\x1b[m\x1b[K = {front_left_lower_servo, front_right_lower_servo, back_left_lower_servo, back_right_lower_servo};\n'}
[20.019674] (quadruped_control) StderrLine: {'line': b'      |         \x1b[01;31m\x1b[K^~~~~~~~~~~~\x1b[m\x1b[K\n'}
[20.052488] (quadruped_control) StderrLine: {'line': b'\x1b[01m\x1b[K/home/jonnydang2004/QUADRAPED/src/quadruped_control/src/motor_config.cpp:68:9:\x1b[m\x1b[K \x1b[01;31m\x1b[Kerror: \x1b[m\x1b[K\xe2\x80\x98\x1b[01m\x1b[Ksubscription_angles_\x1b[m\x1b[K\xe2\x80\x99 was not declared in this scope; did you mean \xe2\x80\x98\x1b[01m\x1b[Ksubscription_\x1b[m\x1b[K\xe2\x80\x99?\n'}
[20.053206] (quadruped_control) StderrLine: {'line': b'   68 |         \x1b[01;31m\x1b[Ksubscription_angles_\x1b[m\x1b[K = this->create_subscription<quadruped_interfaces::msg::Pos>(\n'}
[20.053419] (quadruped_control) StderrLine: {'line': b'      |         \x1b[01;31m\x1b[K^~~~~~~~~~~~~~~~~~~~\x1b[m\x1b[K\n'}
[20.053626] (quadruped_control) StderrLine: {'line': b'      |         \x1b[32m\x1b[Ksubscription_\x1b[m\x1b[K\n'}
[20.061028] (quadruped_control) StderrLine: {'line': b'\x1b[01m\x1b[K/home/jonnydang2004/QUADRAPED/src/quadruped_control/src/motor_config.cpp:69:57:\x1b[m\x1b[K \x1b[01;31m\x1b[Kerror: \x1b[m\x1b[K\xe2\x80\x98\x1b[01m\x1b[Kangles_callback\x1b[m\x1b[K\xe2\x80\x99 is not a member of \xe2\x80\x98\x1b[01m\x1b[KMotorConfig\x1b[m\x1b[K\xe2\x80\x99\n'}
[20.061286] (quadruped_control) StderrLine: {'line': b'   69 |             "joint_angles", 10, std::bind(&MotorConfig::\x1b[01;31m\x1b[Kangles_callback\x1b[m\x1b[K, this, std::placeholders::_1)\n'}
[20.061430] (quadruped_control) StderrLine: {'line': b'      |                                                         \x1b[01;31m\x1b[K^~~~~~~~~~~~~~~\x1b[m\x1b[K\n'}
[20.083695] (-) TimerEvent: {}
[20.139121] (quadruped_control) StderrLine: {'line': b'\x1b[01m\x1b[K/home/jonnydang2004/QUADRAPED/src/quadruped_control/src/motor_config.cpp:\x1b[m\x1b[K In member function \xe2\x80\x98\x1b[01m\x1b[Kvoid MotorConfig::gait_callback(quadruped_interfaces::msg::Pos_<std::allocator<void> >::SharedPtr)\x1b[m\x1b[K\xe2\x80\x99:\n'}
[20.139503] (quadruped_control) StderrLine: {'line': b'\x1b[01m\x1b[K/home/jonnydang2004/QUADRAPED/src/quadruped_control/src/motor_config.cpp:223:24:\x1b[m\x1b[K \x1b[01;31m\x1b[Kerror: \x1b[m\x1b[K\xe2\x80\x98\x1b[01m\x1b[Kupper_servos\x1b[m\x1b[K\xe2\x80\x99 was not declared in this scope\n'}
[20.139743] (quadruped_control) StderrLine: {'line': b'  223 |         move_abs_angle(\x1b[01;31m\x1b[Kupper_servos\x1b[m\x1b[K[leg_num/2], angle1);\n'}
[20.139921] (quadruped_control) StderrLine: {'line': b'      |                        \x1b[01;31m\x1b[K^~~~~~~~~~~~\x1b[m\x1b[K\n'}
[20.158619] (quadruped_control) StderrLine: {'line': b'\x1b[01m\x1b[K/home/jonnydang2004/QUADRAPED/src/quadruped_control/src/motor_config.cpp:224:24:\x1b[m\x1b[K \x1b[01;31m\x1b[Kerror: \x1b[m\x1b[K\xe2\x80\x98\x1b[01m\x1b[Klower_servos\x1b[m\x1b[K\xe2\x80\x99 was not declared in this scope\n'}
[20.158871] (quadruped_control) StderrLine: {'line': b'  224 |         move_abs_angle(\x1b[01;31m\x1b[Klower_servos\x1b[m\x1b[K[leg_num/2], angle2);\n'}
[20.158984] (quadruped_control) StderrLine: {'line': b'      |                        \x1b[01;31m\x1b[K^~~~~~~~~~~~\x1b[m\x1b[K\n'}
[20.183876] (-) TimerEvent: {}
[20.284505] (-) TimerEvent: {}
[20.385128] (-) TimerEvent: {}
[20.485774] (-) TimerEvent: {}
[20.586417] (-) TimerEvent: {}
[20.686920] (-) TimerEvent: {}
[20.787447] (-) TimerEvent: {}
[20.887879] (-) TimerEvent: {}
[20.988311] (-) TimerEvent: {}
[21.088925] (-) TimerEvent: {}
[21.189480] (-) TimerEvent: {}
[21.290007] (-) TimerEvent: {}
[21.390562] (-) TimerEvent: {}
[21.491171] (-) TimerEvent: {}
[21.591771] (-) TimerEvent: {}
[21.692429] (-) TimerEvent: {}
[21.793011] (-) TimerEvent: {}
[21.893581] (-) TimerEvent: {}
[21.994203] (-) TimerEvent: {}
[22.094756] (-) TimerEvent: {}
[22.195385] (-) TimerEvent: {}
[22.295892] (-) TimerEvent: {}
[22.396491] (-) TimerEvent: {}
[22.443978] (quadruped_control) StderrLine: {'line': b'In file included from \x1b[01m\x1b[K/usr/include/c++/11/bits/stl_algobase.h:71\x1b[m\x1b[K,\n'}
[22.444342] (quadruped_control) StderrLine: {'line': b'                 from \x1b[01m\x1b[K/usr/include/c++/11/memory:63\x1b[m\x1b[K,\n'}
[22.444536] (quadruped_control) StderrLine: {'line': b'                 from \x1b[01m\x1b[K/opt/ros/iron/include/rclcpp/rclcpp/rclcpp.hpp:165\x1b[m\x1b[K,\n'}
[22.444701] (quadruped_control) StderrLine: {'line': b'                 from \x1b[01m\x1b[K/home/jonnydang2004/QUADRAPED/src/quadruped_control/src/motor_config.cpp:1\x1b[m\x1b[K:\n'}
[22.444910] (quadruped_control) StderrLine: {'line': b'/usr/include/c++/11/bits/predefined_ops.h: In instantiation of \xe2\x80\x98\x1b[01m\x1b[Kbool __gnu_cxx::__ops::_Iter_equals_val<_Value>::operator()(_Iterator) [with _Iterator = __gnu_cxx::__normal_iterator<Servo*, std::vector<Servo> >; _Value = const Servo]\x1b[m\x1b[K\xe2\x80\x99:\n'}
[22.445076] (quadruped_control) StderrLine: {'line': b'\x1b[01m\x1b[K/usr/include/c++/11/bits/stl_algobase.h:2069:14:\x1b[m\x1b[K   required from \xe2\x80\x98\x1b[01m\x1b[K_RandomAccessIterator std::__find_if(_RandomAccessIterator, _RandomAccessIterator, _Predicate, std::random_access_iterator_tag) [with _RandomAccessIterator = __gnu_cxx::__normal_iterator<Servo*, std::vector<Servo> >; _Predicate = __gnu_cxx::__ops::_Iter_equals_val<const Servo>]\x1b[m\x1b[K\xe2\x80\x99\n'}
[22.445461] (quadruped_control) StderrLine: {'line': b'\x1b[01m\x1b[K/usr/include/c++/11/bits/stl_algobase.h:2114:23:\x1b[m\x1b[K   required from \xe2\x80\x98\x1b[01m\x1b[K_Iterator std::__find_if(_Iterator, _Iterator, _Predicate) [with _Iterator = __gnu_cxx::__normal_iterator<Servo*, std::vector<Servo> >; _Predicate = __gnu_cxx::__ops::_Iter_equals_val<const Servo>]\x1b[m\x1b[K\xe2\x80\x99\n'}
[22.445630] (quadruped_control) StderrLine: {'line': b'\x1b[01m\x1b[K/usr/include/c++/11/bits/stl_algo.h:3884:28:\x1b[m\x1b[K   required from \xe2\x80\x98\x1b[01m\x1b[K_IIter std::find(_IIter, _IIter, const _Tp&) [with _IIter = __gnu_cxx::__normal_iterator<Servo*, std::vector<Servo> >; _Tp = Servo]\x1b[m\x1b[K\xe2\x80\x99\n'}
[22.445826] (quadruped_control) StderrLine: {'line': b'\x1b[01m\x1b[K/home/jonnydang2004/QUADRAPED/src/quadruped_control/src/motor_config.cpp:110:22:\x1b[m\x1b[K   required from here\n'}
[22.446008] (quadruped_control) StderrLine: {'line': b'\x1b[01m\x1b[K/usr/include/c++/11/bits/predefined_ops.h:270:24:\x1b[m\x1b[K \x1b[01;31m\x1b[Kerror: \x1b[m\x1b[Kno match for \xe2\x80\x98\x1b[01m\x1b[Koperator==\x1b[m\x1b[K\xe2\x80\x99 (operand types are \xe2\x80\x98\x1b[01m\x1b[KServo\x1b[m\x1b[K\xe2\x80\x99 and \xe2\x80\x98\x1b[01m\x1b[Kconst Servo\x1b[m\x1b[K\xe2\x80\x99)\n'}
[22.446157] (quadruped_control) StderrLine: {'line': b'  270 |         { return \x1b[01;31m\x1b[K*__it == _M_value\x1b[m\x1b[K; }\n'}
[22.446294] (quadruped_control) StderrLine: {'line': b'      |                  \x1b[01;31m\x1b[K~~~~~~^~~~~~~~~~~\x1b[m\x1b[K\n'}
[22.446785] (quadruped_control) StderrLine: {'line': b'In file included from \x1b[01m\x1b[K/usr/include/c++/11/bits/stl_algobase.h:67\x1b[m\x1b[K,\n'}
[22.447055] (quadruped_control) StderrLine: {'line': b'                 from \x1b[01m\x1b[K/usr/include/c++/11/memory:63\x1b[m\x1b[K,\n'}
[22.447212] (quadruped_control) StderrLine: {'line': b'                 from \x1b[01m\x1b[K/opt/ros/iron/include/rclcpp/rclcpp/rclcpp.hpp:165\x1b[m\x1b[K,\n'}
[22.447357] (quadruped_control) StderrLine: {'line': b'                 from \x1b[01m\x1b[K/home/jonnydang2004/QUADRAPED/src/quadruped_control/src/motor_config.cpp:1\x1b[m\x1b[K:\n'}
[22.447497] (quadruped_control) StderrLine: {'line': b'\x1b[01m\x1b[K/usr/include/c++/11/bits/stl_iterator.h:1155:5:\x1b[m\x1b[K \x1b[01;36m\x1b[Knote: \x1b[m\x1b[Kcandidate: \xe2\x80\x98\x1b[01m\x1b[Ktemplate<class _IteratorL, class _IteratorR, class _Container> bool __gnu_cxx::operator==(const __gnu_cxx::__normal_iterator<_IteratorL, _Container>&, const __gnu_cxx::__normal_iterator<_IteratorR, _Container>&)\x1b[m\x1b[K\xe2\x80\x99\n'}
[22.447642] (quadruped_control) StderrLine: {'line': b' 1155 |     \x1b[01;36m\x1b[Koperator\x1b[m\x1b[K==(const __normal_iterator<_IteratorL, _Container>& __lhs,\n'}
[22.447847] (quadruped_control) StderrLine: {'line': b'      |     \x1b[01;36m\x1b[K^~~~~~~~\x1b[m\x1b[K\n'}
[22.448098] (quadruped_control) StderrLine: {'line': b'\x1b[01m\x1b[K/usr/include/c++/11/bits/stl_iterator.h:1155:5:\x1b[m\x1b[K \x1b[01;36m\x1b[Knote: \x1b[m\x1b[K  template argument deduction/substitution failed:\n'}
[22.448280] (quadruped_control) StderrLine: {'line': b'In file included from \x1b[01m\x1b[K/usr/include/c++/11/bits/stl_algobase.h:71\x1b[m\x1b[K,\n'}
[22.448437] (quadruped_control) StderrLine: {'line': b'                 from \x1b[01m\x1b[K/usr/include/c++/11/memory:63\x1b[m\x1b[K,\n'}
[22.448596] (quadruped_control) StderrLine: {'line': b'                 from \x1b[01m\x1b[K/opt/ros/iron/include/rclcpp/rclcpp/rclcpp.hpp:165\x1b[m\x1b[K,\n'}
[22.448791] (quadruped_control) StderrLine: {'line': b'                 from \x1b[01m\x1b[K/home/jonnydang2004/QUADRAPED/src/quadruped_control/src/motor_config.cpp:1\x1b[m\x1b[K:\n'}
[22.448987] (quadruped_control) StderrLine: {'line': b'\x1b[01m\x1b[K/usr/include/c++/11/bits/predefined_ops.h:270:24:\x1b[m\x1b[K \x1b[01;36m\x1b[Knote: \x1b[m\x1b[K  \xe2\x80\x98\x1b[01m\x1b[KServo\x1b[m\x1b[K\xe2\x80\x99 is not derived from \xe2\x80\x98\x1b[01m\x1b[Kconst __gnu_cxx::__normal_iterator<_IteratorL, _Container>\x1b[m\x1b[K\xe2\x80\x99\n'}
[22.449236] (quadruped_control) StderrLine: {'line': b'  270 |         { return \x1b[01;36m\x1b[K*__it == _M_value\x1b[m\x1b[K; }\n'}
[22.449499] (quadruped_control) StderrLine: {'line': b'      |                  \x1b[01;36m\x1b[K~~~~~~^~~~~~~~~~~\x1b[m\x1b[K\n'}
[22.449726] (quadruped_control) StderrLine: {'line': b'In file included from \x1b[01m\x1b[K/usr/include/c++/11/bits/stl_algobase.h:67\x1b[m\x1b[K,\n'}
[22.449959] (quadruped_control) StderrLine: {'line': b'                 from \x1b[01m\x1b[K/usr/include/c++/11/memory:63\x1b[m\x1b[K,\n'}
[22.450136] (quadruped_control) StderrLine: {'line': b'                 from \x1b[01m\x1b[K/opt/ros/iron/include/rclcpp/rclcpp/rclcpp.hpp:165\x1b[m\x1b[K,\n'}
[22.450312] (quadruped_control) StderrLine: {'line': b'                 from \x1b[01m\x1b[K/home/jonnydang2004/QUADRAPED/src/quadruped_control/src/motor_config.cpp:1\x1b[m\x1b[K:\n'}
[22.450477] (quadruped_control) StderrLine: {'line': b'\x1b[01m\x1b[K/usr/include/c++/11/bits/stl_iterator.h:1163:5:\x1b[m\x1b[K \x1b[01;36m\x1b[Knote: \x1b[m\x1b[Kcandidate: \xe2\x80\x98\x1b[01m\x1b[Ktemplate<class _Iterator, class _Container> bool __gnu_cxx::operator==(const __gnu_cxx::__normal_iterator<_Iterator, _Container>&, const __gnu_cxx::__normal_iterator<_Iterator, _Container>&)\x1b[m\x1b[K\xe2\x80\x99\n'}
[22.450653] (quadruped_control) StderrLine: {'line': b' 1163 |     \x1b[01;36m\x1b[Koperator\x1b[m\x1b[K==(const __normal_iterator<_Iterator, _Container>& __lhs,\n'}
[22.450907] (quadruped_control) StderrLine: {'line': b'      |     \x1b[01;36m\x1b[K^~~~~~~~\x1b[m\x1b[K\n'}
[22.451852] (quadruped_control) StderrLine: {'line': b'\x1b[01m\x1b[K/usr/include/c++/11/bits/stl_iterator.h:1163:5:\x1b[m\x1b[K \x1b[01;36m\x1b[Knote: \x1b[m\x1b[K  template argument deduction/substitution failed:\n'}
[22.452126] (quadruped_control) StderrLine: {'line': b'In file included from \x1b[01m\x1b[K/usr/include/c++/11/bits/stl_algobase.h:71\x1b[m\x1b[K,\n'}
[22.452291] (quadruped_control) StderrLine: {'line': b'                 from \x1b[01m\x1b[K/usr/include/c++/11/memory:63\x1b[m\x1b[K,\n'}
[22.452441] (quadruped_control) StderrLine: {'line': b'                 from \x1b[01m\x1b[K/opt/ros/iron/include/rclcpp/rclcpp/rclcpp.hpp:165\x1b[m\x1b[K,\n'}
[22.452590] (quadruped_control) StderrLine: {'line': b'                 from \x1b[01m\x1b[K/home/jonnydang2004/QUADRAPED/src/quadruped_control/src/motor_config.cpp:1\x1b[m\x1b[K:\n'}
[22.452740] (quadruped_control) StderrLine: {'line': b'\x1b[01m\x1b[K/usr/include/c++/11/bits/predefined_ops.h:270:24:\x1b[m\x1b[K \x1b[01;36m\x1b[Knote: \x1b[m\x1b[K  \xe2\x80\x98\x1b[01m\x1b[KServo\x1b[m\x1b[K\xe2\x80\x99 is not derived from \xe2\x80\x98\x1b[01m\x1b[Kconst __gnu_cxx::__normal_iterator<_Iterator, _Container>\x1b[m\x1b[K\xe2\x80\x99\n'}
[22.453256] (quadruped_control) StderrLine: {'line': b'  270 |         { return \x1b[01;36m\x1b[K*__it == _M_value\x1b[m\x1b[K; }\n'}
[22.453455] (quadruped_control) StderrLine: {'line': b'      |                  \x1b[01;36m\x1b[K~~~~~~^~~~~~~~~~~\x1b[m\x1b[K\n'}
[22.496716] (-) TimerEvent: {}
[22.597355] (-) TimerEvent: {}
[22.698106] (-) TimerEvent: {}
[22.798796] (-) TimerEvent: {}
[22.899433] (-) TimerEvent: {}
[23.000066] (-) TimerEvent: {}
[23.100747] (-) TimerEvent: {}
[23.201357] (-) TimerEvent: {}
[23.301995] (-) TimerEvent: {}
[23.402574] (-) TimerEvent: {}
[23.494743] (quadruped_control) StderrLine: {'line': b'gmake[2]: *** [CMakeFiles/motor_config.dir/build.make:76: CMakeFiles/motor_config.dir/src/motor_config.cpp.o] Error 1\n'}
[23.495302] (quadruped_control) StderrLine: {'line': b'gmake[1]: *** [CMakeFiles/Makefile2:165: CMakeFiles/motor_config.dir/all] Error 2\n'}
[23.495674] (quadruped_control) StderrLine: {'line': b'gmake: *** [Makefile:146: all] Error 2\n'}
[23.503415] (quadruped_control) CommandEnded: {'returncode': 2}
[23.504994] (-) TimerEvent: {}
[23.508450] (pigpio) StdoutLine: {'line': b'[ 82%] \x1b[32m\x1b[1mLinking C shared library libpigpio.so\x1b[0m\n'}
[23.605158] (quadruped_control) JobEnded: {'identifier': 'quadruped_control', 'rc': 2}
[23.607404] (-) TimerEvent: {}
[23.707821] (-) TimerEvent: {}
[23.792546] (pigpio) StdoutLine: {'line': b'[ 82%] Built target pigpio\n'}
[23.809803] (-) TimerEvent: {}
[23.880530] (pigpio) StdoutLine: {'line': b'[ 86%] \x1b[32mBuilding C object CMakeFiles/x_pigpio.dir/x_pigpio.c.o\x1b[0m\n'}
[23.890990] (pigpio) StdoutLine: {'line': b'[ 91%] \x1b[32mBuilding C object CMakeFiles/pigpiod.dir/pigpiod.c.o\x1b[0m\n'}
[23.909905] (-) TimerEvent: {}
[24.010458] (-) TimerEvent: {}
[24.111061] (-) TimerEvent: {}
[24.222873] (-) TimerEvent: {}
[24.323374] (-) TimerEvent: {}
[24.430466] (-) TimerEvent: {}
[24.431592] (pigpio) StdoutLine: {'line': b'[ 95%] \x1b[32m\x1b[1mLinking C executable pigpiod\x1b[0m\n'}
[24.530693] (-) TimerEvent: {}
[24.631281] (-) TimerEvent: {}
[24.731956] (-) TimerEvent: {}
[24.832585] (-) TimerEvent: {}
[24.875232] (pigpio) StdoutLine: {'line': b'[ 95%] Built target pigpiod\n'}
[24.932775] (-) TimerEvent: {}
[25.033322] (-) TimerEvent: {}
[25.135276] (-) TimerEvent: {}
[25.204963] (pigpio) StdoutLine: {'line': b'[100%] \x1b[32m\x1b[1mLinking C executable x_pigpio\x1b[0m\n'}
[25.235466] (-) TimerEvent: {}
[25.336054] (-) TimerEvent: {}
[25.436658] (-) TimerEvent: {}
[25.487756] (pigpio) StdoutLine: {'line': b'[100%] Built target x_pigpio\n'}
[25.508808] (pigpio) JobEnded: {'identifier': 'pigpio', 'rc': 'SIGINT'}
[25.516345] (-) EventReactorShutdown: {}
