[0.000000] (-) TimerEvent: {}
[0.001116] (quadruped_interfaces) JobQueued: {'identifier': 'quadruped_interfaces', 'dependencies': OrderedDict()}
[0.001537] (quadruped_control) JobQueued: {'identifier': 'quadruped_control', 'dependencies': OrderedDict([('quadruped_interfaces', '/home/jonnydang2004/QUADRAPED/install/quadruped_interfaces')])}
[0.002106] (quadruped_interfaces) JobStarted: {'identifier': 'quadruped_interfaces'}
[0.028097] (quadruped_interfaces) JobProgress: {'identifier': 'quadruped_interfaces', 'progress': 'cmake'}
[0.031362] (quadruped_interfaces) JobProgress: {'identifier': 'quadruped_interfaces', 'progress': 'build'}
[0.032672] (quadruped_interfaces) Command: {'cmd': ['/usr/bin/cmake', '--build', '/home/jonnydang2004/QUADRAPED/build/quadruped_interfaces', '--', '-j4', '-l4'], 'cwd': '/home/jonnydang2004/QUADRAPED/build/quadruped_interfaces', 'env': OrderedDict([('LESSOPEN', '| /usr/bin/lesspipe %s'), ('USER', 'jonnydang2004'), ('GIT_ASKPASS', '/home/jonnydang2004/.vscode-server/bin/38c31bc77e0dd6ae88a4e9cc93428cc27a56ba40/extensions/git/dist/askpass.sh'), ('SHLVL', '1'), ('LD_LIBRARY_PATH', '/opt/ros/iron/opt/rviz_ogre_vendor/lib:/opt/ros/iron/lib/x86_64-linux-gnu:/opt/ros/iron/lib'), ('HOME', '/home/jonnydang2004'), ('OLDPWD', '/home/jonnydang2004/QUADRAPED/pigpio-74'), ('TERM_PROGRAM_VERSION', '1.93.1'), ('NVM_BIN', '/home/jonnydang2004/.nvm/versions/node/v18.19.0/bin'), ('VSCODE_IPC_HOOK_CLI', '/run/user/1000/vscode-ipc-aeaa321f-954c-44ec-865c-68b87d92bff0.sock'), ('NVM_INC', '/home/jonnydang2004/.nvm/versions/node/v18.19.0/include/node'), ('ROS_PYTHON_VERSION', '3'), ('VSCODE_GIT_ASKPASS_MAIN', '/home/jonnydang2004/.vscode-server/bin/38c31bc77e0dd6ae88a4e9cc93428cc27a56ba40/extensions/git/dist/askpass-main.js'), ('VSCODE_GIT_ASKPASS_NODE', '/home/jonnydang2004/.vscode-server/bin/38c31bc77e0dd6ae88a4e9cc93428cc27a56ba40/node'), ('DBUS_SESSION_BUS_ADDRESS', 'unix:path=/run/user/1000/bus'), ('COLORTERM', 'truecolor'), ('WSL_DISTRO_NAME', 'Ubuntu'), ('NVM_DIR', '/home/jonnydang2004/.nvm'), ('WAYLAND_DISPLAY', 'wayland-0'), ('ROS_DISTRO', 'iron'), ('LOGNAME', 'jonnydang2004'), ('NAME', 'DESKTOP-JO2E52O'), ('WSL_INTEROP', '/run/WSL/33065_interop'), ('PULSE_SERVER', 'unix:/mnt/wslg/PulseServer'), ('_', '/usr/bin/colcon'), ('ROS_VERSION', '2'), ('TERM', 'xterm-256color'), ('_colcon_cd_rott', '/opt/ros/iron/'), ('PATH', '/home/jonnydang2004/.vscode-server/bin/38c31bc77e0dd6ae88a4e9cc93428cc27a56ba40/bin/remote-cli:/home/jonnydang2004/.local/bin:/opt/ros/iron/bin:/home/jonnydang2004/.nvm/versions/node/v18.19.0/bin:/usr/local/sbin:/usr/local/bin:/usr/sbin:/usr/bin:/sbin:/bin:/usr/games:/usr/local/games:/usr/lib/wsl/lib:/mnt/c/Windows/system32:/mnt/c/Windows:/mnt/c/Windows/System32/Wbem:/mnt/c/Windows/System32/WindowsPowerShell/v1.0/:/mnt/c/Windows/System32/OpenSSH/:/mnt/c/Program Files (x86)/Intel/Intel(R) Management Engine Components/DAL:/mnt/c/Program Files/Intel/Intel(R) Management Engine Components/DAL:/mnt/c/Program Files/MATLAB/R2023b/bin:/mnt/c/Program Files/MATLAB/R2022a/bin:/mnt/c/Program Files/Docker/Docker/resources/bin:/mnt/c/Program Files/dotnet/:/mnt/c/Program Files/:/mnt/c/Program Files/Git/cmd:/mnt/c/Program Files (x86)/IVI Foundation/VISA/WinNT/Bin/:/mnt/c/Program Files/IVI Foundation/VISA/Win64/Bin/:/mnt/c/Program Files (x86)/National Instruments/Shared/LabVIEW CLI:/mnt/c/Program Files (x86)/IVI Foundation/IVI/Bin/:/mnt/c/Program Files/IVI Foundation/IVI/Bin/:/mnt/c/Program Files (x86)/IVI Foundation/VISA/WinNT/Bin:/mnt/c/Users/User/AppData/Local/Programs/Python/Python310/Scripts/:/mnt/c/Users/User/AppData/Local/Programs/Python/Python310/:/mnt/c/Users/User/AppData/Local/Microsoft/WindowsApps:/mnt/c/Users/User/AppData/Local/Programs/Microsoft VS Code/bin:/mnt/c/Users/User/AppData/Roaming/npm:/snap/bin:/opt/gradle/gradle-8.5/bin:/opt/gradle/gradle-8.5/bin'), ('XDG_RUNTIME_DIR', '/run/user/1000/'), ('DISPLAY', ':0'), ('LANG', 'en_US.UTF-8'), ('LS_COLORS', 'rs=0:di=01;34:ln=01;36:mh=00:pi=40;33:so=01;35:do=01;35:bd=40;33;01:cd=40;33;01:or=40;31;01:mi=00:su=37;41:sg=30;43:ca=30;41:tw=30;42:ow=34;42:st=37;44:ex=01;32:*.tar=01;31:*.tgz=01;31:*.arc=01;31:*.arj=01;31:*.taz=01;31:*.lha=01;31:*.lz4=01;31:*.lzh=01;31:*.lzma=01;31:*.tlz=01;31:*.txz=01;31:*.tzo=01;31:*.t7z=01;31:*.zip=01;31:*.z=01;31:*.dz=01;31:*.gz=01;31:*.lrz=01;31:*.lz=01;31:*.lzo=01;31:*.xz=01;31:*.zst=01;31:*.tzst=01;31:*.bz2=01;31:*.bz=01;31:*.tbz=01;31:*.tbz2=01;31:*.tz=01;31:*.deb=01;31:*.rpm=01;31:*.jar=01;31:*.war=01;31:*.ear=01;31:*.sar=01;31:*.rar=01;31:*.alz=01;31:*.ace=01;31:*.zoo=01;31:*.cpio=01;31:*.7z=01;31:*.rz=01;31:*.cab=01;31:*.wim=01;31:*.swm=01;31:*.dwm=01;31:*.esd=01;31:*.jpg=01;35:*.jpeg=01;35:*.mjpg=01;35:*.mjpeg=01;35:*.gif=01;35:*.bmp=01;35:*.pbm=01;35:*.pgm=01;35:*.ppm=01;35:*.tga=01;35:*.xbm=01;35:*.xpm=01;35:*.tif=01;35:*.tiff=01;35:*.png=01;35:*.svg=01;35:*.svgz=01;35:*.mng=01;35:*.pcx=01;35:*.mov=01;35:*.mpg=01;35:*.mpeg=01;35:*.m2v=01;35:*.mkv=01;35:*.webm=01;35:*.webp=01;35:*.ogm=01;35:*.mp4=01;35:*.m4v=01;35:*.mp4v=01;35:*.vob=01;35:*.qt=01;35:*.nuv=01;35:*.wmv=01;35:*.asf=01;35:*.rm=01;35:*.rmvb=01;35:*.flc=01;35:*.avi=01;35:*.fli=01;35:*.flv=01;35:*.gl=01;35:*.dl=01;35:*.xcf=01;35:*.xwd=01;35:*.yuv=01;35:*.cgm=01;35:*.emf=01;35:*.ogv=01;35:*.ogx=01;35:*.aac=00;36:*.au=00;36:*.flac=00;36:*.m4a=00;36:*.mid=00;36:*.midi=00;36:*.mka=00;36:*.mp3=00;36:*.mpc=00;36:*.ogg=00;36:*.ra=00;36:*.wav=00;36:*.oga=00;36:*.opus=00;36:*.spx=00;36:*.xspf=00;36:'), ('VSCODE_GIT_IPC_HANDLE', '/run/user/1000/vscode-git-f95bf93406.sock'), ('TERM_PROGRAM', 'vscode'), ('AMENT_PREFIX_PATH', '/opt/ros/iron'), ('SHELL', '/bin/bash'), ('LESSCLOSE', '/usr/bin/lesspipe %s %s'), ('ROS_AUTOMATIC_DISCOVERY_RANGE', 'SUBNET'), ('VSCODE_GIT_ASKPASS_EXTRA_ARGS', ''), ('PWD', '/home/jonnydang2004/QUADRAPED/build/quadruped_interfaces'), ('NVM_CD_FLAGS', ''), ('XDG_DATA_DIRS', '/usr/local/share:/usr/share:/var/lib/snapd/desktop'), ('PYTHONPATH', '/opt/ros/iron/lib/python3.10/site-packages'), ('COLCON', '1'), ('WSL2_GUI_APPS_ENABLED', '1'), ('HOSTTYPE', 'x86_64'), ('WSLENV', 'VSCODE_WSL_EXT_LOCATION/up'), ('CMAKE_PREFIX_PATH', '/opt/ros/iron')]), 'shell': False}
[0.098914] (-) TimerEvent: {}
[0.133575] (quadruped_interfaces) StdoutLine: {'line': b'[  2%] Built target quadruped_interfaces__rosidl_generator_type_description\n'}
[0.170966] (quadruped_interfaces) StdoutLine: {'line': b'[  2%] Built target ament_cmake_python_copy_quadruped_interfaces\n'}
[0.192773] (quadruped_interfaces) StdoutLine: {'line': b'[  5%] Built target quadruped_interfaces__cpp\n'}
[0.199104] (quadruped_interfaces) StdoutLine: {'line': b'[ 20%] Built target quadruped_interfaces__rosidl_generator_c\n'}
[0.199392] (-) TimerEvent: {}
[0.270674] (quadruped_interfaces) StdoutLine: {'line': b'[ 29%] Built target quadruped_interfaces__rosidl_typesupport_introspection_cpp\n'}
[0.286979] (quadruped_interfaces) StdoutLine: {'line': b'[ 38%] Built target quadruped_interfaces__rosidl_typesupport_cpp\n'}
[0.292345] (quadruped_interfaces) StdoutLine: {'line': b'[ 47%] Built target quadruped_interfaces__rosidl_typesupport_fastrtps_cpp\n'}
[0.299548] (-) TimerEvent: {}
[0.345800] (quadruped_interfaces) StdoutLine: {'line': b'[ 55%] Built target quadruped_interfaces__rosidl_typesupport_fastrtps_c\n'}
[0.348858] (quadruped_interfaces) StdoutLine: {'line': b'[ 64%] Built target quadruped_interfaces__rosidl_typesupport_introspection_c\n'}
[0.380472] (quadruped_interfaces) StdoutLine: {'line': b'[ 73%] Built target quadruped_interfaces__rosidl_typesupport_c\n'}
[0.399736] (-) TimerEvent: {}
[0.442562] (quadruped_interfaces) StdoutLine: {'line': b'[ 73%] Built target quadruped_interfaces\n'}
[0.500750] (-) TimerEvent: {}
[0.509484] (quadruped_interfaces) StdoutLine: {'line': b'[ 76%] Built target quadruped_interfaces__py\n'}
[0.601062] (-) TimerEvent: {}
[0.616974] (quadruped_interfaces) StdoutLine: {'line': b'[ 82%] Built target quadruped_interfaces__rosidl_generator_py\n'}
[0.701186] (-) TimerEvent: {}
[0.706983] (quadruped_interfaces) StdoutLine: {'line': b'[ 88%] Built target quadruped_interfaces__rosidl_typesupport_fastrtps_c__pyext\n'}
[0.736256] (quadruped_interfaces) StdoutLine: {'line': b'[100%] Built target quadruped_interfaces__rosidl_typesupport_introspection_c__pyext\n'}
[0.738101] (quadruped_interfaces) StdoutLine: {'line': b'[100%] Built target quadruped_interfaces__rosidl_typesupport_c__pyext\n'}
[0.801370] (-) TimerEvent: {}
[0.901893] (-) TimerEvent: {}
[1.002499] (-) TimerEvent: {}
[1.103019] (-) TimerEvent: {}
[1.198774] (quadruped_interfaces) StdoutLine: {'line': b'running egg_info\n'}
[1.200237] (quadruped_interfaces) StdoutLine: {'line': b'writing quadruped_interfaces.egg-info/PKG-INFO\n'}
[1.200722] (quadruped_interfaces) StdoutLine: {'line': b'writing dependency_links to quadruped_interfaces.egg-info/dependency_links.txt\n'}
[1.201234] (quadruped_interfaces) StdoutLine: {'line': b'writing top-level names to quadruped_interfaces.egg-info/top_level.txt\n'}
[1.203180] (-) TimerEvent: {}
[1.209828] (quadruped_interfaces) StdoutLine: {'line': b"reading manifest file 'quadruped_interfaces.egg-info/SOURCES.txt'\n"}
[1.213702] (quadruped_interfaces) StdoutLine: {'line': b"writing manifest file 'quadruped_interfaces.egg-info/SOURCES.txt'\n"}
[1.279053] (quadruped_interfaces) StdoutLine: {'line': b'[100%] Built target ament_cmake_python_build_quadruped_interfaces_egg\n'}
[1.303172] (quadruped_interfaces) CommandEnded: {'returncode': 0}
[1.307064] (-) TimerEvent: {}
[1.407580] (-) TimerEvent: {}
[1.488517] (quadruped_interfaces) JobProgress: {'identifier': 'quadruped_interfaces', 'progress': 'install'}
[1.503623] (quadruped_interfaces) Command: {'cmd': ['/usr/bin/cmake', '--install', '/home/jonnydang2004/QUADRAPED/build/quadruped_interfaces'], 'cwd': '/home/jonnydang2004/QUADRAPED/build/quadruped_interfaces', 'env': OrderedDict([('LESSOPEN', '| /usr/bin/lesspipe %s'), ('USER', 'jonnydang2004'), ('GIT_ASKPASS', '/home/jonnydang2004/.vscode-server/bin/38c31bc77e0dd6ae88a4e9cc93428cc27a56ba40/extensions/git/dist/askpass.sh'), ('SHLVL', '1'), ('LD_LIBRARY_PATH', '/opt/ros/iron/opt/rviz_ogre_vendor/lib:/opt/ros/iron/lib/x86_64-linux-gnu:/opt/ros/iron/lib'), ('HOME', '/home/jonnydang2004'), ('OLDPWD', '/home/jonnydang2004/QUADRAPED/pigpio-74'), ('TERM_PROGRAM_VERSION', '1.93.1'), ('NVM_BIN', '/home/jonnydang2004/.nvm/versions/node/v18.19.0/bin'), ('VSCODE_IPC_HOOK_CLI', '/run/user/1000/vscode-ipc-aeaa321f-954c-44ec-865c-68b87d92bff0.sock'), ('NVM_INC', '/home/jonnydang2004/.nvm/versions/node/v18.19.0/include/node'), ('ROS_PYTHON_VERSION', '3'), ('VSCODE_GIT_ASKPASS_MAIN', '/home/jonnydang2004/.vscode-server/bin/38c31bc77e0dd6ae88a4e9cc93428cc27a56ba40/extensions/git/dist/askpass-main.js'), ('VSCODE_GIT_ASKPASS_NODE', '/home/jonnydang2004/.vscode-server/bin/38c31bc77e0dd6ae88a4e9cc93428cc27a56ba40/node'), ('DBUS_SESSION_BUS_ADDRESS', 'unix:path=/run/user/1000/bus'), ('COLORTERM', 'truecolor'), ('WSL_DISTRO_NAME', 'Ubuntu'), ('NVM_DIR', '/home/jonnydang2004/.nvm'), ('WAYLAND_DISPLAY', 'wayland-0'), ('ROS_DISTRO', 'iron'), ('LOGNAME', 'jonnydang2004'), ('NAME', 'DESKTOP-JO2E52O'), ('WSL_INTEROP', '/run/WSL/33065_interop'), ('PULSE_SERVER', 'unix:/mnt/wslg/PulseServer'), ('_', '/usr/bin/colcon'), ('ROS_VERSION', '2'), ('TERM', 'xterm-256color'), ('_colcon_cd_rott', '/opt/ros/iron/'), ('PATH', '/home/jonnydang2004/.vscode-server/bin/38c31bc77e0dd6ae88a4e9cc93428cc27a56ba40/bin/remote-cli:/home/jonnydang2004/.local/bin:/opt/ros/iron/bin:/home/jonnydang2004/.nvm/versions/node/v18.19.0/bin:/usr/local/sbin:/usr/local/bin:/usr/sbin:/usr/bin:/sbin:/bin:/usr/games:/usr/local/games:/usr/lib/wsl/lib:/mnt/c/Windows/system32:/mnt/c/Windows:/mnt/c/Windows/System32/Wbem:/mnt/c/Windows/System32/WindowsPowerShell/v1.0/:/mnt/c/Windows/System32/OpenSSH/:/mnt/c/Program Files (x86)/Intel/Intel(R) Management Engine Components/DAL:/mnt/c/Program Files/Intel/Intel(R) Management Engine Components/DAL:/mnt/c/Program Files/MATLAB/R2023b/bin:/mnt/c/Program Files/MATLAB/R2022a/bin:/mnt/c/Program Files/Docker/Docker/resources/bin:/mnt/c/Program Files/dotnet/:/mnt/c/Program Files/:/mnt/c/Program Files/Git/cmd:/mnt/c/Program Files (x86)/IVI Foundation/VISA/WinNT/Bin/:/mnt/c/Program Files/IVI Foundation/VISA/Win64/Bin/:/mnt/c/Program Files (x86)/National Instruments/Shared/LabVIEW CLI:/mnt/c/Program Files (x86)/IVI Foundation/IVI/Bin/:/mnt/c/Program Files/IVI Foundation/IVI/Bin/:/mnt/c/Program Files (x86)/IVI Foundation/VISA/WinNT/Bin:/mnt/c/Users/User/AppData/Local/Programs/Python/Python310/Scripts/:/mnt/c/Users/User/AppData/Local/Programs/Python/Python310/:/mnt/c/Users/User/AppData/Local/Microsoft/WindowsApps:/mnt/c/Users/User/AppData/Local/Programs/Microsoft VS Code/bin:/mnt/c/Users/User/AppData/Roaming/npm:/snap/bin:/opt/gradle/gradle-8.5/bin:/opt/gradle/gradle-8.5/bin'), ('XDG_RUNTIME_DIR', '/run/user/1000/'), ('DISPLAY', ':0'), ('LANG', 'en_US.UTF-8'), ('LS_COLORS', 'rs=0:di=01;34:ln=01;36:mh=00:pi=40;33:so=01;35:do=01;35:bd=40;33;01:cd=40;33;01:or=40;31;01:mi=00:su=37;41:sg=30;43:ca=30;41:tw=30;42:ow=34;42:st=37;44:ex=01;32:*.tar=01;31:*.tgz=01;31:*.arc=01;31:*.arj=01;31:*.taz=01;31:*.lha=01;31:*.lz4=01;31:*.lzh=01;31:*.lzma=01;31:*.tlz=01;31:*.txz=01;31:*.tzo=01;31:*.t7z=01;31:*.zip=01;31:*.z=01;31:*.dz=01;31:*.gz=01;31:*.lrz=01;31:*.lz=01;31:*.lzo=01;31:*.xz=01;31:*.zst=01;31:*.tzst=01;31:*.bz2=01;31:*.bz=01;31:*.tbz=01;31:*.tbz2=01;31:*.tz=01;31:*.deb=01;31:*.rpm=01;31:*.jar=01;31:*.war=01;31:*.ear=01;31:*.sar=01;31:*.rar=01;31:*.alz=01;31:*.ace=01;31:*.zoo=01;31:*.cpio=01;31:*.7z=01;31:*.rz=01;31:*.cab=01;31:*.wim=01;31:*.swm=01;31:*.dwm=01;31:*.esd=01;31:*.jpg=01;35:*.jpeg=01;35:*.mjpg=01;35:*.mjpeg=01;35:*.gif=01;35:*.bmp=01;35:*.pbm=01;35:*.pgm=01;35:*.ppm=01;35:*.tga=01;35:*.xbm=01;35:*.xpm=01;35:*.tif=01;35:*.tiff=01;35:*.png=01;35:*.svg=01;35:*.svgz=01;35:*.mng=01;35:*.pcx=01;35:*.mov=01;35:*.mpg=01;35:*.mpeg=01;35:*.m2v=01;35:*.mkv=01;35:*.webm=01;35:*.webp=01;35:*.ogm=01;35:*.mp4=01;35:*.m4v=01;35:*.mp4v=01;35:*.vob=01;35:*.qt=01;35:*.nuv=01;35:*.wmv=01;35:*.asf=01;35:*.rm=01;35:*.rmvb=01;35:*.flc=01;35:*.avi=01;35:*.fli=01;35:*.flv=01;35:*.gl=01;35:*.dl=01;35:*.xcf=01;35:*.xwd=01;35:*.yuv=01;35:*.cgm=01;35:*.emf=01;35:*.ogv=01;35:*.ogx=01;35:*.aac=00;36:*.au=00;36:*.flac=00;36:*.m4a=00;36:*.mid=00;36:*.midi=00;36:*.mka=00;36:*.mp3=00;36:*.mpc=00;36:*.ogg=00;36:*.ra=00;36:*.wav=00;36:*.oga=00;36:*.opus=00;36:*.spx=00;36:*.xspf=00;36:'), ('VSCODE_GIT_IPC_HANDLE', '/run/user/1000/vscode-git-f95bf93406.sock'), ('TERM_PROGRAM', 'vscode'), ('AMENT_PREFIX_PATH', '/opt/ros/iron'), ('SHELL', '/bin/bash'), ('LESSCLOSE', '/usr/bin/lesspipe %s %s'), ('ROS_AUTOMATIC_DISCOVERY_RANGE', 'SUBNET'), ('VSCODE_GIT_ASKPASS_EXTRA_ARGS', ''), ('PWD', '/home/jonnydang2004/QUADRAPED/build/quadruped_interfaces'), ('NVM_CD_FLAGS', ''), ('XDG_DATA_DIRS', '/usr/local/share:/usr/share:/var/lib/snapd/desktop'), ('PYTHONPATH', '/opt/ros/iron/lib/python3.10/site-packages'), ('COLCON', '1'), ('WSL2_GUI_APPS_ENABLED', '1'), ('HOSTTYPE', 'x86_64'), ('WSLENV', 'VSCODE_WSL_EXT_LOCATION/up'), ('CMAKE_PREFIX_PATH', '/opt/ros/iron')]), 'shell': False}
[1.508962] (-) TimerEvent: {}
[1.525452] (quadruped_interfaces) StdoutLine: {'line': b'-- Install configuration: ""\n'}
[1.526313] (quadruped_interfaces) StdoutLine: {'line': b'-- Up-to-date: /home/jonnydang2004/QUADRAPED/install/quadruped_interfaces/share/ament_index/resource_index/rosidl_interfaces/quadruped_interfaces\n'}
[1.526670] (quadruped_interfaces) StdoutLine: {'line': b'-- Up-to-date: /home/jonnydang2004/QUADRAPED/install/quadruped_interfaces/share/quadruped_interfaces/msg/Pos.json\n'}
[1.528114] (quadruped_interfaces) StdoutLine: {'line': b'-- Up-to-date: /home/jonnydang2004/QUADRAPED/install/quadruped_interfaces/include/quadruped_interfaces/quadruped_interfaces\n'}
[1.528521] (quadruped_interfaces) StdoutLine: {'line': b'-- Up-to-date: /home/jonnydang2004/QUADRAPED/install/quadruped_interfaces/include/quadruped_interfaces/quadruped_interfaces/msg\n'}
[1.528875] (quadruped_interfaces) StdoutLine: {'line': b'-- Up-to-date: /home/jonnydang2004/QUADRAPED/install/quadruped_interfaces/include/quadruped_interfaces/quadruped_interfaces/msg/pos.h\n'}
[1.529688] (quadruped_interfaces) StdoutLine: {'line': b'-- Up-to-date: /home/jonnydang2004/QUADRAPED/install/quadruped_interfaces/include/quadruped_interfaces/quadruped_interfaces/msg/rosidl_generator_c__visibility_control.h\n'}
[1.529940] (quadruped_interfaces) StdoutLine: {'line': b'-- Up-to-date: /home/jonnydang2004/QUADRAPED/install/quadruped_interfaces/include/quadruped_interfaces/quadruped_interfaces/msg/detail\n'}
[1.530110] (quadruped_interfaces) StdoutLine: {'line': b'-- Up-to-date: /home/jonnydang2004/QUADRAPED/install/quadruped_interfaces/include/quadruped_interfaces/quadruped_interfaces/msg/detail/pos__functions.c\n'}
[1.530274] (quadruped_interfaces) StdoutLine: {'line': b'-- Up-to-date: /home/jonnydang2004/QUADRAPED/install/quadruped_interfaces/include/quadruped_interfaces/quadruped_interfaces/msg/detail/pos__description.c\n'}
[1.530500] (quadruped_interfaces) StdoutLine: {'line': b'-- Installing: /home/jonnydang2004/QUADRAPED/install/quadruped_interfaces/include/quadruped_interfaces/quadruped_interfaces/msg/detail/pos__type_support.c\n'}
[1.530675] (quadruped_interfaces) StdoutLine: {'line': b'-- Up-to-date: /home/jonnydang2004/QUADRAPED/install/quadruped_interfaces/include/quadruped_interfaces/quadruped_interfaces/msg/detail/pos__functions.h\n'}
[1.530848] (quadruped_interfaces) StdoutLine: {'line': b'-- Up-to-date: /home/jonnydang2004/QUADRAPED/install/quadruped_interfaces/include/quadruped_interfaces/quadruped_interfaces/msg/detail/pos__type_support.h\n'}
[1.531030] (quadruped_interfaces) StdoutLine: {'line': b'-- Up-to-date: /home/jonnydang2004/QUADRAPED/install/quadruped_interfaces/include/quadruped_interfaces/quadruped_interfaces/msg/detail/pos__struct.h\n'}
[1.531195] (quadruped_interfaces) StdoutLine: {'line': b'-- Up-to-date: /home/jonnydang2004/QUADRAPED/install/quadruped_interfaces/share/quadruped_interfaces/environment/library_path.sh\n'}
[1.531408] (quadruped_interfaces) StdoutLine: {'line': b'-- Up-to-date: /home/jonnydang2004/QUADRAPED/install/quadruped_interfaces/share/quadruped_interfaces/environment/library_path.dsv\n'}
[1.531624] (quadruped_interfaces) StdoutLine: {'line': b'-- Up-to-date: /home/jonnydang2004/QUADRAPED/install/quadruped_interfaces/lib/libquadruped_interfaces__rosidl_generator_c.so\n'}
[1.532103] (quadruped_interfaces) StdoutLine: {'line': b'-- Up-to-date: /home/jonnydang2004/QUADRAPED/install/quadruped_interfaces/include/quadruped_interfaces/quadruped_interfaces\n'}
[1.532280] (quadruped_interfaces) StdoutLine: {'line': b'-- Up-to-date: /home/jonnydang2004/QUADRAPED/install/quadruped_interfaces/include/quadruped_interfaces/quadruped_interfaces/msg\n'}
[1.532941] (quadruped_interfaces) StdoutLine: {'line': b'-- Up-to-date: /home/jonnydang2004/QUADRAPED/install/quadruped_interfaces/include/quadruped_interfaces/quadruped_interfaces/msg/rosidl_typesupport_fastrtps_c__visibility_control.h\n'}
[1.533253] (quadruped_interfaces) StdoutLine: {'line': b'-- Up-to-date: /home/jonnydang2004/QUADRAPED/install/quadruped_interfaces/include/quadruped_interfaces/quadruped_interfaces/msg/detail\n'}
[1.534761] (quadruped_interfaces) StdoutLine: {'line': b'-- Up-to-date: /home/jonnydang2004/QUADRAPED/install/quadruped_interfaces/include/quadruped_interfaces/quadruped_interfaces/msg/detail/pos__rosidl_typesupport_fastrtps_c.h\n'}
[1.536768] (quadruped_interfaces) StdoutLine: {'line': b'-- Up-to-date: /home/jonnydang2004/QUADRAPED/install/quadruped_interfaces/lib/libquadruped_interfaces__rosidl_typesupport_fastrtps_c.so\n'}
[1.543865] (quadruped_interfaces) StdoutLine: {'line': b'-- Up-to-date: /home/jonnydang2004/QUADRAPED/install/quadruped_interfaces/include/quadruped_interfaces/quadruped_interfaces\n'}
[1.544131] (quadruped_interfaces) StdoutLine: {'line': b'-- Up-to-date: /home/jonnydang2004/QUADRAPED/install/quadruped_interfaces/include/quadruped_interfaces/quadruped_interfaces/msg\n'}
[1.544400] (quadruped_interfaces) StdoutLine: {'line': b'-- Up-to-date: /home/jonnydang2004/QUADRAPED/install/quadruped_interfaces/include/quadruped_interfaces/quadruped_interfaces/msg/rosidl_typesupport_introspection_c__visibility_control.h\n'}
[1.545185] (quadruped_interfaces) StdoutLine: {'line': b'-- Up-to-date: /home/jonnydang2004/QUADRAPED/install/quadruped_interfaces/include/quadruped_interfaces/quadruped_interfaces/msg/detail\n'}
[1.545531] (quadruped_interfaces) StdoutLine: {'line': b'-- Up-to-date: /home/jonnydang2004/QUADRAPED/install/quadruped_interfaces/include/quadruped_interfaces/quadruped_interfaces/msg/detail/pos__rosidl_typesupport_introspection_c.h\n'}
[1.545779] (quadruped_interfaces) StdoutLine: {'line': b'-- Installing: /home/jonnydang2004/QUADRAPED/install/quadruped_interfaces/include/quadruped_interfaces/quadruped_interfaces/msg/detail/pos__type_support.c\n'}
[1.545986] (quadruped_interfaces) StdoutLine: {'line': b'-- Up-to-date: /home/jonnydang2004/QUADRAPED/install/quadruped_interfaces/lib/libquadruped_interfaces__rosidl_typesupport_introspection_c.so\n'}
[1.546150] (quadruped_interfaces) StdoutLine: {'line': b'-- Up-to-date: /home/jonnydang2004/QUADRAPED/install/quadruped_interfaces/lib/libquadruped_interfaces__rosidl_typesupport_c.so\n'}
[1.546309] (quadruped_interfaces) StdoutLine: {'line': b'-- Up-to-date: /home/jonnydang2004/QUADRAPED/install/quadruped_interfaces/include/quadruped_interfaces/quadruped_interfaces\n'}
[1.546540] (quadruped_interfaces) StdoutLine: {'line': b'-- Up-to-date: /home/jonnydang2004/QUADRAPED/install/quadruped_interfaces/include/quadruped_interfaces/quadruped_interfaces/msg\n'}
[1.546721] (quadruped_interfaces) StdoutLine: {'line': b'-- Up-to-date: /home/jonnydang2004/QUADRAPED/install/quadruped_interfaces/include/quadruped_interfaces/quadruped_interfaces/msg/pos.hpp\n'}
[1.546881] (quadruped_interfaces) StdoutLine: {'line': b'-- Up-to-date: /home/jonnydang2004/QUADRAPED/install/quadruped_interfaces/include/quadruped_interfaces/quadruped_interfaces/msg/detail\n'}
[1.547038] (quadruped_interfaces) StdoutLine: {'line': b'-- Up-to-date: /home/jonnydang2004/QUADRAPED/install/quadruped_interfaces/include/quadruped_interfaces/quadruped_interfaces/msg/detail/pos__struct.hpp\n'}
[1.547194] (quadruped_interfaces) StdoutLine: {'line': b'-- Up-to-date: /home/jonnydang2004/QUADRAPED/install/quadruped_interfaces/include/quadruped_interfaces/quadruped_interfaces/msg/detail/pos__builder.hpp\n'}
[1.547388] (quadruped_interfaces) StdoutLine: {'line': b'-- Up-to-date: /home/jonnydang2004/QUADRAPED/install/quadruped_interfaces/include/quadruped_interfaces/quadruped_interfaces/msg/detail/pos__traits.hpp\n'}
[1.547577] (quadruped_interfaces) StdoutLine: {'line': b'-- Up-to-date: /home/jonnydang2004/QUADRAPED/install/quadruped_interfaces/include/quadruped_interfaces/quadruped_interfaces\n'}
[1.547746] (quadruped_interfaces) StdoutLine: {'line': b'-- Up-to-date: /home/jonnydang2004/QUADRAPED/install/quadruped_interfaces/include/quadruped_interfaces/quadruped_interfaces/msg\n'}
[1.547923] (quadruped_interfaces) StdoutLine: {'line': b'-- Up-to-date: /home/jonnydang2004/QUADRAPED/install/quadruped_interfaces/include/quadruped_interfaces/quadruped_interfaces/msg/rosidl_typesupport_fastrtps_cpp__visibility_control.h\n'}
[1.548085] (quadruped_interfaces) StdoutLine: {'line': b'-- Up-to-date: /home/jonnydang2004/QUADRAPED/install/quadruped_interfaces/include/quadruped_interfaces/quadruped_interfaces/msg/detail\n'}
[1.548241] (quadruped_interfaces) StdoutLine: {'line': b'-- Up-to-date: /home/jonnydang2004/QUADRAPED/install/quadruped_interfaces/include/quadruped_interfaces/quadruped_interfaces/msg/detail/dds_fastrtps\n'}
[1.548470] (quadruped_interfaces) StdoutLine: {'line': b'-- Up-to-date: /home/jonnydang2004/QUADRAPED/install/quadruped_interfaces/include/quadruped_interfaces/quadruped_interfaces/msg/detail/pos__rosidl_typesupport_fastrtps_cpp.hpp\n'}
[1.549151] (quadruped_interfaces) StdoutLine: {'line': b'-- Up-to-date: /home/jonnydang2004/QUADRAPED/install/quadruped_interfaces/lib/libquadruped_interfaces__rosidl_typesupport_fastrtps_cpp.so\n'}
[1.550156] (quadruped_interfaces) StdoutLine: {'line': b'-- Up-to-date: /home/jonnydang2004/QUADRAPED/install/quadruped_interfaces/include/quadruped_interfaces/quadruped_interfaces\n'}
[1.550606] (quadruped_interfaces) StdoutLine: {'line': b'-- Up-to-date: /home/jonnydang2004/QUADRAPED/install/quadruped_interfaces/include/quadruped_interfaces/quadruped_interfaces/msg\n'}
[1.550964] (quadruped_interfaces) StdoutLine: {'line': b'-- Up-to-date: /home/jonnydang2004/QUADRAPED/install/quadruped_interfaces/include/quadruped_interfaces/quadruped_interfaces/msg/detail\n'}
[1.551306] (quadruped_interfaces) StdoutLine: {'line': b'-- Up-to-date: /home/jonnydang2004/QUADRAPED/install/quadruped_interfaces/include/quadruped_interfaces/quadruped_interfaces/msg/detail/pos__rosidl_typesupport_introspection_cpp.hpp\n'}
[1.551667] (quadruped_interfaces) StdoutLine: {'line': b'-- Up-to-date: /home/jonnydang2004/QUADRAPED/install/quadruped_interfaces/include/quadruped_interfaces/quadruped_interfaces/msg/detail/pos__type_support.cpp\n'}
[1.552737] (quadruped_interfaces) StdoutLine: {'line': b'-- Up-to-date: /home/jonnydang2004/QUADRAPED/install/quadruped_interfaces/lib/libquadruped_interfaces__rosidl_typesupport_introspection_cpp.so\n'}
[1.554040] (quadruped_interfaces) StdoutLine: {'line': b'-- Up-to-date: /home/jonnydang2004/QUADRAPED/install/quadruped_interfaces/lib/libquadruped_interfaces__rosidl_typesupport_cpp.so\n'}
[1.556945] (quadruped_interfaces) StdoutLine: {'line': b'-- Up-to-date: /home/jonnydang2004/QUADRAPED/install/quadruped_interfaces/share/quadruped_interfaces/environment/pythonpath.sh\n'}
[1.557599] (quadruped_interfaces) StdoutLine: {'line': b'-- Up-to-date: /home/jonnydang2004/QUADRAPED/install/quadruped_interfaces/share/quadruped_interfaces/environment/pythonpath.dsv\n'}
[1.558238] (quadruped_interfaces) StdoutLine: {'line': b'-- Up-to-date: /home/jonnydang2004/QUADRAPED/install/quadruped_interfaces/lib/python3.10/site-packages/quadruped_interfaces-0.0.0-py3.10.egg-info\n'}
[1.558528] (quadruped_interfaces) StdoutLine: {'line': b'-- Installing: /home/jonnydang2004/QUADRAPED/install/quadruped_interfaces/lib/python3.10/site-packages/quadruped_interfaces-0.0.0-py3.10.egg-info/top_level.txt\n'}
[1.559637] (quadruped_interfaces) StdoutLine: {'line': b'-- Installing: /home/jonnydang2004/QUADRAPED/install/quadruped_interfaces/lib/python3.10/site-packages/quadruped_interfaces-0.0.0-py3.10.egg-info/dependency_links.txt\n'}
[1.559926] (quadruped_interfaces) StdoutLine: {'line': b'-- Installing: /home/jonnydang2004/QUADRAPED/install/quadruped_interfaces/lib/python3.10/site-packages/quadruped_interfaces-0.0.0-py3.10.egg-info/SOURCES.txt\n'}
[1.560666] (quadruped_interfaces) StdoutLine: {'line': b'-- Installing: /home/jonnydang2004/QUADRAPED/install/quadruped_interfaces/lib/python3.10/site-packages/quadruped_interfaces-0.0.0-py3.10.egg-info/PKG-INFO\n'}
[1.561531] (quadruped_interfaces) StdoutLine: {'line': b'-- Up-to-date: /home/jonnydang2004/QUADRAPED/install/quadruped_interfaces/lib/python3.10/site-packages/quadruped_interfaces\n'}
[1.562791] (quadruped_interfaces) StdoutLine: {'line': b'-- Up-to-date: /home/jonnydang2004/QUADRAPED/install/quadruped_interfaces/lib/python3.10/site-packages/quadruped_interfaces/quadruped_interfaces_s__rosidl_typesupport_fastrtps_c.cpython-310-x86_64-linux-gnu.so\n'}
[1.563593] (quadruped_interfaces) StdoutLine: {'line': b'-- Up-to-date: /home/jonnydang2004/QUADRAPED/install/quadruped_interfaces/lib/python3.10/site-packages/quadruped_interfaces/libquadruped_interfaces__rosidl_generator_py.so\n'}
[1.563787] (quadruped_interfaces) StdoutLine: {'line': b'-- Up-to-date: /home/jonnydang2004/QUADRAPED/install/quadruped_interfaces/lib/python3.10/site-packages/quadruped_interfaces/quadruped_interfaces_s__rosidl_typesupport_c.cpython-310-x86_64-linux-gnu.so\n'}
[1.563895] (quadruped_interfaces) StdoutLine: {'line': b'-- Up-to-date: /home/jonnydang2004/QUADRAPED/install/quadruped_interfaces/lib/python3.10/site-packages/quadruped_interfaces/msg\n'}
[1.563989] (quadruped_interfaces) StdoutLine: {'line': b'-- Up-to-date: /home/jonnydang2004/QUADRAPED/install/quadruped_interfaces/lib/python3.10/site-packages/quadruped_interfaces/msg/_pos_s.c\n'}
[1.565372] (quadruped_interfaces) StdoutLine: {'line': b'-- Up-to-date: /home/jonnydang2004/QUADRAPED/install/quadruped_interfaces/lib/python3.10/site-packages/quadruped_interfaces/msg/_pos.py\n'}
[1.565756] (quadruped_interfaces) StdoutLine: {'line': b'-- Up-to-date: /home/jonnydang2004/QUADRAPED/install/quadruped_interfaces/lib/python3.10/site-packages/quadruped_interfaces/msg/__init__.py\n'}
[1.565965] (quadruped_interfaces) StdoutLine: {'line': b'-- Up-to-date: /home/jonnydang2004/QUADRAPED/install/quadruped_interfaces/lib/python3.10/site-packages/quadruped_interfaces/_quadruped_interfaces_s.ep.rosidl_typesupport_introspection_c.c\n'}
[1.566142] (quadruped_interfaces) StdoutLine: {'line': b'-- Up-to-date: /home/jonnydang2004/QUADRAPED/install/quadruped_interfaces/lib/python3.10/site-packages/quadruped_interfaces/quadruped_interfaces_s__rosidl_typesupport_introspection_c.cpython-310-x86_64-linux-gnu.so\n'}
[1.566375] (quadruped_interfaces) StdoutLine: {'line': b'-- Up-to-date: /home/jonnydang2004/QUADRAPED/install/quadruped_interfaces/lib/python3.10/site-packages/quadruped_interfaces/_quadruped_interfaces_s.ep.rosidl_typesupport_c.c\n'}
[1.566611] (quadruped_interfaces) StdoutLine: {'line': b'-- Up-to-date: /home/jonnydang2004/QUADRAPED/install/quadruped_interfaces/lib/python3.10/site-packages/quadruped_interfaces/_quadruped_interfaces_s.ep.rosidl_typesupport_fastrtps_c.c\n'}
[1.566770] (quadruped_interfaces) StdoutLine: {'line': b'-- Up-to-date: /home/jonnydang2004/QUADRAPED/install/quadruped_interfaces/lib/python3.10/site-packages/quadruped_interfaces/__init__.py\n'}
[1.609139] (-) TimerEvent: {}
[1.641769] (quadruped_interfaces) StdoutLine: {'line': b"Listing '/home/jonnydang2004/QUADRAPED/install/quadruped_interfaces/lib/python3.10/site-packages/quadruped_interfaces'...\n"}
[1.642312] (quadruped_interfaces) StdoutLine: {'line': b"Listing '/home/jonnydang2004/QUADRAPED/install/quadruped_interfaces/lib/python3.10/site-packages/quadruped_interfaces/msg'...\n"}
[1.649000] (quadruped_interfaces) StdoutLine: {'line': b'-- Up-to-date: /home/jonnydang2004/QUADRAPED/install/quadruped_interfaces/lib/python3.10/site-packages/quadruped_interfaces/quadruped_interfaces_s__rosidl_typesupport_fastrtps_c.cpython-310-x86_64-linux-gnu.so\n'}
[1.650222] (quadruped_interfaces) StdoutLine: {'line': b'-- Up-to-date: /home/jonnydang2004/QUADRAPED/install/quadruped_interfaces/lib/python3.10/site-packages/quadruped_interfaces/quadruped_interfaces_s__rosidl_typesupport_introspection_c.cpython-310-x86_64-linux-gnu.so\n'}
[1.652474] (quadruped_interfaces) StdoutLine: {'line': b'-- Up-to-date: /home/jonnydang2004/QUADRAPED/install/quadruped_interfaces/lib/python3.10/site-packages/quadruped_interfaces/quadruped_interfaces_s__rosidl_typesupport_c.cpython-310-x86_64-linux-gnu.so\n'}
[1.652910] (quadruped_interfaces) StdoutLine: {'line': b'-- Up-to-date: /home/jonnydang2004/QUADRAPED/install/quadruped_interfaces/lib/libquadruped_interfaces__rosidl_generator_py.so\n'}
[1.656534] (quadruped_interfaces) StdoutLine: {'line': b'-- Up-to-date: /home/jonnydang2004/QUADRAPED/install/quadruped_interfaces/share/quadruped_interfaces/msg/Pos.idl\n'}
[1.657250] (quadruped_interfaces) StdoutLine: {'line': b'-- Up-to-date: /home/jonnydang2004/QUADRAPED/install/quadruped_interfaces/share/quadruped_interfaces/msg/Pos.msg\n'}
[1.658406] (quadruped_interfaces) StdoutLine: {'line': b'-- Up-to-date: /home/jonnydang2004/QUADRAPED/install/quadruped_interfaces/share/ament_index/resource_index/package_run_dependencies/quadruped_interfaces\n'}
[1.659128] (quadruped_interfaces) StdoutLine: {'line': b'-- Up-to-date: /home/jonnydang2004/QUADRAPED/install/quadruped_interfaces/share/ament_index/resource_index/parent_prefix_path/quadruped_interfaces\n'}
[1.659722] (quadruped_interfaces) StdoutLine: {'line': b'-- Up-to-date: /home/jonnydang2004/QUADRAPED/install/quadruped_interfaces/share/quadruped_interfaces/environment/ament_prefix_path.sh\n'}
[1.664568] (quadruped_interfaces) StdoutLine: {'line': b'-- Up-to-date: /home/jonnydang2004/QUADRAPED/install/quadruped_interfaces/share/quadruped_interfaces/environment/ament_prefix_path.dsv\n'}
[1.665720] (quadruped_interfaces) StdoutLine: {'line': b'-- Up-to-date: /home/jonnydang2004/QUADRAPED/install/quadruped_interfaces/share/quadruped_interfaces/environment/path.sh\n'}
[1.666371] (quadruped_interfaces) StdoutLine: {'line': b'-- Up-to-date: /home/jonnydang2004/QUADRAPED/install/quadruped_interfaces/share/quadruped_interfaces/environment/path.dsv\n'}
[1.667078] (quadruped_interfaces) StdoutLine: {'line': b'-- Up-to-date: /home/jonnydang2004/QUADRAPED/install/quadruped_interfaces/share/quadruped_interfaces/local_setup.bash\n'}
[1.667806] (quadruped_interfaces) StdoutLine: {'line': b'-- Up-to-date: /home/jonnydang2004/QUADRAPED/install/quadruped_interfaces/share/quadruped_interfaces/local_setup.sh\n'}
[1.668551] (quadruped_interfaces) StdoutLine: {'line': b'-- Up-to-date: /home/jonnydang2004/QUADRAPED/install/quadruped_interfaces/share/quadruped_interfaces/local_setup.zsh\n'}
[1.669309] (quadruped_interfaces) StdoutLine: {'line': b'-- Up-to-date: /home/jonnydang2004/QUADRAPED/install/quadruped_interfaces/share/quadruped_interfaces/local_setup.dsv\n'}
[1.669976] (quadruped_interfaces) StdoutLine: {'line': b'-- Installing: /home/jonnydang2004/QUADRAPED/install/quadruped_interfaces/share/quadruped_interfaces/package.dsv\n'}
[1.671187] (quadruped_interfaces) StdoutLine: {'line': b'-- Up-to-date: /home/jonnydang2004/QUADRAPED/install/quadruped_interfaces/share/ament_index/resource_index/packages/quadruped_interfaces\n'}
[1.672002] (quadruped_interfaces) StdoutLine: {'line': b'-- Up-to-date: /home/jonnydang2004/QUADRAPED/install/quadruped_interfaces/share/quadruped_interfaces/cmake/export_quadruped_interfaces__rosidl_generator_cExport.cmake\n'}
[1.672827] (quadruped_interfaces) StdoutLine: {'line': b'-- Up-to-date: /home/jonnydang2004/QUADRAPED/install/quadruped_interfaces/share/quadruped_interfaces/cmake/export_quadruped_interfaces__rosidl_generator_cExport-noconfig.cmake\n'}
[1.674584] (quadruped_interfaces) StdoutLine: {'line': b'-- Up-to-date: /home/jonnydang2004/QUADRAPED/install/quadruped_interfaces/share/quadruped_interfaces/cmake/export_quadruped_interfaces__rosidl_typesupport_fastrtps_cExport.cmake\n'}
[1.675354] (quadruped_interfaces) StdoutLine: {'line': b'-- Up-to-date: /home/jonnydang2004/QUADRAPED/install/quadruped_interfaces/share/quadruped_interfaces/cmake/export_quadruped_interfaces__rosidl_typesupport_fastrtps_cExport-noconfig.cmake\n'}
[1.676661] (quadruped_interfaces) StdoutLine: {'line': b'-- Up-to-date: /home/jonnydang2004/QUADRAPED/install/quadruped_interfaces/share/quadruped_interfaces/cmake/quadruped_interfaces__rosidl_typesupport_introspection_cExport.cmake\n'}
[1.677348] (quadruped_interfaces) StdoutLine: {'line': b'-- Up-to-date: /home/jonnydang2004/QUADRAPED/install/quadruped_interfaces/share/quadruped_interfaces/cmake/quadruped_interfaces__rosidl_typesupport_introspection_cExport-noconfig.cmake\n'}
[1.681692] (quadruped_interfaces) StdoutLine: {'line': b'-- Up-to-date: /home/jonnydang2004/QUADRAPED/install/quadruped_interfaces/share/quadruped_interfaces/cmake/quadruped_interfaces__rosidl_typesupport_cExport.cmake\n'}
[1.682531] (quadruped_interfaces) StdoutLine: {'line': b'-- Up-to-date: /home/jonnydang2004/QUADRAPED/install/quadruped_interfaces/share/quadruped_interfaces/cmake/quadruped_interfaces__rosidl_typesupport_cExport-noconfig.cmake\n'}
[1.682776] (quadruped_interfaces) StdoutLine: {'line': b'-- Up-to-date: /home/jonnydang2004/QUADRAPED/install/quadruped_interfaces/share/quadruped_interfaces/cmake/export_quadruped_interfaces__rosidl_generator_cppExport.cmake\n'}
[1.683193] (quadruped_interfaces) StdoutLine: {'line': b'-- Up-to-date: /home/jonnydang2004/QUADRAPED/install/quadruped_interfaces/share/quadruped_interfaces/cmake/export_quadruped_interfaces__rosidl_typesupport_fastrtps_cppExport.cmake\n'}
[1.683597] (quadruped_interfaces) StdoutLine: {'line': b'-- Up-to-date: /home/jonnydang2004/QUADRAPED/install/quadruped_interfaces/share/quadruped_interfaces/cmake/export_quadruped_interfaces__rosidl_typesupport_fastrtps_cppExport-noconfig.cmake\n'}
[1.684399] (quadruped_interfaces) StdoutLine: {'line': b'-- Up-to-date: /home/jonnydang2004/QUADRAPED/install/quadruped_interfaces/share/quadruped_interfaces/cmake/quadruped_interfaces__rosidl_typesupport_introspection_cppExport.cmake\n'}
[1.684919] (quadruped_interfaces) StdoutLine: {'line': b'-- Up-to-date: /home/jonnydang2004/QUADRAPED/install/quadruped_interfaces/share/quadruped_interfaces/cmake/quadruped_interfaces__rosidl_typesupport_introspection_cppExport-noconfig.cmake\n'}
[1.685283] (quadruped_interfaces) StdoutLine: {'line': b'-- Up-to-date: /home/jonnydang2004/QUADRAPED/install/quadruped_interfaces/share/quadruped_interfaces/cmake/quadruped_interfaces__rosidl_typesupport_cppExport.cmake\n'}
[1.685519] (quadruped_interfaces) StdoutLine: {'line': b'-- Up-to-date: /home/jonnydang2004/QUADRAPED/install/quadruped_interfaces/share/quadruped_interfaces/cmake/quadruped_interfaces__rosidl_typesupport_cppExport-noconfig.cmake\n'}
[1.685951] (quadruped_interfaces) StdoutLine: {'line': b'-- Up-to-date: /home/jonnydang2004/QUADRAPED/install/quadruped_interfaces/share/quadruped_interfaces/cmake/export_quadruped_interfaces__rosidl_generator_pyExport.cmake\n'}
[1.686661] (quadruped_interfaces) StdoutLine: {'line': b'-- Up-to-date: /home/jonnydang2004/QUADRAPED/install/quadruped_interfaces/share/quadruped_interfaces/cmake/export_quadruped_interfaces__rosidl_generator_pyExport-noconfig.cmake\n'}
[1.687175] (quadruped_interfaces) StdoutLine: {'line': b'-- Up-to-date: /home/jonnydang2004/QUADRAPED/install/quadruped_interfaces/share/quadruped_interfaces/cmake/rosidl_cmake-extras.cmake\n'}
[1.687437] (quadruped_interfaces) StdoutLine: {'line': b'-- Up-to-date: /home/jonnydang2004/QUADRAPED/install/quadruped_interfaces/share/quadruped_interfaces/cmake/ament_cmake_export_include_directories-extras.cmake\n'}
[1.687874] (quadruped_interfaces) StdoutLine: {'line': b'-- Up-to-date: /home/jonnydang2004/QUADRAPED/install/quadruped_interfaces/share/quadruped_interfaces/cmake/ament_cmake_export_libraries-extras.cmake\n'}
[1.688148] (quadruped_interfaces) StdoutLine: {'line': b'-- Up-to-date: /home/jonnydang2004/QUADRAPED/install/quadruped_interfaces/share/quadruped_interfaces/cmake/ament_cmake_export_targets-extras.cmake\n'}
[1.688430] (quadruped_interfaces) StdoutLine: {'line': b'-- Up-to-date: /home/jonnydang2004/QUADRAPED/install/quadruped_interfaces/share/quadruped_interfaces/cmake/rosidl_cmake_export_typesupport_targets-extras.cmake\n'}
[1.688732] (quadruped_interfaces) StdoutLine: {'line': b'-- Up-to-date: /home/jonnydang2004/QUADRAPED/install/quadruped_interfaces/share/quadruped_interfaces/cmake/ament_cmake_export_dependencies-extras.cmake\n'}
[1.689089] (quadruped_interfaces) StdoutLine: {'line': b'-- Up-to-date: /home/jonnydang2004/QUADRAPED/install/quadruped_interfaces/share/quadruped_interfaces/cmake/rosidl_cmake_export_typesupport_libraries-extras.cmake\n'}
[1.689506] (quadruped_interfaces) StdoutLine: {'line': b'-- Up-to-date: /home/jonnydang2004/QUADRAPED/install/quadruped_interfaces/share/quadruped_interfaces/cmake/quadruped_interfacesConfig.cmake\n'}
[1.690094] (quadruped_interfaces) StdoutLine: {'line': b'-- Up-to-date: /home/jonnydang2004/QUADRAPED/install/quadruped_interfaces/share/quadruped_interfaces/cmake/quadruped_interfacesConfig-version.cmake\n'}
[1.690299] (quadruped_interfaces) StdoutLine: {'line': b'-- Up-to-date: /home/jonnydang2004/QUADRAPED/install/quadruped_interfaces/share/quadruped_interfaces/package.xml\n'}
[1.693528] (quadruped_interfaces) CommandEnded: {'returncode': 0}
[1.709691] (-) TimerEvent: {}
[1.811072] (-) TimerEvent: {}
[1.912006] (-) TimerEvent: {}
[1.964381] (quadruped_interfaces) JobEnded: {'identifier': 'quadruped_interfaces', 'rc': 0}
[1.967714] (quadruped_control) JobStarted: {'identifier': 'quadruped_control'}
[2.012223] (-) TimerEvent: {}
[2.112809] (-) TimerEvent: {}
[2.213527] (-) TimerEvent: {}
[2.314214] (-) TimerEvent: {}
[2.362911] (quadruped_control) JobProgress: {'identifier': 'quadruped_control', 'progress': 'cmake'}
[2.365571] (quadruped_control) JobProgress: {'identifier': 'quadruped_control', 'progress': 'build'}
[2.366700] (quadruped_control) Command: {'cmd': ['/usr/bin/cmake', '--build', '/home/jonnydang2004/QUADRAPED/build/quadruped_control', '--', '-j4', '-l4'], 'cwd': '/home/jonnydang2004/QUADRAPED/build/quadruped_control', 'env': OrderedDict([('LESSOPEN', '| /usr/bin/lesspipe %s'), ('USER', 'jonnydang2004'), ('GIT_ASKPASS', '/home/jonnydang2004/.vscode-server/bin/38c31bc77e0dd6ae88a4e9cc93428cc27a56ba40/extensions/git/dist/askpass.sh'), ('SHLVL', '1'), ('LD_LIBRARY_PATH', '/home/jonnydang2004/QUADRAPED/install/quadruped_interfaces/lib:/opt/ros/iron/opt/rviz_ogre_vendor/lib:/opt/ros/iron/lib/x86_64-linux-gnu:/opt/ros/iron/lib'), ('HOME', '/home/jonnydang2004'), ('OLDPWD', '/home/jonnydang2004/QUADRAPED/pigpio-74'), ('TERM_PROGRAM_VERSION', '1.93.1'), ('NVM_BIN', '/home/jonnydang2004/.nvm/versions/node/v18.19.0/bin'), ('VSCODE_IPC_HOOK_CLI', '/run/user/1000/vscode-ipc-aeaa321f-954c-44ec-865c-68b87d92bff0.sock'), ('NVM_INC', '/home/jonnydang2004/.nvm/versions/node/v18.19.0/include/node'), ('ROS_PYTHON_VERSION', '3'), ('VSCODE_GIT_ASKPASS_MAIN', '/home/jonnydang2004/.vscode-server/bin/38c31bc77e0dd6ae88a4e9cc93428cc27a56ba40/extensions/git/dist/askpass-main.js'), ('VSCODE_GIT_ASKPASS_NODE', '/home/jonnydang2004/.vscode-server/bin/38c31bc77e0dd6ae88a4e9cc93428cc27a56ba40/node'), ('DBUS_SESSION_BUS_ADDRESS', 'unix:path=/run/user/1000/bus'), ('COLORTERM', 'truecolor'), ('WSL_DISTRO_NAME', 'Ubuntu'), ('NVM_DIR', '/home/jonnydang2004/.nvm'), ('WAYLAND_DISPLAY', 'wayland-0'), ('ROS_DISTRO', 'iron'), ('LOGNAME', 'jonnydang2004'), ('NAME', 'DESKTOP-JO2E52O'), ('WSL_INTEROP', '/run/WSL/33065_interop'), ('PULSE_SERVER', 'unix:/mnt/wslg/PulseServer'), ('_', '/usr/bin/colcon'), ('ROS_VERSION', '2'), ('TERM', 'xterm-256color'), ('_colcon_cd_rott', '/opt/ros/iron/'), ('PATH', '/home/jonnydang2004/.vscode-server/bin/38c31bc77e0dd6ae88a4e9cc93428cc27a56ba40/bin/remote-cli:/home/jonnydang2004/.local/bin:/opt/ros/iron/bin:/home/jonnydang2004/.nvm/versions/node/v18.19.0/bin:/usr/local/sbin:/usr/local/bin:/usr/sbin:/usr/bin:/sbin:/bin:/usr/games:/usr/local/games:/usr/lib/wsl/lib:/mnt/c/Windows/system32:/mnt/c/Windows:/mnt/c/Windows/System32/Wbem:/mnt/c/Windows/System32/WindowsPowerShell/v1.0/:/mnt/c/Windows/System32/OpenSSH/:/mnt/c/Program Files (x86)/Intel/Intel(R) Management Engine Components/DAL:/mnt/c/Program Files/Intel/Intel(R) Management Engine Components/DAL:/mnt/c/Program Files/MATLAB/R2023b/bin:/mnt/c/Program Files/MATLAB/R2022a/bin:/mnt/c/Program Files/Docker/Docker/resources/bin:/mnt/c/Program Files/dotnet/:/mnt/c/Program Files/:/mnt/c/Program Files/Git/cmd:/mnt/c/Program Files (x86)/IVI Foundation/VISA/WinNT/Bin/:/mnt/c/Program Files/IVI Foundation/VISA/Win64/Bin/:/mnt/c/Program Files (x86)/National Instruments/Shared/LabVIEW CLI:/mnt/c/Program Files (x86)/IVI Foundation/IVI/Bin/:/mnt/c/Program Files/IVI Foundation/IVI/Bin/:/mnt/c/Program Files (x86)/IVI Foundation/VISA/WinNT/Bin:/mnt/c/Users/User/AppData/Local/Programs/Python/Python310/Scripts/:/mnt/c/Users/User/AppData/Local/Programs/Python/Python310/:/mnt/c/Users/User/AppData/Local/Microsoft/WindowsApps:/mnt/c/Users/User/AppData/Local/Programs/Microsoft VS Code/bin:/mnt/c/Users/User/AppData/Roaming/npm:/snap/bin:/opt/gradle/gradle-8.5/bin:/opt/gradle/gradle-8.5/bin'), ('XDG_RUNTIME_DIR', '/run/user/1000/'), ('DISPLAY', ':0'), ('LANG', 'en_US.UTF-8'), ('LS_COLORS', 'rs=0:di=01;34:ln=01;36:mh=00:pi=40;33:so=01;35:do=01;35:bd=40;33;01:cd=40;33;01:or=40;31;01:mi=00:su=37;41:sg=30;43:ca=30;41:tw=30;42:ow=34;42:st=37;44:ex=01;32:*.tar=01;31:*.tgz=01;31:*.arc=01;31:*.arj=01;31:*.taz=01;31:*.lha=01;31:*.lz4=01;31:*.lzh=01;31:*.lzma=01;31:*.tlz=01;31:*.txz=01;31:*.tzo=01;31:*.t7z=01;31:*.zip=01;31:*.z=01;31:*.dz=01;31:*.gz=01;31:*.lrz=01;31:*.lz=01;31:*.lzo=01;31:*.xz=01;31:*.zst=01;31:*.tzst=01;31:*.bz2=01;31:*.bz=01;31:*.tbz=01;31:*.tbz2=01;31:*.tz=01;31:*.deb=01;31:*.rpm=01;31:*.jar=01;31:*.war=01;31:*.ear=01;31:*.sar=01;31:*.rar=01;31:*.alz=01;31:*.ace=01;31:*.zoo=01;31:*.cpio=01;31:*.7z=01;31:*.rz=01;31:*.cab=01;31:*.wim=01;31:*.swm=01;31:*.dwm=01;31:*.esd=01;31:*.jpg=01;35:*.jpeg=01;35:*.mjpg=01;35:*.mjpeg=01;35:*.gif=01;35:*.bmp=01;35:*.pbm=01;35:*.pgm=01;35:*.ppm=01;35:*.tga=01;35:*.xbm=01;35:*.xpm=01;35:*.tif=01;35:*.tiff=01;35:*.png=01;35:*.svg=01;35:*.svgz=01;35:*.mng=01;35:*.pcx=01;35:*.mov=01;35:*.mpg=01;35:*.mpeg=01;35:*.m2v=01;35:*.mkv=01;35:*.webm=01;35:*.webp=01;35:*.ogm=01;35:*.mp4=01;35:*.m4v=01;35:*.mp4v=01;35:*.vob=01;35:*.qt=01;35:*.nuv=01;35:*.wmv=01;35:*.asf=01;35:*.rm=01;35:*.rmvb=01;35:*.flc=01;35:*.avi=01;35:*.fli=01;35:*.flv=01;35:*.gl=01;35:*.dl=01;35:*.xcf=01;35:*.xwd=01;35:*.yuv=01;35:*.cgm=01;35:*.emf=01;35:*.ogv=01;35:*.ogx=01;35:*.aac=00;36:*.au=00;36:*.flac=00;36:*.m4a=00;36:*.mid=00;36:*.midi=00;36:*.mka=00;36:*.mp3=00;36:*.mpc=00;36:*.ogg=00;36:*.ra=00;36:*.wav=00;36:*.oga=00;36:*.opus=00;36:*.spx=00;36:*.xspf=00;36:'), ('VSCODE_GIT_IPC_HANDLE', '/run/user/1000/vscode-git-f95bf93406.sock'), ('TERM_PROGRAM', 'vscode'), ('AMENT_PREFIX_PATH', '/home/jonnydang2004/QUADRAPED/install/quadruped_interfaces:/opt/ros/iron'), ('SHELL', '/bin/bash'), ('LESSCLOSE', '/usr/bin/lesspipe %s %s'), ('ROS_AUTOMATIC_DISCOVERY_RANGE', 'SUBNET'), ('VSCODE_GIT_ASKPASS_EXTRA_ARGS', ''), ('PWD', '/home/jonnydang2004/QUADRAPED/build/quadruped_control'), ('NVM_CD_FLAGS', ''), ('XDG_DATA_DIRS', '/usr/local/share:/usr/share:/var/lib/snapd/desktop'), ('PYTHONPATH', '/home/jonnydang2004/QUADRAPED/install/quadruped_interfaces/lib/python3.10/site-packages:/opt/ros/iron/lib/python3.10/site-packages'), ('COLCON', '1'), ('WSL2_GUI_APPS_ENABLED', '1'), ('HOSTTYPE', 'x86_64'), ('WSLENV', 'VSCODE_WSL_EXT_LOCATION/up'), ('CMAKE_PREFIX_PATH', '/home/jonnydang2004/QUADRAPED/install/quadruped_interfaces:/opt/ros/iron')]), 'shell': False}
[2.417313] (-) TimerEvent: {}
[2.517885] (-) TimerEvent: {}
[2.618515] (-) TimerEvent: {}
[2.650166] (quadruped_control) StdoutLine: {'line': b'\x1b[35m\x1b[1mConsolidate compiler generated dependencies of target motor_config\x1b[0m\n'}
[2.696518] (quadruped_control) StdoutLine: {'line': b'[ 50%] Built target inverse_kinematics\n'}
[2.718704] (-) TimerEvent: {}
[2.731301] (quadruped_control) StdoutLine: {'line': b'[ 75%] \x1b[32mBuilding CXX object CMakeFiles/motor_config.dir/src/motor_config.cpp.o\x1b[0m\n'}
[2.818895] (-) TimerEvent: {}
[2.919487] (-) TimerEvent: {}
[3.020096] (-) TimerEvent: {}
[3.120863] (-) TimerEvent: {}
[3.222347] (-) TimerEvent: {}
[3.322987] (-) TimerEvent: {}
[3.423598] (-) TimerEvent: {}
[3.524114] (-) TimerEvent: {}
[3.624667] (-) TimerEvent: {}
[3.725295] (-) TimerEvent: {}
[3.825876] (-) TimerEvent: {}
[3.926471] (-) TimerEvent: {}
[4.027022] (-) TimerEvent: {}
[4.127664] (-) TimerEvent: {}
[4.228309] (-) TimerEvent: {}
[4.328897] (-) TimerEvent: {}
[4.429488] (-) TimerEvent: {}
[4.530051] (-) TimerEvent: {}
[4.630592] (-) TimerEvent: {}
[4.731184] (-) TimerEvent: {}
[4.831765] (-) TimerEvent: {}
[4.932409] (-) TimerEvent: {}
[5.033000] (-) TimerEvent: {}
[5.133656] (-) TimerEvent: {}
[5.234292] (-) TimerEvent: {}
[5.334891] (-) TimerEvent: {}
[5.435678] (-) TimerEvent: {}
[5.536673] (-) TimerEvent: {}
[5.640333] (-) TimerEvent: {}
[5.742123] (-) TimerEvent: {}
[5.842611] (-) TimerEvent: {}
[5.943101] (-) TimerEvent: {}
[6.043598] (-) TimerEvent: {}
[6.144162] (-) TimerEvent: {}
[6.244769] (-) TimerEvent: {}
[6.345323] (-) TimerEvent: {}
[6.445902] (-) TimerEvent: {}
[6.546438] (-) TimerEvent: {}
[6.646955] (-) TimerEvent: {}
[6.747492] (-) TimerEvent: {}
[6.848077] (-) TimerEvent: {}
[6.948584] (-) TimerEvent: {}
[7.048972] (-) TimerEvent: {}
[7.149492] (-) TimerEvent: {}
[7.250081] (-) TimerEvent: {}
[7.350916] (-) TimerEvent: {}
[7.452037] (-) TimerEvent: {}
[7.553079] (-) TimerEvent: {}
[7.653900] (-) TimerEvent: {}
[7.754450] (-) TimerEvent: {}
[7.854993] (-) TimerEvent: {}
[7.955540] (-) TimerEvent: {}
[8.056124] (-) TimerEvent: {}
[8.156833] (-) TimerEvent: {}
[8.257408] (-) TimerEvent: {}
[8.358022] (-) TimerEvent: {}
[8.458877] (-) TimerEvent: {}
[8.559533] (-) TimerEvent: {}
[8.660092] (-) TimerEvent: {}
[8.760636] (-) TimerEvent: {}
[8.861150] (-) TimerEvent: {}
[8.961842] (-) TimerEvent: {}
[9.062417] (-) TimerEvent: {}
[9.162969] (-) TimerEvent: {}
[9.263513] (-) TimerEvent: {}
[9.364142] (-) TimerEvent: {}
[9.464778] (-) TimerEvent: {}
[9.565397] (-) TimerEvent: {}
[9.667602] (-) TimerEvent: {}
[9.768230] (-) TimerEvent: {}
[9.868759] (-) TimerEvent: {}
[9.970385] (-) TimerEvent: {}
[10.070841] (-) TimerEvent: {}
[10.205723] (-) TimerEvent: {}
[10.306443] (-) TimerEvent: {}
[10.407045] (-) TimerEvent: {}
[10.516968] (-) TimerEvent: {}
[10.617626] (-) TimerEvent: {}
[10.718276] (-) TimerEvent: {}
[10.818881] (-) TimerEvent: {}
[10.919508] (-) TimerEvent: {}
[11.020151] (-) TimerEvent: {}
[11.120787] (-) TimerEvent: {}
[11.221386] (-) TimerEvent: {}
[11.322045] (-) TimerEvent: {}
[11.422651] (-) TimerEvent: {}
[11.523195] (-) TimerEvent: {}
[11.623715] (-) TimerEvent: {}
[11.724275] (-) TimerEvent: {}
[11.824820] (-) TimerEvent: {}
[11.925419] (-) TimerEvent: {}
[12.025988] (-) TimerEvent: {}
[12.032640] (quadruped_control) StderrLine: {'line': b'\x1b[01m\x1b[K/home/jonnydang2004/QUADRAPED/src/quadruped_control/src/motor_config.cpp:\x1b[m\x1b[K In constructor \xe2\x80\x98\x1b[01m\x1b[KMotorConfig::MotorConfig()\x1b[m\x1b[K\xe2\x80\x99:\n'}
[12.035983] (quadruped_control) StderrLine: {'line': b'\x1b[01m\x1b[K/home/jonnydang2004/QUADRAPED/src/quadruped_control/src/motor_config.cpp:20:55:\x1b[m\x1b[K \x1b[01;31m\x1b[Kerror: \x1b[m\x1b[Kno matching function for call to \xe2\x80\x98\x1b[01m\x1b[KServo::Servo()\x1b[m\x1b[K\xe2\x80\x99\n'}
[12.036396] (quadruped_control) StderrLine: {'line': b'   20 |     : Node("motor_config"), pwm_max(2400), pwm_min(370\x1b[01;31m\x1b[K)\x1b[m\x1b[K\n'}
[12.039008] (quadruped_control) StderrLine: {'line': b'      |                                                       \x1b[01;31m\x1b[K^\x1b[m\x1b[K\n'}
[12.039391] (quadruped_control) StderrLine: {'line': b'In file included from \x1b[01m\x1b[K/home/jonnydang2004/QUADRAPED/src/quadruped_control/src/motor_config.cpp:7\x1b[m\x1b[K:\n'}
[12.039640] (quadruped_control) StderrLine: {'line': b'\x1b[01m\x1b[K/home/jonnydang2004/QUADRAPED/src/quadruped_control/src/Servo.h:7:5:\x1b[m\x1b[K \x1b[01;36m\x1b[Knote: \x1b[m\x1b[Kcandidate: \xe2\x80\x98\x1b[01m\x1b[KServo::Servo(uint8_t)\x1b[m\x1b[K\xe2\x80\x99\n'}
[12.039852] (quadruped_control) StderrLine: {'line': b'    7 |     \x1b[01;36m\x1b[KServo\x1b[m\x1b[K(uint8_t gp);\n'}
[12.040046] (quadruped_control) StderrLine: {'line': b'      |     \x1b[01;36m\x1b[K^~~~~\x1b[m\x1b[K\n'}
[12.040302] (quadruped_control) StderrLine: {'line': b'\x1b[01m\x1b[K/home/jonnydang2004/QUADRAPED/src/quadruped_control/src/Servo.h:7:5:\x1b[m\x1b[K \x1b[01;36m\x1b[Knote: \x1b[m\x1b[K  candidate expects 1 argument, 0 provided\n'}
[12.040510] (quadruped_control) StderrLine: {'line': b'\x1b[01m\x1b[K/home/jonnydang2004/QUADRAPED/src/quadruped_control/src/Servo.h:5:7:\x1b[m\x1b[K \x1b[01;36m\x1b[Knote: \x1b[m\x1b[Kcandidate: \xe2\x80\x98\x1b[01m\x1b[Kconstexpr Servo::Servo(const Servo&)\x1b[m\x1b[K\xe2\x80\x99\n'}
[12.040721] (quadruped_control) StderrLine: {'line': b'    5 | class \x1b[01;36m\x1b[KServo\x1b[m\x1b[K {\n'}
[12.040915] (quadruped_control) StderrLine: {'line': b'      |       \x1b[01;36m\x1b[K^~~~~\x1b[m\x1b[K\n'}
[12.041167] (quadruped_control) StderrLine: {'line': b'\x1b[01m\x1b[K/home/jonnydang2004/QUADRAPED/src/quadruped_control/src/Servo.h:5:7:\x1b[m\x1b[K \x1b[01;36m\x1b[Knote: \x1b[m\x1b[K  candidate expects 1 argument, 0 provided\n'}
[12.041378] (quadruped_control) StderrLine: {'line': b'\x1b[01m\x1b[K/home/jonnydang2004/QUADRAPED/src/quadruped_control/src/Servo.h:5:7:\x1b[m\x1b[K \x1b[01;36m\x1b[Knote: \x1b[m\x1b[Kcandidate: \xe2\x80\x98\x1b[01m\x1b[Kconstexpr Servo::Servo(Servo&&)\x1b[m\x1b[K\xe2\x80\x99\n'}
[12.041626] (quadruped_control) StderrLine: {'line': b'\x1b[01m\x1b[K/home/jonnydang2004/QUADRAPED/src/quadruped_control/src/Servo.h:5:7:\x1b[m\x1b[K \x1b[01;36m\x1b[Knote: \x1b[m\x1b[K  candidate expects 1 argument, 0 provided\n'}
[12.055382] (quadruped_control) StderrLine: {'line': b'\x1b[01m\x1b[K/home/jonnydang2004/QUADRAPED/src/quadruped_control/src/motor_config.cpp:20:55:\x1b[m\x1b[K \x1b[01;31m\x1b[Kerror: \x1b[m\x1b[Kno matching function for call to \xe2\x80\x98\x1b[01m\x1b[KServo::Servo()\x1b[m\x1b[K\xe2\x80\x99\n'}
[12.056516] (quadruped_control) StderrLine: {'line': b'   20 |     : Node("motor_config"), pwm_max(2400), pwm_min(370\x1b[01;31m\x1b[K)\x1b[m\x1b[K\n'}
[12.058888] (quadruped_control) StderrLine: {'line': b'      |                                                       \x1b[01;31m\x1b[K^\x1b[m\x1b[K\n'}
[12.059796] (quadruped_control) StderrLine: {'line': b'In file included from \x1b[01m\x1b[K/home/jonnydang2004/QUADRAPED/src/quadruped_control/src/motor_config.cpp:7\x1b[m\x1b[K:\n'}
[12.060300] (quadruped_control) StderrLine: {'line': b'\x1b[01m\x1b[K/home/jonnydang2004/QUADRAPED/src/quadruped_control/src/Servo.h:7:5:\x1b[m\x1b[K \x1b[01;36m\x1b[Knote: \x1b[m\x1b[Kcandidate: \xe2\x80\x98\x1b[01m\x1b[KServo::Servo(uint8_t)\x1b[m\x1b[K\xe2\x80\x99\n'}
[12.060945] (quadruped_control) StderrLine: {'line': b'    7 |     \x1b[01;36m\x1b[KServo\x1b[m\x1b[K(uint8_t gp);\n'}
[12.062538] (quadruped_control) StderrLine: {'line': b'      |     \x1b[01;36m\x1b[K^~~~~\x1b[m\x1b[K\n'}
[12.062850] (quadruped_control) StderrLine: {'line': b'\x1b[01m\x1b[K/home/jonnydang2004/QUADRAPED/src/quadruped_control/src/Servo.h:7:5:\x1b[m\x1b[K \x1b[01;36m\x1b[Knote: \x1b[m\x1b[K  candidate expects 1 argument, 0 provided\n'}
[12.063118] (quadruped_control) StderrLine: {'line': b'\x1b[01m\x1b[K/home/jonnydang2004/QUADRAPED/src/quadruped_control/src/Servo.h:5:7:\x1b[m\x1b[K \x1b[01;36m\x1b[Knote: \x1b[m\x1b[Kcandidate: \xe2\x80\x98\x1b[01m\x1b[Kconstexpr Servo::Servo(const Servo&)\x1b[m\x1b[K\xe2\x80\x99\n'}
[12.063350] (quadruped_control) StderrLine: {'line': b'    5 | class \x1b[01;36m\x1b[KServo\x1b[m\x1b[K {\n'}
[12.063518] (quadruped_control) StderrLine: {'line': b'      |       \x1b[01;36m\x1b[K^~~~~\x1b[m\x1b[K\n'}
[12.063667] (quadruped_control) StderrLine: {'line': b'\x1b[01m\x1b[K/home/jonnydang2004/QUADRAPED/src/quadruped_control/src/Servo.h:5:7:\x1b[m\x1b[K \x1b[01;36m\x1b[Knote: \x1b[m\x1b[K  candidate expects 1 argument, 0 provided\n'}
[12.063834] (quadruped_control) StderrLine: {'line': b'\x1b[01m\x1b[K/home/jonnydang2004/QUADRAPED/src/quadruped_control/src/Servo.h:5:7:\x1b[m\x1b[K \x1b[01;36m\x1b[Knote: \x1b[m\x1b[Kcandidate: \xe2\x80\x98\x1b[01m\x1b[Kconstexpr Servo::Servo(Servo&&)\x1b[m\x1b[K\xe2\x80\x99\n'}
[12.064021] (quadruped_control) StderrLine: {'line': b'\x1b[01m\x1b[K/home/jonnydang2004/QUADRAPED/src/quadruped_control/src/Servo.h:5:7:\x1b[m\x1b[K \x1b[01;36m\x1b[Knote: \x1b[m\x1b[K  candidate expects 1 argument, 0 provided\n'}
[12.064267] (quadruped_control) StderrLine: {'line': b'\x1b[01m\x1b[K/home/jonnydang2004/QUADRAPED/src/quadruped_control/src/motor_config.cpp:20:55:\x1b[m\x1b[K \x1b[01;31m\x1b[Kerror: \x1b[m\x1b[Kno matching function for call to \xe2\x80\x98\x1b[01m\x1b[KServo::Servo()\x1b[m\x1b[K\xe2\x80\x99\n'}
[12.064432] (quadruped_control) StderrLine: {'line': b'   20 |     : Node("motor_config"), pwm_max(2400), pwm_min(370\x1b[01;31m\x1b[K)\x1b[m\x1b[K\n'}
[12.064585] (quadruped_control) StderrLine: {'line': b'      |                                                       \x1b[01;31m\x1b[K^\x1b[m\x1b[K\n'}
[12.064753] (quadruped_control) StderrLine: {'line': b'In file included from \x1b[01m\x1b[K/home/jonnydang2004/QUADRAPED/src/quadruped_control/src/motor_config.cpp:7\x1b[m\x1b[K:\n'}
[12.064945] (quadruped_control) StderrLine: {'line': b'\x1b[01m\x1b[K/home/jonnydang2004/QUADRAPED/src/quadruped_control/src/Servo.h:7:5:\x1b[m\x1b[K \x1b[01;36m\x1b[Knote: \x1b[m\x1b[Kcandidate: \xe2\x80\x98\x1b[01m\x1b[KServo::Servo(uint8_t)\x1b[m\x1b[K\xe2\x80\x99\n'}
[12.065242] (quadruped_control) StderrLine: {'line': b'    7 |     \x1b[01;36m\x1b[KServo\x1b[m\x1b[K(uint8_t gp);\n'}
[12.065440] (quadruped_control) StderrLine: {'line': b'      |     \x1b[01;36m\x1b[K^~~~~\x1b[m\x1b[K\n'}
[12.065632] (quadruped_control) StderrLine: {'line': b'\x1b[01m\x1b[K/home/jonnydang2004/QUADRAPED/src/quadruped_control/src/Servo.h:7:5:\x1b[m\x1b[K \x1b[01;36m\x1b[Knote: \x1b[m\x1b[K  candidate expects 1 argument, 0 provided\n'}
[12.065853] (quadruped_control) StderrLine: {'line': b'\x1b[01m\x1b[K/home/jonnydang2004/QUADRAPED/src/quadruped_control/src/Servo.h:5:7:\x1b[m\x1b[K \x1b[01;36m\x1b[Knote: \x1b[m\x1b[Kcandidate: \xe2\x80\x98\x1b[01m\x1b[Kconstexpr Servo::Servo(const Servo&)\x1b[m\x1b[K\xe2\x80\x99\n'}
[12.066127] (quadruped_control) StderrLine: {'line': b'    5 | class \x1b[01;36m\x1b[KServo\x1b[m\x1b[K {\n'}
[12.066363] (quadruped_control) StderrLine: {'line': b'      |       \x1b[01;36m\x1b[K^~~~~\x1b[m\x1b[K\n'}
[12.066576] (quadruped_control) StderrLine: {'line': b'\x1b[01m\x1b[K/home/jonnydang2004/QUADRAPED/src/quadruped_control/src/Servo.h:5:7:\x1b[m\x1b[K \x1b[01;36m\x1b[Knote: \x1b[m\x1b[K  candidate expects 1 argument, 0 provided\n'}
[12.066842] (quadruped_control) StderrLine: {'line': b'\x1b[01m\x1b[K/home/jonnydang2004/QUADRAPED/src/quadruped_control/src/Servo.h:5:7:\x1b[m\x1b[K \x1b[01;36m\x1b[Knote: \x1b[m\x1b[Kcandidate: \xe2\x80\x98\x1b[01m\x1b[Kconstexpr Servo::Servo(Servo&&)\x1b[m\x1b[K\xe2\x80\x99\n'}
[12.067115] (quadruped_control) StderrLine: {'line': b'\x1b[01m\x1b[K/home/jonnydang2004/QUADRAPED/src/quadruped_control/src/Servo.h:5:7:\x1b[m\x1b[K \x1b[01;36m\x1b[Knote: \x1b[m\x1b[K  candidate expects 1 argument, 0 provided\n'}
[12.067342] (quadruped_control) StderrLine: {'line': b'\x1b[01m\x1b[K/home/jonnydang2004/QUADRAPED/src/quadruped_control/src/motor_config.cpp:20:55:\x1b[m\x1b[K \x1b[01;31m\x1b[Kerror: \x1b[m\x1b[Kno matching function for call to \xe2\x80\x98\x1b[01m\x1b[KServo::Servo()\x1b[m\x1b[K\xe2\x80\x99\n'}
[12.067610] (quadruped_control) StderrLine: {'line': b'   20 |     : Node("motor_config"), pwm_max(2400), pwm_min(370\x1b[01;31m\x1b[K)\x1b[m\x1b[K\n'}
[12.067864] (quadruped_control) StderrLine: {'line': b'      |                                                       \x1b[01;31m\x1b[K^\x1b[m\x1b[K\n'}
[12.068063] (quadruped_control) StderrLine: {'line': b'In file included from \x1b[01m\x1b[K/home/jonnydang2004/QUADRAPED/src/quadruped_control/src/motor_config.cpp:7\x1b[m\x1b[K:\n'}
[12.068247] (quadruped_control) StderrLine: {'line': b'\x1b[01m\x1b[K/home/jonnydang2004/QUADRAPED/src/quadruped_control/src/Servo.h:7:5:\x1b[m\x1b[K \x1b[01;36m\x1b[Knote: \x1b[m\x1b[Kcandidate: \xe2\x80\x98\x1b[01m\x1b[KServo::Servo(uint8_t)\x1b[m\x1b[K\xe2\x80\x99\n'}
[12.068439] (quadruped_control) StderrLine: {'line': b'    7 |     \x1b[01;36m\x1b[KServo\x1b[m\x1b[K(uint8_t gp);\n'}
[12.068659] (quadruped_control) StderrLine: {'line': b'      |     \x1b[01;36m\x1b[K^~~~~\x1b[m\x1b[K\n'}
[12.068859] (quadruped_control) StderrLine: {'line': b'\x1b[01m\x1b[K/home/jonnydang2004/QUADRAPED/src/quadruped_control/src/Servo.h:7:5:\x1b[m\x1b[K \x1b[01;36m\x1b[Knote: \x1b[m\x1b[K  candidate expects 1 argument, 0 provided\n'}
[12.069049] (quadruped_control) StderrLine: {'line': b'\x1b[01m\x1b[K/home/jonnydang2004/QUADRAPED/src/quadruped_control/src/Servo.h:5:7:\x1b[m\x1b[K \x1b[01;36m\x1b[Knote: \x1b[m\x1b[Kcandidate: \xe2\x80\x98\x1b[01m\x1b[Kconstexpr Servo::Servo(const Servo&)\x1b[m\x1b[K\xe2\x80\x99\n'}
[12.069242] (quadruped_control) StderrLine: {'line': b'    5 | class \x1b[01;36m\x1b[KServo\x1b[m\x1b[K {\n'}
[12.069426] (quadruped_control) StderrLine: {'line': b'      |       \x1b[01;36m\x1b[K^~~~~\x1b[m\x1b[K\n'}
[12.069650] (quadruped_control) StderrLine: {'line': b'\x1b[01m\x1b[K/home/jonnydang2004/QUADRAPED/src/quadruped_control/src/Servo.h:5:7:\x1b[m\x1b[K \x1b[01;36m\x1b[Knote: \x1b[m\x1b[K  candidate expects 1 argument, 0 provided\n'}
[12.069853] (quadruped_control) StderrLine: {'line': b'\x1b[01m\x1b[K/home/jonnydang2004/QUADRAPED/src/quadruped_control/src/Servo.h:5:7:\x1b[m\x1b[K \x1b[01;36m\x1b[Knote: \x1b[m\x1b[Kcandidate: \xe2\x80\x98\x1b[01m\x1b[Kconstexpr Servo::Servo(Servo&&)\x1b[m\x1b[K\xe2\x80\x99\n'}
[12.070042] (quadruped_control) StderrLine: {'line': b'\x1b[01m\x1b[K/home/jonnydang2004/QUADRAPED/src/quadruped_control/src/Servo.h:5:7:\x1b[m\x1b[K \x1b[01;36m\x1b[Knote: \x1b[m\x1b[K  candidate expects 1 argument, 0 provided\n'}
[12.070244] (quadruped_control) StderrLine: {'line': b'\x1b[01m\x1b[K/home/jonnydang2004/QUADRAPED/src/quadruped_control/src/motor_config.cpp:20:55:\x1b[m\x1b[K \x1b[01;31m\x1b[Kerror: \x1b[m\x1b[Kno matching function for call to \xe2\x80\x98\x1b[01m\x1b[KServo::Servo()\x1b[m\x1b[K\xe2\x80\x99\n'}
[12.070453] (quadruped_control) StderrLine: {'line': b'   20 |     : Node("motor_config"), pwm_max(2400), pwm_min(370\x1b[01;31m\x1b[K)\x1b[m\x1b[K\n'}
[12.070681] (quadruped_control) StderrLine: {'line': b'      |                                                       \x1b[01;31m\x1b[K^\x1b[m\x1b[K\n'}
[12.070964] (quadruped_control) StderrLine: {'line': b'In file included from \x1b[01m\x1b[K/home/jonnydang2004/QUADRAPED/src/quadruped_control/src/motor_config.cpp:7\x1b[m\x1b[K:\n'}
[12.072425] (quadruped_control) StderrLine: {'line': b'\x1b[01m\x1b[K/home/jonnydang2004/QUADRAPED/src/quadruped_control/src/Servo.h:7:5:\x1b[m\x1b[K \x1b[01;36m\x1b[Knote: \x1b[m\x1b[Kcandidate: \xe2\x80\x98\x1b[01m\x1b[KServo::Servo(uint8_t)\x1b[m\x1b[K\xe2\x80\x99\n'}
[12.072853] (quadruped_control) StderrLine: {'line': b'    7 |     \x1b[01;36m\x1b[KServo\x1b[m\x1b[K(uint8_t gp);\n'}
[12.073200] (quadruped_control) StderrLine: {'line': b'      |     \x1b[01;36m\x1b[K^~~~~\x1b[m\x1b[K\n'}
[12.073348] (quadruped_control) StderrLine: {'line': b'\x1b[01m\x1b[K/home/jonnydang2004/QUADRAPED/src/quadruped_control/src/Servo.h:7:5:\x1b[m\x1b[K \x1b[01;36m\x1b[Knote: \x1b[m\x1b[K  candidate expects 1 argument, 0 provided\n'}
[12.073495] (quadruped_control) StderrLine: {'line': b'\x1b[01m\x1b[K/home/jonnydang2004/QUADRAPED/src/quadruped_control/src/Servo.h:5:7:\x1b[m\x1b[K \x1b[01;36m\x1b[Knote: \x1b[m\x1b[Kcandidate: \xe2\x80\x98\x1b[01m\x1b[Kconstexpr Servo::Servo(const Servo&)\x1b[m\x1b[K\xe2\x80\x99\n'}
[12.073715] (quadruped_control) StderrLine: {'line': b'    5 | class \x1b[01;36m\x1b[KServo\x1b[m\x1b[K {\n'}
[12.073866] (quadruped_control) StderrLine: {'line': b'      |       \x1b[01;36m\x1b[K^~~~~\x1b[m\x1b[K\n'}
[12.074002] (quadruped_control) StderrLine: {'line': b'\x1b[01m\x1b[K/home/jonnydang2004/QUADRAPED/src/quadruped_control/src/Servo.h:5:7:\x1b[m\x1b[K \x1b[01;36m\x1b[Knote: \x1b[m\x1b[K  candidate expects 1 argument, 0 provided\n'}
[12.074136] (quadruped_control) StderrLine: {'line': b'\x1b[01m\x1b[K/home/jonnydang2004/QUADRAPED/src/quadruped_control/src/Servo.h:5:7:\x1b[m\x1b[K \x1b[01;36m\x1b[Knote: \x1b[m\x1b[Kcandidate: \xe2\x80\x98\x1b[01m\x1b[Kconstexpr Servo::Servo(Servo&&)\x1b[m\x1b[K\xe2\x80\x99\n'}
[12.074278] (quadruped_control) StderrLine: {'line': b'\x1b[01m\x1b[K/home/jonnydang2004/QUADRAPED/src/quadruped_control/src/Servo.h:5:7:\x1b[m\x1b[K \x1b[01;36m\x1b[Knote: \x1b[m\x1b[K  candidate expects 1 argument, 0 provided\n'}
[12.074435] (quadruped_control) StderrLine: {'line': b'\x1b[01m\x1b[K/home/jonnydang2004/QUADRAPED/src/quadruped_control/src/motor_config.cpp:20:55:\x1b[m\x1b[K \x1b[01;31m\x1b[Kerror: \x1b[m\x1b[Kno matching function for call to \xe2\x80\x98\x1b[01m\x1b[KServo::Servo()\x1b[m\x1b[K\xe2\x80\x99\n'}
[12.074575] (quadruped_control) StderrLine: {'line': b'   20 |     : Node("motor_config"), pwm_max(2400), pwm_min(370\x1b[01;31m\x1b[K)\x1b[m\x1b[K\n'}
[12.074798] (quadruped_control) StderrLine: {'line': b'      |                                                       \x1b[01;31m\x1b[K^\x1b[m\x1b[K\n'}
[12.074947] (quadruped_control) StderrLine: {'line': b'In file included from \x1b[01m\x1b[K/home/jonnydang2004/QUADRAPED/src/quadruped_control/src/motor_config.cpp:7\x1b[m\x1b[K:\n'}
[12.075092] (quadruped_control) StderrLine: {'line': b'\x1b[01m\x1b[K/home/jonnydang2004/QUADRAPED/src/quadruped_control/src/Servo.h:7:5:\x1b[m\x1b[K \x1b[01;36m\x1b[Knote: \x1b[m\x1b[Kcandidate: \xe2\x80\x98\x1b[01m\x1b[KServo::Servo(uint8_t)\x1b[m\x1b[K\xe2\x80\x99\n'}
[12.075233] (quadruped_control) StderrLine: {'line': b'    7 |     \x1b[01;36m\x1b[KServo\x1b[m\x1b[K(uint8_t gp);\n'}
[12.075395] (quadruped_control) StderrLine: {'line': b'      |     \x1b[01;36m\x1b[K^~~~~\x1b[m\x1b[K\n'}
[12.075562] (quadruped_control) StderrLine: {'line': b'\x1b[01m\x1b[K/home/jonnydang2004/QUADRAPED/src/quadruped_control/src/Servo.h:7:5:\x1b[m\x1b[K \x1b[01;36m\x1b[Knote: \x1b[m\x1b[K  candidate expects 1 argument, 0 provided\n'}
[12.076006] (quadruped_control) StderrLine: {'line': b'\x1b[01m\x1b[K/home/jonnydang2004/QUADRAPED/src/quadruped_control/src/Servo.h:5:7:\x1b[m\x1b[K \x1b[01;36m\x1b[Knote: \x1b[m\x1b[Kcandidate: \xe2\x80\x98\x1b[01m\x1b[Kconstexpr Servo::Servo(const Servo&)\x1b[m\x1b[K\xe2\x80\x99\n'}
[12.076251] (quadruped_control) StderrLine: {'line': b'    5 | class \x1b[01;36m\x1b[KServo\x1b[m\x1b[K {\n'}
[12.076448] (quadruped_control) StderrLine: {'line': b'      |       \x1b[01;36m\x1b[K^~~~~\x1b[m\x1b[K\n'}
[12.076728] (quadruped_control) StderrLine: {'line': b'\x1b[01m\x1b[K/home/jonnydang2004/QUADRAPED/src/quadruped_control/src/Servo.h:5:7:\x1b[m\x1b[K \x1b[01;36m\x1b[Knote: \x1b[m\x1b[K  candidate expects 1 argument, 0 provided\n'}
[12.076941] (quadruped_control) StderrLine: {'line': b'\x1b[01m\x1b[K/home/jonnydang2004/QUADRAPED/src/quadruped_control/src/Servo.h:5:7:\x1b[m\x1b[K \x1b[01;36m\x1b[Knote: \x1b[m\x1b[Kcandidate: \xe2\x80\x98\x1b[01m\x1b[Kconstexpr Servo::Servo(Servo&&)\x1b[m\x1b[K\xe2\x80\x99\n'}
[12.077126] (quadruped_control) StderrLine: {'line': b'\x1b[01m\x1b[K/home/jonnydang2004/QUADRAPED/src/quadruped_control/src/Servo.h:5:7:\x1b[m\x1b[K \x1b[01;36m\x1b[Knote: \x1b[m\x1b[K  candidate expects 1 argument, 0 provided\n'}
[12.077313] (quadruped_control) StderrLine: {'line': b'\x1b[01m\x1b[K/home/jonnydang2004/QUADRAPED/src/quadruped_control/src/motor_config.cpp:20:55:\x1b[m\x1b[K \x1b[01;31m\x1b[Kerror: \x1b[m\x1b[Kno matching function for call to \xe2\x80\x98\x1b[01m\x1b[KServo::Servo()\x1b[m\x1b[K\xe2\x80\x99\n'}
[12.077487] (quadruped_control) StderrLine: {'line': b'   20 |     : Node("motor_config"), pwm_max(2400), pwm_min(370\x1b[01;31m\x1b[K)\x1b[m\x1b[K\n'}
[12.077749] (quadruped_control) StderrLine: {'line': b'      |                                                       \x1b[01;31m\x1b[K^\x1b[m\x1b[K\n'}
[12.079753] (quadruped_control) StderrLine: {'line': b'In file included from \x1b[01m\x1b[K/home/jonnydang2004/QUADRAPED/src/quadruped_control/src/motor_config.cpp:7\x1b[m\x1b[K:\n'}
[12.080077] (quadruped_control) StderrLine: {'line': b'\x1b[01m\x1b[K/home/jonnydang2004/QUADRAPED/src/quadruped_control/src/Servo.h:7:5:\x1b[m\x1b[K \x1b[01;36m\x1b[Knote: \x1b[m\x1b[Kcandidate: \xe2\x80\x98\x1b[01m\x1b[KServo::Servo(uint8_t)\x1b[m\x1b[K\xe2\x80\x99\n'}
[12.080288] (quadruped_control) StderrLine: {'line': b'    7 |     \x1b[01;36m\x1b[KServo\x1b[m\x1b[K(uint8_t gp);\n'}
[12.080480] (quadruped_control) StderrLine: {'line': b'      |     \x1b[01;36m\x1b[K^~~~~\x1b[m\x1b[K\n'}
[12.080796] (quadruped_control) StderrLine: {'line': b'\x1b[01m\x1b[K/home/jonnydang2004/QUADRAPED/src/quadruped_control/src/Servo.h:7:5:\x1b[m\x1b[K \x1b[01;36m\x1b[Knote: \x1b[m\x1b[K  candidate expects 1 argument, 0 provided\n'}
[12.081009] (quadruped_control) StderrLine: {'line': b'\x1b[01m\x1b[K/home/jonnydang2004/QUADRAPED/src/quadruped_control/src/Servo.h:5:7:\x1b[m\x1b[K \x1b[01;36m\x1b[Knote: \x1b[m\x1b[Kcandidate: \xe2\x80\x98\x1b[01m\x1b[Kconstexpr Servo::Servo(const Servo&)\x1b[m\x1b[K\xe2\x80\x99\n'}
[12.081234] (quadruped_control) StderrLine: {'line': b'    5 | class \x1b[01;36m\x1b[KServo\x1b[m\x1b[K {\n'}
[12.081411] (quadruped_control) StderrLine: {'line': b'      |       \x1b[01;36m\x1b[K^~~~~\x1b[m\x1b[K\n'}
[12.081563] (quadruped_control) StderrLine: {'line': b'\x1b[01m\x1b[K/home/jonnydang2004/QUADRAPED/src/quadruped_control/src/Servo.h:5:7:\x1b[m\x1b[K \x1b[01;36m\x1b[Knote: \x1b[m\x1b[K  candidate expects 1 argument, 0 provided\n'}
[12.081776] (quadruped_control) StderrLine: {'line': b'\x1b[01m\x1b[K/home/jonnydang2004/QUADRAPED/src/quadruped_control/src/Servo.h:5:7:\x1b[m\x1b[K \x1b[01;36m\x1b[Knote: \x1b[m\x1b[Kcandidate: \xe2\x80\x98\x1b[01m\x1b[Kconstexpr Servo::Servo(Servo&&)\x1b[m\x1b[K\xe2\x80\x99\n'}
[12.082005] (quadruped_control) StderrLine: {'line': b'\x1b[01m\x1b[K/home/jonnydang2004/QUADRAPED/src/quadruped_control/src/Servo.h:5:7:\x1b[m\x1b[K \x1b[01;36m\x1b[Knote: \x1b[m\x1b[K  candidate expects 1 argument, 0 provided\n'}
[12.082222] (quadruped_control) StderrLine: {'line': b'\x1b[01m\x1b[K/home/jonnydang2004/QUADRAPED/src/quadruped_control/src/motor_config.cpp:20:55:\x1b[m\x1b[K \x1b[01;31m\x1b[Kerror: \x1b[m\x1b[Kno matching function for call to \xe2\x80\x98\x1b[01m\x1b[KServo::Servo()\x1b[m\x1b[K\xe2\x80\x99\n'}
[12.082429] (quadruped_control) StderrLine: {'line': b'   20 |     : Node("motor_config"), pwm_max(2400), pwm_min(370\x1b[01;31m\x1b[K)\x1b[m\x1b[K\n'}
[12.082651] (quadruped_control) StderrLine: {'line': b'      |                                                       \x1b[01;31m\x1b[K^\x1b[m\x1b[K\n'}
[12.082861] (quadruped_control) StderrLine: {'line': b'In file included from \x1b[01m\x1b[K/home/jonnydang2004/QUADRAPED/src/quadruped_control/src/motor_config.cpp:7\x1b[m\x1b[K:\n'}
[12.083052] (quadruped_control) StderrLine: {'line': b'\x1b[01m\x1b[K/home/jonnydang2004/QUADRAPED/src/quadruped_control/src/Servo.h:7:5:\x1b[m\x1b[K \x1b[01;36m\x1b[Knote: \x1b[m\x1b[Kcandidate: \xe2\x80\x98\x1b[01m\x1b[KServo::Servo(uint8_t)\x1b[m\x1b[K\xe2\x80\x99\n'}
[12.083236] (quadruped_control) StderrLine: {'line': b'    7 |     \x1b[01;36m\x1b[KServo\x1b[m\x1b[K(uint8_t gp);\n'}
[12.083436] (quadruped_control) StderrLine: {'line': b'      |     \x1b[01;36m\x1b[K^~~~~\x1b[m\x1b[K\n'}
[12.083674] (quadruped_control) StderrLine: {'line': b'\x1b[01m\x1b[K/home/jonnydang2004/QUADRAPED/src/quadruped_control/src/Servo.h:7:5:\x1b[m\x1b[K \x1b[01;36m\x1b[Knote: \x1b[m\x1b[K  candidate expects 1 argument, 0 provided\n'}
[12.083880] (quadruped_control) StderrLine: {'line': b'\x1b[01m\x1b[K/home/jonnydang2004/QUADRAPED/src/quadruped_control/src/Servo.h:5:7:\x1b[m\x1b[K \x1b[01;36m\x1b[Knote: \x1b[m\x1b[Kcandidate: \xe2\x80\x98\x1b[01m\x1b[Kconstexpr Servo::Servo(const Servo&)\x1b[m\x1b[K\xe2\x80\x99\n'}
[12.084101] (quadruped_control) StderrLine: {'line': b'    5 | class \x1b[01;36m\x1b[KServo\x1b[m\x1b[K {\n'}
[12.084765] (quadruped_control) StderrLine: {'line': b'      |       \x1b[01;36m\x1b[K^~~~~\x1b[m\x1b[K\n'}
[12.087195] (quadruped_control) StderrLine: {'line': b'\x1b[01m\x1b[K/home/jonnydang2004/QUADRAPED/src/quadruped_control/src/Servo.h:5:7:\x1b[m\x1b[K \x1b[01;36m\x1b[Knote: \x1b[m\x1b[K  candidate expects 1 argument, 0 provided\n'}
[12.090708] (quadruped_control) StderrLine: {'line': b'\x1b[01m\x1b[K/home/jonnydang2004/QUADRAPED/src/quadruped_control/src/Servo.h:5:7:\x1b[m\x1b[K \x1b[01;36m\x1b[Knote: \x1b[m\x1b[Kcandidate: \xe2\x80\x98\x1b[01m\x1b[Kconstexpr Servo::Servo(Servo&&)\x1b[m\x1b[K\xe2\x80\x99\n'}
[12.090965] (quadruped_control) StderrLine: {'line': b'\x1b[01m\x1b[K/home/jonnydang2004/QUADRAPED/src/quadruped_control/src/Servo.h:5:7:\x1b[m\x1b[K \x1b[01;36m\x1b[Knote: \x1b[m\x1b[K  candidate expects 1 argument, 0 provided\n'}
[12.091237] (quadruped_control) StderrLine: {'line': b'\x1b[01m\x1b[K/home/jonnydang2004/QUADRAPED/src/quadruped_control/src/motor_config.cpp:43:30:\x1b[m\x1b[K \x1b[01;31m\x1b[Kerror: \x1b[m\x1b[Kno match for \xe2\x80\x98\x1b[01m\x1b[Koperator=\x1b[m\x1b[K\xe2\x80\x99 (operand types are \xe2\x80\x98\x1b[01m\x1b[Kstd::array<std::array<int, 4>, 2>\x1b[m\x1b[K\xe2\x80\x99 and \xe2\x80\x98\x1b[01m\x1b[K<brace-enclosed initializer list>\x1b[m\x1b[K\xe2\x80\x99)\n'}
[12.091441] (quadruped_control) StderrLine: {'line': b'   43 |                 {12, 8, 0, 4}\x1b[01;31m\x1b[K}\x1b[m\x1b[K;\n'}
[12.091608] (quadruped_control) StderrLine: {'line': b'      |                              \x1b[01;31m\x1b[K^\x1b[m\x1b[K\n'}
[12.091830] (quadruped_control) StderrLine: {'line': b'In file included from \x1b[01m\x1b[K/usr/include/c++/11/tuple:39\x1b[m\x1b[K,\n'}
[12.092045] (quadruped_control) StderrLine: {'line': b'                 from \x1b[01m\x1b[K/usr/include/c++/11/bits/unique_ptr.h:37\x1b[m\x1b[K,\n'}
[12.092300] (quadruped_control) StderrLine: {'line': b'                 from \x1b[01m\x1b[K/usr/include/c++/11/memory:76\x1b[m\x1b[K,\n'}
[12.092497] (quadruped_control) StderrLine: {'line': b'                 from \x1b[01m\x1b[K/opt/ros/iron/include/rclcpp/rclcpp/rclcpp.hpp:165\x1b[m\x1b[K,\n'}
[12.092682] (quadruped_control) StderrLine: {'line': b'                 from \x1b[01m\x1b[K/home/jonnydang2004/QUADRAPED/src/quadruped_control/src/motor_config.cpp:1\x1b[m\x1b[K:\n'}
[12.092942] (quadruped_control) StderrLine: {'line': b'\x1b[01m\x1b[K/usr/include/c++/11/array:95:12:\x1b[m\x1b[K \x1b[01;36m\x1b[Knote: \x1b[m\x1b[Kcandidate: \xe2\x80\x98\x1b[01m\x1b[Kconstexpr std::array<std::array<int, 4>, 2>& std::array<std::array<int, 4>, 2>::operator=(const std::array<std::array<int, 4>, 2>&)\x1b[m\x1b[K\xe2\x80\x99\n'}
[12.093179] (quadruped_control) StderrLine: {'line': b'   95 |     struct \x1b[01;36m\x1b[Karray\x1b[m\x1b[K\n'}
[12.093408] (quadruped_control) StderrLine: {'line': b'      |            \x1b[01;36m\x1b[K^~~~~\x1b[m\x1b[K\n'}
[12.093604] (quadruped_control) StderrLine: {'line': b'\x1b[01m\x1b[K/usr/include/c++/11/array:95:12:\x1b[m\x1b[K \x1b[01;36m\x1b[Knote: \x1b[m\x1b[K  no known conversion for argument 1 from \xe2\x80\x98\x1b[01m\x1b[K<brace-enclosed initializer list>\x1b[m\x1b[K\xe2\x80\x99 to \xe2\x80\x98\x1b[01m\x1b[Kconst std::array<std::array<int, 4>, 2>&\x1b[m\x1b[K\xe2\x80\x99\n'}
[12.093796] (quadruped_control) StderrLine: {'line': b'\x1b[01m\x1b[K/usr/include/c++/11/array:95:12:\x1b[m\x1b[K \x1b[01;36m\x1b[Knote: \x1b[m\x1b[Kcandidate: \xe2\x80\x98\x1b[01m\x1b[Kconstexpr std::array<std::array<int, 4>, 2>& std::array<std::array<int, 4>, 2>::operator=(std::array<std::array<int, 4>, 2>&&)\x1b[m\x1b[K\xe2\x80\x99\n'}
[12.093998] (quadruped_control) StderrLine: {'line': b'\x1b[01m\x1b[K/usr/include/c++/11/array:95:12:\x1b[m\x1b[K \x1b[01;36m\x1b[Knote: \x1b[m\x1b[K  no known conversion for argument 1 from \xe2\x80\x98\x1b[01m\x1b[K<brace-enclosed initializer list>\x1b[m\x1b[K\xe2\x80\x99 to \xe2\x80\x98\x1b[01m\x1b[Kstd::array<std::array<int, 4>, 2>&&\x1b[m\x1b[K\xe2\x80\x99\n'}
[12.094255] (quadruped_control) StderrLine: {'line': b'\x1b[01m\x1b[K/home/jonnydang2004/QUADRAPED/src/quadruped_control/src/motor_config.cpp:48:60:\x1b[m\x1b[K \x1b[01;31m\x1b[Kerror: \x1b[m\x1b[Kambiguous overload for \xe2\x80\x98\x1b[01m\x1b[Koperator=\x1b[m\x1b[K\xe2\x80\x99 (operand types are \xe2\x80\x98\x1b[01m\x1b[KServo\x1b[m\x1b[K\xe2\x80\x99 and \xe2\x80\x98\x1b[01m\x1b[KServo*\x1b[m\x1b[K\xe2\x80\x99)\n'}
[12.094483] (quadruped_control) StderrLine: {'line': b'   48 |         front_left_upper_servo = new Servo(front_left_upper\x1b[01;31m\x1b[K)\x1b[m\x1b[K;\n'}
[12.096914] (quadruped_control) StderrLine: {'line': b'      |                                                            \x1b[01;31m\x1b[K^\x1b[m\x1b[K\n'}
[12.097337] (quadruped_control) StderrLine: {'line': b'In file included from \x1b[01m\x1b[K/home/jonnydang2004/QUADRAPED/src/quadruped_control/src/motor_config.cpp:7\x1b[m\x1b[K:\n'}
[12.097661] (quadruped_control) StderrLine: {'line': b'\x1b[01m\x1b[K/home/jonnydang2004/QUADRAPED/src/quadruped_control/src/Servo.h:5:7:\x1b[m\x1b[K \x1b[01;36m\x1b[Knote: \x1b[m\x1b[Kcandidate: \xe2\x80\x98\x1b[01m\x1b[Kconstexpr Servo& Servo::operator=(const Servo&)\x1b[m\x1b[K\xe2\x80\x99 (near match)\n'}
[12.098224] (quadruped_control) StderrLine: {'line': b'    5 | class \x1b[01;36m\x1b[KServo\x1b[m\x1b[K {\n'}
[12.100233] (quadruped_control) StderrLine: {'line': b'      |       \x1b[01;36m\x1b[K^~~~~\x1b[m\x1b[K\n'}
[12.100639] (quadruped_control) StderrLine: {'line': b'\x1b[01m\x1b[K/home/jonnydang2004/QUADRAPED/src/quadruped_control/src/Servo.h:5:7:\x1b[m\x1b[K \x1b[01;36m\x1b[Knote: \x1b[m\x1b[K  conversion of argument 1 would be ill-formed:\n'}
[12.100939] (quadruped_control) StderrLine: {'line': b'\x1b[01m\x1b[K/home/jonnydang2004/QUADRAPED/src/quadruped_control/src/motor_config.cpp:48:34:\x1b[m\x1b[K \x1b[01;31m\x1b[Kerror: \x1b[m\x1b[Kinvalid user-defined conversion from \xe2\x80\x98\x1b[01m\x1b[KServo*\x1b[m\x1b[K\xe2\x80\x99 to \xe2\x80\x98\x1b[01m\x1b[Kconst Servo&\x1b[m\x1b[K\xe2\x80\x99 [\x1b[01;31m\x1b[K\x1b]8;;https://gcc.gnu.org/onlinedocs/gcc/Warning-Options.html#index-fpermissive\x07-fpermissive\x1b]8;;\x07\x1b[m\x1b[K]\n'}
[12.101275] (quadruped_control) StderrLine: {'line': b'   48 |         front_left_upper_servo = \x1b[01;31m\x1b[Knew Servo(front_left_upper)\x1b[m\x1b[K;\n'}
[12.101537] (quadruped_control) StderrLine: {'line': b'      |                                  \x1b[01;31m\x1b[K^~~~~~~~~~~~~~~~~~~~~~~~~~~\x1b[m\x1b[K\n'}
[12.101761] (quadruped_control) StderrLine: {'line': b'In file included from \x1b[01m\x1b[K/home/jonnydang2004/QUADRAPED/src/quadruped_control/src/motor_config.cpp:7\x1b[m\x1b[K:\n'}
[12.101987] (quadruped_control) StderrLine: {'line': b'\x1b[01m\x1b[K/home/jonnydang2004/QUADRAPED/src/quadruped_control/src/Servo.h:7:5:\x1b[m\x1b[K \x1b[01;36m\x1b[Knote: \x1b[m\x1b[Kcandidate is: \xe2\x80\x98\x1b[01m\x1b[KServo::Servo(uint8_t)\x1b[m\x1b[K\xe2\x80\x99 (near match)\n'}
[12.102238] (quadruped_control) StderrLine: {'line': b'    7 |     \x1b[01;36m\x1b[KServo\x1b[m\x1b[K(uint8_t gp);\n'}
[12.102429] (quadruped_control) StderrLine: {'line': b'      |     \x1b[01;36m\x1b[K^~~~~\x1b[m\x1b[K\n'}
[12.102627] (quadruped_control) StderrLine: {'line': b'\x1b[01m\x1b[K/home/jonnydang2004/QUADRAPED/src/quadruped_control/src/Servo.h:7:5:\x1b[m\x1b[K \x1b[01;36m\x1b[Knote: \x1b[m\x1b[K  conversion of argument 1 would be ill-formed:\n'}
[12.102826] (quadruped_control) StderrLine: {'line': b'\x1b[01m\x1b[K/home/jonnydang2004/QUADRAPED/src/quadruped_control/src/motor_config.cpp:48:34:\x1b[m\x1b[K \x1b[01;31m\x1b[Kerror: \x1b[m\x1b[Kinvalid conversion from \xe2\x80\x98\x1b[01m\x1b[KServo*\x1b[m\x1b[K\xe2\x80\x99 to \xe2\x80\x98\x1b[01m\x1b[Kuint8_t\x1b[m\x1b[K\xe2\x80\x99 {aka \xe2\x80\x98\x1b[01m\x1b[Kunsigned char\x1b[m\x1b[K\xe2\x80\x99} [\x1b[01;31m\x1b[K\x1b]8;;https://gcc.gnu.org/onlinedocs/gcc/Warning-Options.html#index-fpermissive\x07-fpermissive\x1b]8;;\x07\x1b[m\x1b[K]\n'}
[12.103016] (quadruped_control) StderrLine: {'line': b'   48 |         front_left_upper_servo = \x1b[01;31m\x1b[Knew Servo(front_left_upper)\x1b[m\x1b[K;\n'}
[12.103234] (quadruped_control) StderrLine: {'line': b'      |                                  \x1b[01;31m\x1b[K^~~~~~~~~~~~~~~~~~~~~~~~~~~\x1b[m\x1b[K\n'}
[12.103424] (quadruped_control) StderrLine: {'line': b'      |                                  \x1b[01;31m\x1b[K|\x1b[m\x1b[K\n'}
[12.103571] (quadruped_control) StderrLine: {'line': b'      |                                  \x1b[01;31m\x1b[KServo*\x1b[m\x1b[K\n'}
[12.103726] (quadruped_control) StderrLine: {'line': b'\x1b[01m\x1b[K/home/jonnydang2004/QUADRAPED/src/quadruped_control/src/motor_config.cpp:48:34:\x1b[m\x1b[K \x1b[01;31m\x1b[Kerror: \x1b[m\x1b[Kinvalid conversion from \xe2\x80\x98\x1b[01m\x1b[KServo*\x1b[m\x1b[K\xe2\x80\x99 to \xe2\x80\x98\x1b[01m\x1b[Kuint8_t\x1b[m\x1b[K\xe2\x80\x99 {aka \xe2\x80\x98\x1b[01m\x1b[Kunsigned char\x1b[m\x1b[K\xe2\x80\x99} [\x1b[01;31m\x1b[K\x1b]8;;https://gcc.gnu.org/onlinedocs/gcc/Warning-Options.html#index-fpermissive\x07-fpermissive\x1b]8;;\x07\x1b[m\x1b[K]\n'}
[12.103908] (quadruped_control) StderrLine: {'line': b'   48 |         front_left_upper_servo = \x1b[01;31m\x1b[Knew Servo(front_left_upper)\x1b[m\x1b[K;\n'}
[12.104075] (quadruped_control) StderrLine: {'line': b'      |                                  \x1b[01;31m\x1b[K^~~~~~~~~~~~~~~~~~~~~~~~~~~\x1b[m\x1b[K\n'}
[12.104300] (quadruped_control) StderrLine: {'line': b'      |                                  \x1b[01;31m\x1b[K|\x1b[m\x1b[K\n'}
[12.104476] (quadruped_control) StderrLine: {'line': b'      |                                  \x1b[01;31m\x1b[KServo*\x1b[m\x1b[K\n'}
[12.104631] (quadruped_control) StderrLine: {'line': b'In file included from \x1b[01m\x1b[K/home/jonnydang2004/QUADRAPED/src/quadruped_control/src/motor_config.cpp:7\x1b[m\x1b[K:\n'}
[12.104796] (quadruped_control) StderrLine: {'line': b'\x1b[01m\x1b[K/home/jonnydang2004/QUADRAPED/src/quadruped_control/src/Servo.h:7:19:\x1b[m\x1b[K \x1b[01;36m\x1b[Knote: \x1b[m\x1b[K  initializing argument 1 of \xe2\x80\x98\x1b[01m\x1b[KServo::Servo(uint8_t)\x1b[m\x1b[K\xe2\x80\x99\n'}
[12.104969] (quadruped_control) StderrLine: {'line': b'    7 |     Servo(\x1b[01;36m\x1b[Kuint8_t gp\x1b[m\x1b[K);\n'}
[12.105190] (quadruped_control) StderrLine: {'line': b'      |           \x1b[01;36m\x1b[K~~~~~~~~^~\x1b[m\x1b[K\n'}
[12.105414] (quadruped_control) StderrLine: {'line': b'\x1b[01m\x1b[K/home/jonnydang2004/QUADRAPED/src/quadruped_control/src/Servo.h:5:7:\x1b[m\x1b[K \x1b[01;36m\x1b[Knote: \x1b[m\x1b[Kcandidate: \xe2\x80\x98\x1b[01m\x1b[Kconstexpr Servo& Servo::operator=(Servo&&)\x1b[m\x1b[K\xe2\x80\x99 (near match)\n'}
[12.105616] (quadruped_control) StderrLine: {'line': b'    5 | class \x1b[01;36m\x1b[KServo\x1b[m\x1b[K {\n'}
[12.105804] (quadruped_control) StderrLine: {'line': b'      |       \x1b[01;36m\x1b[K^~~~~\x1b[m\x1b[K\n'}
[12.105993] (quadruped_control) StderrLine: {'line': b'\x1b[01m\x1b[K/home/jonnydang2004/QUADRAPED/src/quadruped_control/src/Servo.h:5:7:\x1b[m\x1b[K \x1b[01;36m\x1b[Knote: \x1b[m\x1b[K  conversion of argument 1 would be ill-formed:\n'}
[12.106231] (quadruped_control) StderrLine: {'line': b'\x1b[01m\x1b[K/home/jonnydang2004/QUADRAPED/src/quadruped_control/src/motor_config.cpp:48:34:\x1b[m\x1b[K \x1b[01;31m\x1b[Kerror: \x1b[m\x1b[Kinvalid user-defined conversion from \xe2\x80\x98\x1b[01m\x1b[KServo*\x1b[m\x1b[K\xe2\x80\x99 to \xe2\x80\x98\x1b[01m\x1b[KServo&&\x1b[m\x1b[K\xe2\x80\x99 [\x1b[01;31m\x1b[K\x1b]8;;https://gcc.gnu.org/onlinedocs/gcc/Warning-Options.html#index-fpermissive\x07-fpermissive\x1b]8;;\x07\x1b[m\x1b[K]\n'}
[12.106434] (quadruped_control) StderrLine: {'line': b'   48 |         front_left_upper_servo = \x1b[01;31m\x1b[Knew Servo(front_left_upper)\x1b[m\x1b[K;\n'}
[12.106624] (quadruped_control) StderrLine: {'line': b'      |                                  \x1b[01;31m\x1b[K^~~~~~~~~~~~~~~~~~~~~~~~~~~\x1b[m\x1b[K\n'}
[12.106801] (quadruped_control) StderrLine: {'line': b'In file included from \x1b[01m\x1b[K/home/jonnydang2004/QUADRAPED/src/quadruped_control/src/motor_config.cpp:7\x1b[m\x1b[K:\n'}
[12.106985] (quadruped_control) StderrLine: {'line': b'\x1b[01m\x1b[K/home/jonnydang2004/QUADRAPED/src/quadruped_control/src/Servo.h:7:5:\x1b[m\x1b[K \x1b[01;36m\x1b[Knote: \x1b[m\x1b[Kcandidate is: \xe2\x80\x98\x1b[01m\x1b[KServo::Servo(uint8_t)\x1b[m\x1b[K\xe2\x80\x99 (near match)\n'}
[12.107222] (quadruped_control) StderrLine: {'line': b'    7 |     \x1b[01;36m\x1b[KServo\x1b[m\x1b[K(uint8_t gp);\n'}
[12.107420] (quadruped_control) StderrLine: {'line': b'      |     \x1b[01;36m\x1b[K^~~~~\x1b[m\x1b[K\n'}
[12.107615] (quadruped_control) StderrLine: {'line': b'\x1b[01m\x1b[K/home/jonnydang2004/QUADRAPED/src/quadruped_control/src/Servo.h:7:5:\x1b[m\x1b[K \x1b[01;36m\x1b[Knote: \x1b[m\x1b[K  conversion of argument 1 would be ill-formed:\n'}
[12.107803] (quadruped_control) StderrLine: {'line': b'\x1b[01m\x1b[K/home/jonnydang2004/QUADRAPED/src/quadruped_control/src/motor_config.cpp:48:34:\x1b[m\x1b[K \x1b[01;31m\x1b[Kerror: \x1b[m\x1b[Kinvalid conversion from \xe2\x80\x98\x1b[01m\x1b[KServo*\x1b[m\x1b[K\xe2\x80\x99 to \xe2\x80\x98\x1b[01m\x1b[Kuint8_t\x1b[m\x1b[K\xe2\x80\x99 {aka \xe2\x80\x98\x1b[01m\x1b[Kunsigned char\x1b[m\x1b[K\xe2\x80\x99} [\x1b[01;31m\x1b[K\x1b]8;;https://gcc.gnu.org/onlinedocs/gcc/Warning-Options.html#index-fpermissive\x07-fpermissive\x1b]8;;\x07\x1b[m\x1b[K]\n'}
[12.108056] (quadruped_control) StderrLine: {'line': b'   48 |         front_left_upper_servo = \x1b[01;31m\x1b[Knew Servo(front_left_upper)\x1b[m\x1b[K;\n'}
[12.108318] (quadruped_control) StderrLine: {'line': b'      |                                  \x1b[01;31m\x1b[K^~~~~~~~~~~~~~~~~~~~~~~~~~~\x1b[m\x1b[K\n'}
[12.108516] (quadruped_control) StderrLine: {'line': b'      |                                  \x1b[01;31m\x1b[K|\x1b[m\x1b[K\n'}
[12.108708] (quadruped_control) StderrLine: {'line': b'      |                                  \x1b[01;31m\x1b[KServo*\x1b[m\x1b[K\n'}
[12.108911] (quadruped_control) StderrLine: {'line': b'\x1b[01m\x1b[K/home/jonnydang2004/QUADRAPED/src/quadruped_control/src/motor_config.cpp:48:34:\x1b[m\x1b[K \x1b[01;31m\x1b[Kerror: \x1b[m\x1b[Kinvalid conversion from \xe2\x80\x98\x1b[01m\x1b[KServo*\x1b[m\x1b[K\xe2\x80\x99 to \xe2\x80\x98\x1b[01m\x1b[Kuint8_t\x1b[m\x1b[K\xe2\x80\x99 {aka \xe2\x80\x98\x1b[01m\x1b[Kunsigned char\x1b[m\x1b[K\xe2\x80\x99} [\x1b[01;31m\x1b[K\x1b]8;;https://gcc.gnu.org/onlinedocs/gcc/Warning-Options.html#index-fpermissive\x07-fpermissive\x1b]8;;\x07\x1b[m\x1b[K]\n'}
[12.109111] (quadruped_control) StderrLine: {'line': b'   48 |         front_left_upper_servo = \x1b[01;31m\x1b[Knew Servo(front_left_upper)\x1b[m\x1b[K;\n'}
[12.109362] (quadruped_control) StderrLine: {'line': b'      |                                  \x1b[01;31m\x1b[K^~~~~~~~~~~~~~~~~~~~~~~~~~~\x1b[m\x1b[K\n'}
[12.109532] (quadruped_control) StderrLine: {'line': b'      |                                  \x1b[01;31m\x1b[K|\x1b[m\x1b[K\n'}
[12.109718] (quadruped_control) StderrLine: {'line': b'      |                                  \x1b[01;31m\x1b[KServo*\x1b[m\x1b[K\n'}
[12.109907] (quadruped_control) StderrLine: {'line': b'In file included from \x1b[01m\x1b[K/home/jonnydang2004/QUADRAPED/src/quadruped_control/src/motor_config.cpp:7\x1b[m\x1b[K:\n'}
[12.110181] (quadruped_control) StderrLine: {'line': b'\x1b[01m\x1b[K/home/jonnydang2004/QUADRAPED/src/quadruped_control/src/Servo.h:7:19:\x1b[m\x1b[K \x1b[01;36m\x1b[Knote: \x1b[m\x1b[K  initializing argument 1 of \xe2\x80\x98\x1b[01m\x1b[KServo::Servo(uint8_t)\x1b[m\x1b[K\xe2\x80\x99\n'}
[12.110394] (quadruped_control) StderrLine: {'line': b'    7 |     Servo(\x1b[01;36m\x1b[Kuint8_t gp\x1b[m\x1b[K);\n'}
[12.110587] (quadruped_control) StderrLine: {'line': b'      |           \x1b[01;36m\x1b[K~~~~~~~~^~\x1b[m\x1b[K\n'}
[12.110782] (quadruped_control) StderrLine: {'line': b'\x1b[01m\x1b[K/home/jonnydang2004/QUADRAPED/src/quadruped_control/src/motor_config.cpp:49:60:\x1b[m\x1b[K \x1b[01;31m\x1b[Kerror: \x1b[m\x1b[Kambiguous overload for \xe2\x80\x98\x1b[01m\x1b[Koperator=\x1b[m\x1b[K\xe2\x80\x99 (operand types are \xe2\x80\x98\x1b[01m\x1b[KServo\x1b[m\x1b[K\xe2\x80\x99 and \xe2\x80\x98\x1b[01m\x1b[KServo*\x1b[m\x1b[K\xe2\x80\x99)\n'}
[12.110980] (quadruped_control) StderrLine: {'line': b'   49 |         front_left_lower_servo = new Servo(front_left_lower\x1b[01;31m\x1b[K)\x1b[m\x1b[K;\n'}
[12.111195] (quadruped_control) StderrLine: {'line': b'      |                                                            \x1b[01;31m\x1b[K^\x1b[m\x1b[K\n'}
[12.111867] (quadruped_control) StderrLine: {'line': b'In file included from \x1b[01m\x1b[K/home/jonnydang2004/QUADRAPED/src/quadruped_control/src/motor_config.cpp:7\x1b[m\x1b[K:\n'}
[12.112588] (quadruped_control) StderrLine: {'line': b'\x1b[01m\x1b[K/home/jonnydang2004/QUADRAPED/src/quadruped_control/src/Servo.h:5:7:\x1b[m\x1b[K \x1b[01;36m\x1b[Knote: \x1b[m\x1b[Kcandidate: \xe2\x80\x98\x1b[01m\x1b[Kconstexpr Servo& Servo::operator=(const Servo&)\x1b[m\x1b[K\xe2\x80\x99 (near match)\n'}
[12.113370] (quadruped_control) StderrLine: {'line': b'    5 | class \x1b[01;36m\x1b[KServo\x1b[m\x1b[K {\n'}
[12.113585] (quadruped_control) StderrLine: {'line': b'      |       \x1b[01;36m\x1b[K^~~~~\x1b[m\x1b[K\n'}
[12.114267] (quadruped_control) StderrLine: {'line': b'\x1b[01m\x1b[K/home/jonnydang2004/QUADRAPED/src/quadruped_control/src/Servo.h:5:7:\x1b[m\x1b[K \x1b[01;36m\x1b[Knote: \x1b[m\x1b[K  conversion of argument 1 would be ill-formed:\n'}
[12.114565] (quadruped_control) StderrLine: {'line': b'\x1b[01m\x1b[K/home/jonnydang2004/QUADRAPED/src/quadruped_control/src/motor_config.cpp:49:34:\x1b[m\x1b[K \x1b[01;31m\x1b[Kerror: \x1b[m\x1b[Kinvalid user-defined conversion from \xe2\x80\x98\x1b[01m\x1b[KServo*\x1b[m\x1b[K\xe2\x80\x99 to \xe2\x80\x98\x1b[01m\x1b[Kconst Servo&\x1b[m\x1b[K\xe2\x80\x99 [\x1b[01;31m\x1b[K\x1b]8;;https://gcc.gnu.org/onlinedocs/gcc/Warning-Options.html#index-fpermissive\x07-fpermissive\x1b]8;;\x07\x1b[m\x1b[K]\n'}
[12.114770] (quadruped_control) StderrLine: {'line': b'   49 |         front_left_lower_servo = \x1b[01;31m\x1b[Knew Servo(front_left_lower)\x1b[m\x1b[K;\n'}
[12.115089] (quadruped_control) StderrLine: {'line': b'      |                                  \x1b[01;31m\x1b[K^~~~~~~~~~~~~~~~~~~~~~~~~~~\x1b[m\x1b[K\n'}
[12.115462] (quadruped_control) StderrLine: {'line': b'In file included from \x1b[01m\x1b[K/home/jonnydang2004/QUADRAPED/src/quadruped_control/src/motor_config.cpp:7\x1b[m\x1b[K:\n'}
[12.115731] (quadruped_control) StderrLine: {'line': b'\x1b[01m\x1b[K/home/jonnydang2004/QUADRAPED/src/quadruped_control/src/Servo.h:7:5:\x1b[m\x1b[K \x1b[01;36m\x1b[Knote: \x1b[m\x1b[Kcandidate is: \xe2\x80\x98\x1b[01m\x1b[KServo::Servo(uint8_t)\x1b[m\x1b[K\xe2\x80\x99 (near match)\n'}
[12.115934] (quadruped_control) StderrLine: {'line': b'    7 |     \x1b[01;36m\x1b[KServo\x1b[m\x1b[K(uint8_t gp);\n'}
[12.116095] (quadruped_control) StderrLine: {'line': b'      |     \x1b[01;36m\x1b[K^~~~~\x1b[m\x1b[K\n'}
[12.116310] (quadruped_control) StderrLine: {'line': b'\x1b[01m\x1b[K/home/jonnydang2004/QUADRAPED/src/quadruped_control/src/Servo.h:7:5:\x1b[m\x1b[K \x1b[01;36m\x1b[Knote: \x1b[m\x1b[K  conversion of argument 1 would be ill-formed:\n'}
[12.116481] (quadruped_control) StderrLine: {'line': b'\x1b[01m\x1b[K/home/jonnydang2004/QUADRAPED/src/quadruped_control/src/motor_config.cpp:49:34:\x1b[m\x1b[K \x1b[01;31m\x1b[Kerror: \x1b[m\x1b[Kinvalid conversion from \xe2\x80\x98\x1b[01m\x1b[KServo*\x1b[m\x1b[K\xe2\x80\x99 to \xe2\x80\x98\x1b[01m\x1b[Kuint8_t\x1b[m\x1b[K\xe2\x80\x99 {aka \xe2\x80\x98\x1b[01m\x1b[Kunsigned char\x1b[m\x1b[K\xe2\x80\x99} [\x1b[01;31m\x1b[K\x1b]8;;https://gcc.gnu.org/onlinedocs/gcc/Warning-Options.html#index-fpermissive\x07-fpermissive\x1b]8;;\x07\x1b[m\x1b[K]\n'}
[12.116651] (quadruped_control) StderrLine: {'line': b'   49 |         front_left_lower_servo = \x1b[01;31m\x1b[Knew Servo(front_left_lower)\x1b[m\x1b[K;\n'}
[12.116820] (quadruped_control) StderrLine: {'line': b'      |                                  \x1b[01;31m\x1b[K^~~~~~~~~~~~~~~~~~~~~~~~~~~\x1b[m\x1b[K\n'}
[12.116984] (quadruped_control) StderrLine: {'line': b'      |                                  \x1b[01;31m\x1b[K|\x1b[m\x1b[K\n'}
[12.117178] (quadruped_control) StderrLine: {'line': b'      |                                  \x1b[01;31m\x1b[KServo*\x1b[m\x1b[K\n'}
[12.117355] (quadruped_control) StderrLine: {'line': b'\x1b[01m\x1b[K/home/jonnydang2004/QUADRAPED/src/quadruped_control/src/motor_config.cpp:49:34:\x1b[m\x1b[K \x1b[01;31m\x1b[Kerror: \x1b[m\x1b[Kinvalid conversion from \xe2\x80\x98\x1b[01m\x1b[KServo*\x1b[m\x1b[K\xe2\x80\x99 to \xe2\x80\x98\x1b[01m\x1b[Kuint8_t\x1b[m\x1b[K\xe2\x80\x99 {aka \xe2\x80\x98\x1b[01m\x1b[Kunsigned char\x1b[m\x1b[K\xe2\x80\x99} [\x1b[01;31m\x1b[K\x1b]8;;https://gcc.gnu.org/onlinedocs/gcc/Warning-Options.html#index-fpermissive\x07-fpermissive\x1b]8;;\x07\x1b[m\x1b[K]\n'}
[12.117530] (quadruped_control) StderrLine: {'line': b'   49 |         front_left_lower_servo = \x1b[01;31m\x1b[Knew Servo(front_left_lower)\x1b[m\x1b[K;\n'}
[12.117710] (quadruped_control) StderrLine: {'line': b'      |                                  \x1b[01;31m\x1b[K^~~~~~~~~~~~~~~~~~~~~~~~~~~\x1b[m\x1b[K\n'}
[12.117870] (quadruped_control) StderrLine: {'line': b'      |                                  \x1b[01;31m\x1b[K|\x1b[m\x1b[K\n'}
[12.118750] (quadruped_control) StderrLine: {'line': b'      |                                  \x1b[01;31m\x1b[KServo*\x1b[m\x1b[K\n'}
[12.118954] (quadruped_control) StderrLine: {'line': b'In file included from \x1b[01m\x1b[K/home/jonnydang2004/QUADRAPED/src/quadruped_control/src/motor_config.cpp:7\x1b[m\x1b[K:\n'}
[12.119164] (quadruped_control) StderrLine: {'line': b'\x1b[01m\x1b[K/home/jonnydang2004/QUADRAPED/src/quadruped_control/src/Servo.h:7:19:\x1b[m\x1b[K \x1b[01;36m\x1b[Knote: \x1b[m\x1b[K  initializing argument 1 of \xe2\x80\x98\x1b[01m\x1b[KServo::Servo(uint8_t)\x1b[m\x1b[K\xe2\x80\x99\n'}
[12.119361] (quadruped_control) StderrLine: {'line': b'    7 |     Servo(\x1b[01;36m\x1b[Kuint8_t gp\x1b[m\x1b[K);\n'}
[12.119529] (quadruped_control) StderrLine: {'line': b'      |           \x1b[01;36m\x1b[K~~~~~~~~^~\x1b[m\x1b[K\n'}
[12.119693] (quadruped_control) StderrLine: {'line': b'\x1b[01m\x1b[K/home/jonnydang2004/QUADRAPED/src/quadruped_control/src/Servo.h:5:7:\x1b[m\x1b[K \x1b[01;36m\x1b[Knote: \x1b[m\x1b[Kcandidate: \xe2\x80\x98\x1b[01m\x1b[Kconstexpr Servo& Servo::operator=(Servo&&)\x1b[m\x1b[K\xe2\x80\x99 (near match)\n'}
[12.119872] (quadruped_control) StderrLine: {'line': b'    5 | class \x1b[01;36m\x1b[KServo\x1b[m\x1b[K {\n'}
[12.120052] (quadruped_control) StderrLine: {'line': b'      |       \x1b[01;36m\x1b[K^~~~~\x1b[m\x1b[K\n'}
[12.120303] (quadruped_control) StderrLine: {'line': b'\x1b[01m\x1b[K/home/jonnydang2004/QUADRAPED/src/quadruped_control/src/Servo.h:5:7:\x1b[m\x1b[K \x1b[01;36m\x1b[Knote: \x1b[m\x1b[K  conversion of argument 1 would be ill-formed:\n'}
[12.120500] (quadruped_control) StderrLine: {'line': b'\x1b[01m\x1b[K/home/jonnydang2004/QUADRAPED/src/quadruped_control/src/motor_config.cpp:49:34:\x1b[m\x1b[K \x1b[01;31m\x1b[Kerror: \x1b[m\x1b[Kinvalid user-defined conversion from \xe2\x80\x98\x1b[01m\x1b[KServo*\x1b[m\x1b[K\xe2\x80\x99 to \xe2\x80\x98\x1b[01m\x1b[KServo&&\x1b[m\x1b[K\xe2\x80\x99 [\x1b[01;31m\x1b[K\x1b]8;;https://gcc.gnu.org/onlinedocs/gcc/Warning-Options.html#index-fpermissive\x07-fpermissive\x1b]8;;\x07\x1b[m\x1b[K]\n'}
[12.120716] (quadruped_control) StderrLine: {'line': b'   49 |         front_left_lower_servo = \x1b[01;31m\x1b[Knew Servo(front_left_lower)\x1b[m\x1b[K;\n'}
[12.120935] (quadruped_control) StderrLine: {'line': b'      |                                  \x1b[01;31m\x1b[K^~~~~~~~~~~~~~~~~~~~~~~~~~~\x1b[m\x1b[K\n'}
[12.121117] (quadruped_control) StderrLine: {'line': b'In file included from \x1b[01m\x1b[K/home/jonnydang2004/QUADRAPED/src/quadruped_control/src/motor_config.cpp:7\x1b[m\x1b[K:\n'}
[12.121371] (quadruped_control) StderrLine: {'line': b'\x1b[01m\x1b[K/home/jonnydang2004/QUADRAPED/src/quadruped_control/src/Servo.h:7:5:\x1b[m\x1b[K \x1b[01;36m\x1b[Knote: \x1b[m\x1b[Kcandidate is: \xe2\x80\x98\x1b[01m\x1b[KServo::Servo(uint8_t)\x1b[m\x1b[K\xe2\x80\x99 (near match)\n'}
[12.121565] (quadruped_control) StderrLine: {'line': b'    7 |     \x1b[01;36m\x1b[KServo\x1b[m\x1b[K(uint8_t gp);\n'}
[12.121744] (quadruped_control) StderrLine: {'line': b'      |     \x1b[01;36m\x1b[K^~~~~\x1b[m\x1b[K\n'}
[12.121975] (quadruped_control) StderrLine: {'line': b'\x1b[01m\x1b[K/home/jonnydang2004/QUADRAPED/src/quadruped_control/src/Servo.h:7:5:\x1b[m\x1b[K \x1b[01;36m\x1b[Knote: \x1b[m\x1b[K  conversion of argument 1 would be ill-formed:\n'}
[12.122197] (quadruped_control) StderrLine: {'line': b'\x1b[01m\x1b[K/home/jonnydang2004/QUADRAPED/src/quadruped_control/src/motor_config.cpp:49:34:\x1b[m\x1b[K \x1b[01;31m\x1b[Kerror: \x1b[m\x1b[Kinvalid conversion from \xe2\x80\x98\x1b[01m\x1b[KServo*\x1b[m\x1b[K\xe2\x80\x99 to \xe2\x80\x98\x1b[01m\x1b[Kuint8_t\x1b[m\x1b[K\xe2\x80\x99 {aka \xe2\x80\x98\x1b[01m\x1b[Kunsigned char\x1b[m\x1b[K\xe2\x80\x99} [\x1b[01;31m\x1b[K\x1b]8;;https://gcc.gnu.org/onlinedocs/gcc/Warning-Options.html#index-fpermissive\x07-fpermissive\x1b]8;;\x07\x1b[m\x1b[K]\n'}
[12.122410] (quadruped_control) StderrLine: {'line': b'   49 |         front_left_lower_servo = \x1b[01;31m\x1b[Knew Servo(front_left_lower)\x1b[m\x1b[K;\n'}
[12.122592] (quadruped_control) StderrLine: {'line': b'      |                                  \x1b[01;31m\x1b[K^~~~~~~~~~~~~~~~~~~~~~~~~~~\x1b[m\x1b[K\n'}
[12.122772] (quadruped_control) StderrLine: {'line': b'      |                                  \x1b[01;31m\x1b[K|\x1b[m\x1b[K\n'}
[12.122959] (quadruped_control) StderrLine: {'line': b'      |                                  \x1b[01;31m\x1b[KServo*\x1b[m\x1b[K\n'}
[12.123172] (quadruped_control) StderrLine: {'line': b'\x1b[01m\x1b[K/home/jonnydang2004/QUADRAPED/src/quadruped_control/src/motor_config.cpp:49:34:\x1b[m\x1b[K \x1b[01;31m\x1b[Kerror: \x1b[m\x1b[Kinvalid conversion from \xe2\x80\x98\x1b[01m\x1b[KServo*\x1b[m\x1b[K\xe2\x80\x99 to \xe2\x80\x98\x1b[01m\x1b[Kuint8_t\x1b[m\x1b[K\xe2\x80\x99 {aka \xe2\x80\x98\x1b[01m\x1b[Kunsigned char\x1b[m\x1b[K\xe2\x80\x99} [\x1b[01;31m\x1b[K\x1b]8;;https://gcc.gnu.org/onlinedocs/gcc/Warning-Options.html#index-fpermissive\x07-fpermissive\x1b]8;;\x07\x1b[m\x1b[K]\n'}
[12.123373] (quadruped_control) StderrLine: {'line': b'   49 |         front_left_lower_servo = \x1b[01;31m\x1b[Knew Servo(front_left_lower)\x1b[m\x1b[K;\n'}
[12.123550] (quadruped_control) StderrLine: {'line': b'      |                                  \x1b[01;31m\x1b[K^~~~~~~~~~~~~~~~~~~~~~~~~~~\x1b[m\x1b[K\n'}
[12.123729] (quadruped_control) StderrLine: {'line': b'      |                                  \x1b[01;31m\x1b[K|\x1b[m\x1b[K\n'}
[12.123917] (quadruped_control) StderrLine: {'line': b'      |                                  \x1b[01;31m\x1b[KServo*\x1b[m\x1b[K\n'}
[12.124091] (quadruped_control) StderrLine: {'line': b'In file included from \x1b[01m\x1b[K/home/jonnydang2004/QUADRAPED/src/quadruped_control/src/motor_config.cpp:7\x1b[m\x1b[K:\n'}
[12.124308] (quadruped_control) StderrLine: {'line': b'\x1b[01m\x1b[K/home/jonnydang2004/QUADRAPED/src/quadruped_control/src/Servo.h:7:19:\x1b[m\x1b[K \x1b[01;36m\x1b[Knote: \x1b[m\x1b[K  initializing argument 1 of \xe2\x80\x98\x1b[01m\x1b[KServo::Servo(uint8_t)\x1b[m\x1b[K\xe2\x80\x99\n'}
[12.124494] (quadruped_control) StderrLine: {'line': b'    7 |     Servo(\x1b[01;36m\x1b[Kuint8_t gp\x1b[m\x1b[K);\n'}
[12.124668] (quadruped_control) StderrLine: {'line': b'      |           \x1b[01;36m\x1b[K~~~~~~~~^~\x1b[m\x1b[K\n'}
[12.124816] (quadruped_control) StderrLine: {'line': b'\x1b[01m\x1b[K/home/jonnydang2004/QUADRAPED/src/quadruped_control/src/motor_config.cpp:51:62:\x1b[m\x1b[K \x1b[01;31m\x1b[Kerror: \x1b[m\x1b[Kambiguous overload for \xe2\x80\x98\x1b[01m\x1b[Koperator=\x1b[m\x1b[K\xe2\x80\x99 (operand types are \xe2\x80\x98\x1b[01m\x1b[KServo\x1b[m\x1b[K\xe2\x80\x99 and \xe2\x80\x98\x1b[01m\x1b[KServo*\x1b[m\x1b[K\xe2\x80\x99)\n'}
[12.124998] (quadruped_control) StderrLine: {'line': b'   51 |         front_right_upper_servo = new Servo(front_right_upper\x1b[01;31m\x1b[K)\x1b[m\x1b[K;\n'}
[12.125227] (quadruped_control) StderrLine: {'line': b'      |                                                              \x1b[01;31m\x1b[K^\x1b[m\x1b[K\n'}
[12.125431] (quadruped_control) StderrLine: {'line': b'In file included from \x1b[01m\x1b[K/home/jonnydang2004/QUADRAPED/src/quadruped_control/src/motor_config.cpp:7\x1b[m\x1b[K:\n'}
[12.125611] (quadruped_control) StderrLine: {'line': b'\x1b[01m\x1b[K/home/jonnydang2004/QUADRAPED/src/quadruped_control/src/Servo.h:5:7:\x1b[m\x1b[K \x1b[01;36m\x1b[Knote: \x1b[m\x1b[Kcandidate: \xe2\x80\x98\x1b[01m\x1b[Kconstexpr Servo& Servo::operator=(const Servo&)\x1b[m\x1b[K\xe2\x80\x99 (near match)\n'}
[12.125791] (quadruped_control) StderrLine: {'line': b'    5 | class \x1b[01;36m\x1b[KServo\x1b[m\x1b[K {\n'}
[12.125957] (-) TimerEvent: {}
[12.126231] (quadruped_control) StderrLine: {'line': b'      |       \x1b[01;36m\x1b[K^~~~~\x1b[m\x1b[K\n'}
[12.126440] (quadruped_control) StderrLine: {'line': b'\x1b[01m\x1b[K/home/jonnydang2004/QUADRAPED/src/quadruped_control/src/Servo.h:5:7:\x1b[m\x1b[K \x1b[01;36m\x1b[Knote: \x1b[m\x1b[K  conversion of argument 1 would be ill-formed:\n'}
[12.126627] (quadruped_control) StderrLine: {'line': b'\x1b[01m\x1b[K/home/jonnydang2004/QUADRAPED/src/quadruped_control/src/motor_config.cpp:51:35:\x1b[m\x1b[K \x1b[01;31m\x1b[Kerror: \x1b[m\x1b[Kinvalid user-defined conversion from \xe2\x80\x98\x1b[01m\x1b[KServo*\x1b[m\x1b[K\xe2\x80\x99 to \xe2\x80\x98\x1b[01m\x1b[Kconst Servo&\x1b[m\x1b[K\xe2\x80\x99 [\x1b[01;31m\x1b[K\x1b]8;;https://gcc.gnu.org/onlinedocs/gcc/Warning-Options.html#index-fpermissive\x07-fpermissive\x1b]8;;\x07\x1b[m\x1b[K]\n'}
[12.126819] (quadruped_control) StderrLine: {'line': b'   51 |         front_right_upper_servo = \x1b[01;31m\x1b[Knew Servo(front_right_upper)\x1b[m\x1b[K;\n'}
[12.126991] (quadruped_control) StderrLine: {'line': b'      |                                   \x1b[01;31m\x1b[K^~~~~~~~~~~~~~~~~~~~~~~~~~~~\x1b[m\x1b[K\n'}
[12.127188] (quadruped_control) StderrLine: {'line': b'In file included from \x1b[01m\x1b[K/home/jonnydang2004/QUADRAPED/src/quadruped_control/src/motor_config.cpp:7\x1b[m\x1b[K:\n'}
[12.127470] (quadruped_control) StderrLine: {'line': b'\x1b[01m\x1b[K/home/jonnydang2004/QUADRAPED/src/quadruped_control/src/Servo.h:7:5:\x1b[m\x1b[K \x1b[01;36m\x1b[Knote: \x1b[m\x1b[Kcandidate is: \xe2\x80\x98\x1b[01m\x1b[KServo::Servo(uint8_t)\x1b[m\x1b[K\xe2\x80\x99 (near match)\n'}
[12.127621] (quadruped_control) StderrLine: {'line': b'    7 |     \x1b[01;36m\x1b[KServo\x1b[m\x1b[K(uint8_t gp);\n'}
[12.127760] (quadruped_control) StderrLine: {'line': b'      |     \x1b[01;36m\x1b[K^~~~~\x1b[m\x1b[K\n'}
[12.127917] (quadruped_control) StderrLine: {'line': b'\x1b[01m\x1b[K/home/jonnydang2004/QUADRAPED/src/quadruped_control/src/Servo.h:7:5:\x1b[m\x1b[K \x1b[01;36m\x1b[Knote: \x1b[m\x1b[K  conversion of argument 1 would be ill-formed:\n'}
[12.128058] (quadruped_control) StderrLine: {'line': b'\x1b[01m\x1b[K/home/jonnydang2004/QUADRAPED/src/quadruped_control/src/motor_config.cpp:51:35:\x1b[m\x1b[K \x1b[01;31m\x1b[Kerror: \x1b[m\x1b[Kinvalid conversion from \xe2\x80\x98\x1b[01m\x1b[KServo*\x1b[m\x1b[K\xe2\x80\x99 to \xe2\x80\x98\x1b[01m\x1b[Kuint8_t\x1b[m\x1b[K\xe2\x80\x99 {aka \xe2\x80\x98\x1b[01m\x1b[Kunsigned char\x1b[m\x1b[K\xe2\x80\x99} [\x1b[01;31m\x1b[K\x1b]8;;https://gcc.gnu.org/onlinedocs/gcc/Warning-Options.html#index-fpermissive\x07-fpermissive\x1b]8;;\x07\x1b[m\x1b[K]\n'}
[12.128266] (quadruped_control) StderrLine: {'line': b'   51 |         front_right_upper_servo = \x1b[01;31m\x1b[Knew Servo(front_right_upper)\x1b[m\x1b[K;\n'}
[12.128411] (quadruped_control) StderrLine: {'line': b'      |                                   \x1b[01;31m\x1b[K^~~~~~~~~~~~~~~~~~~~~~~~~~~~\x1b[m\x1b[K\n'}
[12.128549] (quadruped_control) StderrLine: {'line': b'      |                                   \x1b[01;31m\x1b[K|\x1b[m\x1b[K\n'}
[12.128784] (quadruped_control) StderrLine: {'line': b'      |                                   \x1b[01;31m\x1b[KServo*\x1b[m\x1b[K\n'}
[12.129205] (quadruped_control) StderrLine: {'line': b'\x1b[01m\x1b[K/home/jonnydang2004/QUADRAPED/src/quadruped_control/src/motor_config.cpp:51:35:\x1b[m\x1b[K \x1b[01;31m\x1b[Kerror: \x1b[m\x1b[Kinvalid conversion from \xe2\x80\x98\x1b[01m\x1b[KServo*\x1b[m\x1b[K\xe2\x80\x99 to \xe2\x80\x98\x1b[01m\x1b[Kuint8_t\x1b[m\x1b[K\xe2\x80\x99 {aka \xe2\x80\x98\x1b[01m\x1b[Kunsigned char\x1b[m\x1b[K\xe2\x80\x99} [\x1b[01;31m\x1b[K\x1b]8;;https://gcc.gnu.org/onlinedocs/gcc/Warning-Options.html#index-fpermissive\x07-fpermissive\x1b]8;;\x07\x1b[m\x1b[K]\n'}
[12.129479] (quadruped_control) StderrLine: {'line': b'   51 |         front_right_upper_servo = \x1b[01;31m\x1b[Knew Servo(front_right_upper)\x1b[m\x1b[K;\n'}
[12.129756] (quadruped_control) StderrLine: {'line': b'      |                                   \x1b[01;31m\x1b[K^~~~~~~~~~~~~~~~~~~~~~~~~~~~\x1b[m\x1b[K\n'}
[12.129975] (quadruped_control) StderrLine: {'line': b'      |                                   \x1b[01;31m\x1b[K|\x1b[m\x1b[K\n'}
[12.130945] (quadruped_control) StderrLine: {'line': b'      |                                   \x1b[01;31m\x1b[KServo*\x1b[m\x1b[K\n'}
[12.131177] (quadruped_control) StderrLine: {'line': b'In file included from \x1b[01m\x1b[K/home/jonnydang2004/QUADRAPED/src/quadruped_control/src/motor_config.cpp:7\x1b[m\x1b[K:\n'}
[12.131361] (quadruped_control) StderrLine: {'line': b'\x1b[01m\x1b[K/home/jonnydang2004/QUADRAPED/src/quadruped_control/src/Servo.h:7:19:\x1b[m\x1b[K \x1b[01;36m\x1b[Knote: \x1b[m\x1b[K  initializing argument 1 of \xe2\x80\x98\x1b[01m\x1b[KServo::Servo(uint8_t)\x1b[m\x1b[K\xe2\x80\x99\n'}
[12.131533] (quadruped_control) StderrLine: {'line': b'    7 |     Servo(\x1b[01;36m\x1b[Kuint8_t gp\x1b[m\x1b[K);\n'}
[12.131705] (quadruped_control) StderrLine: {'line': b'      |           \x1b[01;36m\x1b[K~~~~~~~~^~\x1b[m\x1b[K\n'}
[12.131905] (quadruped_control) StderrLine: {'line': b'\x1b[01m\x1b[K/home/jonnydang2004/QUADRAPED/src/quadruped_control/src/Servo.h:5:7:\x1b[m\x1b[K \x1b[01;36m\x1b[Knote: \x1b[m\x1b[Kcandidate: \xe2\x80\x98\x1b[01m\x1b[Kconstexpr Servo& Servo::operator=(Servo&&)\x1b[m\x1b[K\xe2\x80\x99 (near match)\n'}
[12.132083] (quadruped_control) StderrLine: {'line': b'    5 | class \x1b[01;36m\x1b[KServo\x1b[m\x1b[K {\n'}
[12.132299] (quadruped_control) StderrLine: {'line': b'      |       \x1b[01;36m\x1b[K^~~~~\x1b[m\x1b[K\n'}
[12.132479] (quadruped_control) StderrLine: {'line': b'\x1b[01m\x1b[K/home/jonnydang2004/QUADRAPED/src/quadruped_control/src/Servo.h:5:7:\x1b[m\x1b[K \x1b[01;36m\x1b[Knote: \x1b[m\x1b[K  conversion of argument 1 would be ill-formed:\n'}
[12.132649] (quadruped_control) StderrLine: {'line': b'\x1b[01m\x1b[K/home/jonnydang2004/QUADRAPED/src/quadruped_control/src/motor_config.cpp:51:35:\x1b[m\x1b[K \x1b[01;31m\x1b[Kerror: \x1b[m\x1b[Kinvalid user-defined conversion from \xe2\x80\x98\x1b[01m\x1b[KServo*\x1b[m\x1b[K\xe2\x80\x99 to \xe2\x80\x98\x1b[01m\x1b[KServo&&\x1b[m\x1b[K\xe2\x80\x99 [\x1b[01;31m\x1b[K\x1b]8;;https://gcc.gnu.org/onlinedocs/gcc/Warning-Options.html#index-fpermissive\x07-fpermissive\x1b]8;;\x07\x1b[m\x1b[K]\n'}
[12.132856] (quadruped_control) StderrLine: {'line': b'   51 |         front_right_upper_servo = \x1b[01;31m\x1b[Knew Servo(front_right_upper)\x1b[m\x1b[K;\n'}
[12.133039] (quadruped_control) StderrLine: {'line': b'      |                                   \x1b[01;31m\x1b[K^~~~~~~~~~~~~~~~~~~~~~~~~~~~\x1b[m\x1b[K\n'}
[12.133407] (quadruped_control) StderrLine: {'line': b'In file included from \x1b[01m\x1b[K/home/jonnydang2004/QUADRAPED/src/quadruped_control/src/motor_config.cpp:7\x1b[m\x1b[K:\n'}
[12.133809] (quadruped_control) StderrLine: {'line': b'\x1b[01m\x1b[K/home/jonnydang2004/QUADRAPED/src/quadruped_control/src/Servo.h:7:5:\x1b[m\x1b[K \x1b[01;36m\x1b[Knote: \x1b[m\x1b[Kcandidate is: \xe2\x80\x98\x1b[01m\x1b[KServo::Servo(uint8_t)\x1b[m\x1b[K\xe2\x80\x99 (near match)\n'}
[12.134454] (quadruped_control) StderrLine: {'line': b'    7 |     \x1b[01;36m\x1b[KServo\x1b[m\x1b[K(uint8_t gp);\n'}
[12.135665] (quadruped_control) StderrLine: {'line': b'      |     \x1b[01;36m\x1b[K^~~~~\x1b[m\x1b[K\n'}
[12.135988] (quadruped_control) StderrLine: {'line': b'\x1b[01m\x1b[K/home/jonnydang2004/QUADRAPED/src/quadruped_control/src/Servo.h:7:5:\x1b[m\x1b[K \x1b[01;36m\x1b[Knote: \x1b[m\x1b[K  conversion of argument 1 would be ill-formed:\n'}
[12.136338] (quadruped_control) StderrLine: {'line': b'\x1b[01m\x1b[K/home/jonnydang2004/QUADRAPED/src/quadruped_control/src/motor_config.cpp:51:35:\x1b[m\x1b[K \x1b[01;31m\x1b[Kerror: \x1b[m\x1b[Kinvalid conversion from \xe2\x80\x98\x1b[01m\x1b[KServo*\x1b[m\x1b[K\xe2\x80\x99 to \xe2\x80\x98\x1b[01m\x1b[Kuint8_t\x1b[m\x1b[K\xe2\x80\x99 {aka \xe2\x80\x98\x1b[01m\x1b[Kunsigned char\x1b[m\x1b[K\xe2\x80\x99} [\x1b[01;31m\x1b[K\x1b]8;;https://gcc.gnu.org/onlinedocs/gcc/Warning-Options.html#index-fpermissive\x07-fpermissive\x1b]8;;\x07\x1b[m\x1b[K]\n'}
[12.136576] (quadruped_control) StderrLine: {'line': b'   51 |         front_right_upper_servo = \x1b[01;31m\x1b[Knew Servo(front_right_upper)\x1b[m\x1b[K;\n'}
[12.136778] (quadruped_control) StderrLine: {'line': b'      |                                   \x1b[01;31m\x1b[K^~~~~~~~~~~~~~~~~~~~~~~~~~~~\x1b[m\x1b[K\n'}
[12.136974] (quadruped_control) StderrLine: {'line': b'      |                                   \x1b[01;31m\x1b[K|\x1b[m\x1b[K\n'}
[12.137408] (quadruped_control) StderrLine: {'line': b'      |                                   \x1b[01;31m\x1b[KServo*\x1b[m\x1b[K\n'}
[12.137644] (quadruped_control) StderrLine: {'line': b'\x1b[01m\x1b[K/home/jonnydang2004/QUADRAPED/src/quadruped_control/src/motor_config.cpp:51:35:\x1b[m\x1b[K \x1b[01;31m\x1b[Kerror: \x1b[m\x1b[Kinvalid conversion from \xe2\x80\x98\x1b[01m\x1b[KServo*\x1b[m\x1b[K\xe2\x80\x99 to \xe2\x80\x98\x1b[01m\x1b[Kuint8_t\x1b[m\x1b[K\xe2\x80\x99 {aka \xe2\x80\x98\x1b[01m\x1b[Kunsigned char\x1b[m\x1b[K\xe2\x80\x99} [\x1b[01;31m\x1b[K\x1b]8;;https://gcc.gnu.org/onlinedocs/gcc/Warning-Options.html#index-fpermissive\x07-fpermissive\x1b]8;;\x07\x1b[m\x1b[K]\n'}
[12.137849] (quadruped_control) StderrLine: {'line': b'   51 |         front_right_upper_servo = \x1b[01;31m\x1b[Knew Servo(front_right_upper)\x1b[m\x1b[K;\n'}
[12.138042] (quadruped_control) StderrLine: {'line': b'      |                                   \x1b[01;31m\x1b[K^~~~~~~~~~~~~~~~~~~~~~~~~~~~\x1b[m\x1b[K\n'}
[12.138306] (quadruped_control) StderrLine: {'line': b'      |                                   \x1b[01;31m\x1b[K|\x1b[m\x1b[K\n'}
[12.138517] (quadruped_control) StderrLine: {'line': b'      |                                   \x1b[01;31m\x1b[KServo*\x1b[m\x1b[K\n'}
[12.138696] (quadruped_control) StderrLine: {'line': b'In file included from \x1b[01m\x1b[K/home/jonnydang2004/QUADRAPED/src/quadruped_control/src/motor_config.cpp:7\x1b[m\x1b[K:\n'}
[12.138894] (quadruped_control) StderrLine: {'line': b'\x1b[01m\x1b[K/home/jonnydang2004/QUADRAPED/src/quadruped_control/src/Servo.h:7:19:\x1b[m\x1b[K \x1b[01;36m\x1b[Knote: \x1b[m\x1b[K  initializing argument 1 of \xe2\x80\x98\x1b[01m\x1b[KServo::Servo(uint8_t)\x1b[m\x1b[K\xe2\x80\x99\n'}
[12.139086] (quadruped_control) StderrLine: {'line': b'    7 |     Servo(\x1b[01;36m\x1b[Kuint8_t gp\x1b[m\x1b[K);\n'}
[12.140476] (quadruped_control) StderrLine: {'line': b'      |           \x1b[01;36m\x1b[K~~~~~~~~^~\x1b[m\x1b[K\n'}
[12.140777] (quadruped_control) StderrLine: {'line': b'\x1b[01m\x1b[K/home/jonnydang2004/QUADRAPED/src/quadruped_control/src/motor_config.cpp:52:62:\x1b[m\x1b[K \x1b[01;31m\x1b[Kerror: \x1b[m\x1b[Kambiguous overload for \xe2\x80\x98\x1b[01m\x1b[Koperator=\x1b[m\x1b[K\xe2\x80\x99 (operand types are \xe2\x80\x98\x1b[01m\x1b[KServo\x1b[m\x1b[K\xe2\x80\x99 and \xe2\x80\x98\x1b[01m\x1b[KServo*\x1b[m\x1b[K\xe2\x80\x99)\n'}
[12.141025] (quadruped_control) StderrLine: {'line': b'   52 |         front_right_lower_servo = new Servo(front_right_lower\x1b[01;31m\x1b[K)\x1b[m\x1b[K;\n'}
[12.141256] (quadruped_control) StderrLine: {'line': b'      |                                                              \x1b[01;31m\x1b[K^\x1b[m\x1b[K\n'}
[12.141439] (quadruped_control) StderrLine: {'line': b'In file included from \x1b[01m\x1b[K/home/jonnydang2004/QUADRAPED/src/quadruped_control/src/motor_config.cpp:7\x1b[m\x1b[K:\n'}
[12.141597] (quadruped_control) StderrLine: {'line': b'\x1b[01m\x1b[K/home/jonnydang2004/QUADRAPED/src/quadruped_control/src/Servo.h:5:7:\x1b[m\x1b[K \x1b[01;36m\x1b[Knote: \x1b[m\x1b[Kcandidate: \xe2\x80\x98\x1b[01m\x1b[Kconstexpr Servo& Servo::operator=(const Servo&)\x1b[m\x1b[K\xe2\x80\x99 (near match)\n'}
[12.141831] (quadruped_control) StderrLine: {'line': b'    5 | class \x1b[01;36m\x1b[KServo\x1b[m\x1b[K {\n'}
[12.142021] (quadruped_control) StderrLine: {'line': b'      |       \x1b[01;36m\x1b[K^~~~~\x1b[m\x1b[K\n'}
[12.142199] (quadruped_control) StderrLine: {'line': b'\x1b[01m\x1b[K/home/jonnydang2004/QUADRAPED/src/quadruped_control/src/Servo.h:5:7:\x1b[m\x1b[K \x1b[01;36m\x1b[Knote: \x1b[m\x1b[K  conversion of argument 1 would be ill-formed:\n'}
[12.142425] (quadruped_control) StderrLine: {'line': b'\x1b[01m\x1b[K/home/jonnydang2004/QUADRAPED/src/quadruped_control/src/motor_config.cpp:52:35:\x1b[m\x1b[K \x1b[01;31m\x1b[Kerror: \x1b[m\x1b[Kinvalid user-defined conversion from \xe2\x80\x98\x1b[01m\x1b[KServo*\x1b[m\x1b[K\xe2\x80\x99 to \xe2\x80\x98\x1b[01m\x1b[Kconst Servo&\x1b[m\x1b[K\xe2\x80\x99 [\x1b[01;31m\x1b[K\x1b]8;;https://gcc.gnu.org/onlinedocs/gcc/Warning-Options.html#index-fpermissive\x07-fpermissive\x1b]8;;\x07\x1b[m\x1b[K]\n'}
[12.142618] (quadruped_control) StderrLine: {'line': b'   52 |         front_right_lower_servo = \x1b[01;31m\x1b[Knew Servo(front_right_lower)\x1b[m\x1b[K;\n'}
[12.142785] (quadruped_control) StderrLine: {'line': b'      |                                   \x1b[01;31m\x1b[K^~~~~~~~~~~~~~~~~~~~~~~~~~~~\x1b[m\x1b[K\n'}
[12.142941] (quadruped_control) StderrLine: {'line': b'In file included from \x1b[01m\x1b[K/home/jonnydang2004/QUADRAPED/src/quadruped_control/src/motor_config.cpp:7\x1b[m\x1b[K:\n'}
[12.143108] (quadruped_control) StderrLine: {'line': b'\x1b[01m\x1b[K/home/jonnydang2004/QUADRAPED/src/quadruped_control/src/Servo.h:7:5:\x1b[m\x1b[K \x1b[01;36m\x1b[Knote: \x1b[m\x1b[Kcandidate is: \xe2\x80\x98\x1b[01m\x1b[KServo::Servo(uint8_t)\x1b[m\x1b[K\xe2\x80\x99 (near match)\n'}
[12.143399] (quadruped_control) StderrLine: {'line': b'    7 |     \x1b[01;36m\x1b[KServo\x1b[m\x1b[K(uint8_t gp);\n'}
[12.143599] (quadruped_control) StderrLine: {'line': b'      |     \x1b[01;36m\x1b[K^~~~~\x1b[m\x1b[K\n'}
[12.143784] (quadruped_control) StderrLine: {'line': b'\x1b[01m\x1b[K/home/jonnydang2004/QUADRAPED/src/quadruped_control/src/Servo.h:7:5:\x1b[m\x1b[K \x1b[01;36m\x1b[Knote: \x1b[m\x1b[K  conversion of argument 1 would be ill-formed:\n'}
[12.143968] (quadruped_control) StderrLine: {'line': b'\x1b[01m\x1b[K/home/jonnydang2004/QUADRAPED/src/quadruped_control/src/motor_config.cpp:52:35:\x1b[m\x1b[K \x1b[01;31m\x1b[Kerror: \x1b[m\x1b[Kinvalid conversion from \xe2\x80\x98\x1b[01m\x1b[KServo*\x1b[m\x1b[K\xe2\x80\x99 to \xe2\x80\x98\x1b[01m\x1b[Kuint8_t\x1b[m\x1b[K\xe2\x80\x99 {aka \xe2\x80\x98\x1b[01m\x1b[Kunsigned char\x1b[m\x1b[K\xe2\x80\x99} [\x1b[01;31m\x1b[K\x1b]8;;https://gcc.gnu.org/onlinedocs/gcc/Warning-Options.html#index-fpermissive\x07-fpermissive\x1b]8;;\x07\x1b[m\x1b[K]\n'}
[12.144173] (quadruped_control) StderrLine: {'line': b'   52 |         front_right_lower_servo = \x1b[01;31m\x1b[Knew Servo(front_right_lower)\x1b[m\x1b[K;\n'}
[12.144391] (quadruped_control) StderrLine: {'line': b'      |                                   \x1b[01;31m\x1b[K^~~~~~~~~~~~~~~~~~~~~~~~~~~~\x1b[m\x1b[K\n'}
[12.144639] (quadruped_control) StderrLine: {'line': b'      |                                   \x1b[01;31m\x1b[K|\x1b[m\x1b[K\n'}
[12.144851] (quadruped_control) StderrLine: {'line': b'      |                                   \x1b[01;31m\x1b[KServo*\x1b[m\x1b[K\n'}
[12.145030] (quadruped_control) StderrLine: {'line': b'\x1b[01m\x1b[K/home/jonnydang2004/QUADRAPED/src/quadruped_control/src/motor_config.cpp:52:35:\x1b[m\x1b[K \x1b[01;31m\x1b[Kerror: \x1b[m\x1b[Kinvalid conversion from \xe2\x80\x98\x1b[01m\x1b[KServo*\x1b[m\x1b[K\xe2\x80\x99 to \xe2\x80\x98\x1b[01m\x1b[Kuint8_t\x1b[m\x1b[K\xe2\x80\x99 {aka \xe2\x80\x98\x1b[01m\x1b[Kunsigned char\x1b[m\x1b[K\xe2\x80\x99} [\x1b[01;31m\x1b[K\x1b]8;;https://gcc.gnu.org/onlinedocs/gcc/Warning-Options.html#index-fpermissive\x07-fpermissive\x1b]8;;\x07\x1b[m\x1b[K]\n'}
[12.145213] (quadruped_control) StderrLine: {'line': b'   52 |         front_right_lower_servo = \x1b[01;31m\x1b[Knew Servo(front_right_lower)\x1b[m\x1b[K;\n'}
[12.145425] (quadruped_control) StderrLine: {'line': b'      |                                   \x1b[01;31m\x1b[K^~~~~~~~~~~~~~~~~~~~~~~~~~~~\x1b[m\x1b[K\n'}
[12.145595] (quadruped_control) StderrLine: {'line': b'      |                                   \x1b[01;31m\x1b[K|\x1b[m\x1b[K\n'}
[12.145847] (quadruped_control) StderrLine: {'line': b'      |                                   \x1b[01;31m\x1b[KServo*\x1b[m\x1b[K\n'}
[12.146048] (quadruped_control) StderrLine: {'line': b'In file included from \x1b[01m\x1b[K/home/jonnydang2004/QUADRAPED/src/quadruped_control/src/motor_config.cpp:7\x1b[m\x1b[K:\n'}
[12.146327] (quadruped_control) StderrLine: {'line': b'\x1b[01m\x1b[K/home/jonnydang2004/QUADRAPED/src/quadruped_control/src/Servo.h:7:19:\x1b[m\x1b[K \x1b[01;36m\x1b[Knote: \x1b[m\x1b[K  initializing argument 1 of \xe2\x80\x98\x1b[01m\x1b[KServo::Servo(uint8_t)\x1b[m\x1b[K\xe2\x80\x99\n'}
[12.154455] (quadruped_control) StderrLine: {'line': b'    7 |     Servo(\x1b[01;36m\x1b[Kuint8_t gp\x1b[m\x1b[K);\n'}
[12.154787] (quadruped_control) StderrLine: {'line': b'      |           \x1b[01;36m\x1b[K~~~~~~~~^~\x1b[m\x1b[K\n'}
[12.155015] (quadruped_control) StderrLine: {'line': b'\x1b[01m\x1b[K/home/jonnydang2004/QUADRAPED/src/quadruped_control/src/Servo.h:5:7:\x1b[m\x1b[K \x1b[01;36m\x1b[Knote: \x1b[m\x1b[Kcandidate: \xe2\x80\x98\x1b[01m\x1b[Kconstexpr Servo& Servo::operator=(Servo&&)\x1b[m\x1b[K\xe2\x80\x99 (near match)\n'}
[12.156152] (quadruped_control) StderrLine: {'line': b'    5 | class \x1b[01;36m\x1b[KServo\x1b[m\x1b[K {\n'}
[12.158071] (quadruped_control) StderrLine: {'line': b'      |       \x1b[01;36m\x1b[K^~~~~\x1b[m\x1b[K\n'}
[12.158431] (quadruped_control) StderrLine: {'line': b'\x1b[01m\x1b[K/home/jonnydang2004/QUADRAPED/src/quadruped_control/src/Servo.h:5:7:\x1b[m\x1b[K \x1b[01;36m\x1b[Knote: \x1b[m\x1b[K  conversion of argument 1 would be ill-formed:\n'}
[12.158639] (quadruped_control) StderrLine: {'line': b'\x1b[01m\x1b[K/home/jonnydang2004/QUADRAPED/src/quadruped_control/src/motor_config.cpp:52:35:\x1b[m\x1b[K \x1b[01;31m\x1b[Kerror: \x1b[m\x1b[Kinvalid user-defined conversion from \xe2\x80\x98\x1b[01m\x1b[KServo*\x1b[m\x1b[K\xe2\x80\x99 to \xe2\x80\x98\x1b[01m\x1b[KServo&&\x1b[m\x1b[K\xe2\x80\x99 [\x1b[01;31m\x1b[K\x1b]8;;https://gcc.gnu.org/onlinedocs/gcc/Warning-Options.html#index-fpermissive\x07-fpermissive\x1b]8;;\x07\x1b[m\x1b[K]\n'}
[12.158855] (quadruped_control) StderrLine: {'line': b'   52 |         front_right_lower_servo = \x1b[01;31m\x1b[Knew Servo(front_right_lower)\x1b[m\x1b[K;\n'}
[12.159032] (quadruped_control) StderrLine: {'line': b'      |                                   \x1b[01;31m\x1b[K^~~~~~~~~~~~~~~~~~~~~~~~~~~~\x1b[m\x1b[K\n'}
[12.159204] (quadruped_control) StderrLine: {'line': b'In file included from \x1b[01m\x1b[K/home/jonnydang2004/QUADRAPED/src/quadruped_control/src/motor_config.cpp:7\x1b[m\x1b[K:\n'}
[12.159553] (quadruped_control) StderrLine: {'line': b'\x1b[01m\x1b[K/home/jonnydang2004/QUADRAPED/src/quadruped_control/src/Servo.h:7:5:\x1b[m\x1b[K \x1b[01;36m\x1b[Knote: \x1b[m\x1b[Kcandidate is: \xe2\x80\x98\x1b[01m\x1b[KServo::Servo(uint8_t)\x1b[m\x1b[K\xe2\x80\x99 (near match)\n'}
[12.159744] (quadruped_control) StderrLine: {'line': b'    7 |     \x1b[01;36m\x1b[KServo\x1b[m\x1b[K(uint8_t gp);\n'}
[12.159922] (quadruped_control) StderrLine: {'line': b'      |     \x1b[01;36m\x1b[K^~~~~\x1b[m\x1b[K\n'}
[12.160097] (quadruped_control) StderrLine: {'line': b'\x1b[01m\x1b[K/home/jonnydang2004/QUADRAPED/src/quadruped_control/src/Servo.h:7:5:\x1b[m\x1b[K \x1b[01;36m\x1b[Knote: \x1b[m\x1b[K  conversion of argument 1 would be ill-formed:\n'}
[12.160311] (quadruped_control) StderrLine: {'line': b'\x1b[01m\x1b[K/home/jonnydang2004/QUADRAPED/src/quadruped_control/src/motor_config.cpp:52:35:\x1b[m\x1b[K \x1b[01;31m\x1b[Kerror: \x1b[m\x1b[Kinvalid conversion from \xe2\x80\x98\x1b[01m\x1b[KServo*\x1b[m\x1b[K\xe2\x80\x99 to \xe2\x80\x98\x1b[01m\x1b[Kuint8_t\x1b[m\x1b[K\xe2\x80\x99 {aka \xe2\x80\x98\x1b[01m\x1b[Kunsigned char\x1b[m\x1b[K\xe2\x80\x99} [\x1b[01;31m\x1b[K\x1b]8;;https://gcc.gnu.org/onlinedocs/gcc/Warning-Options.html#index-fpermissive\x07-fpermissive\x1b]8;;\x07\x1b[m\x1b[K]\n'}
[12.160516] (quadruped_control) StderrLine: {'line': b'   52 |         front_right_lower_servo = \x1b[01;31m\x1b[Knew Servo(front_right_lower)\x1b[m\x1b[K;\n'}
[12.160697] (quadruped_control) StderrLine: {'line': b'      |                                   \x1b[01;31m\x1b[K^~~~~~~~~~~~~~~~~~~~~~~~~~~~\x1b[m\x1b[K\n'}
[12.160873] (quadruped_control) StderrLine: {'line': b'      |                                   \x1b[01;31m\x1b[K|\x1b[m\x1b[K\n'}
[12.161058] (quadruped_control) StderrLine: {'line': b'      |                                   \x1b[01;31m\x1b[KServo*\x1b[m\x1b[K\n'}
[12.161311] (quadruped_control) StderrLine: {'line': b'\x1b[01m\x1b[K/home/jonnydang2004/QUADRAPED/src/quadruped_control/src/motor_config.cpp:52:35:\x1b[m\x1b[K \x1b[01;31m\x1b[Kerror: \x1b[m\x1b[Kinvalid conversion from \xe2\x80\x98\x1b[01m\x1b[KServo*\x1b[m\x1b[K\xe2\x80\x99 to \xe2\x80\x98\x1b[01m\x1b[Kuint8_t\x1b[m\x1b[K\xe2\x80\x99 {aka \xe2\x80\x98\x1b[01m\x1b[Kunsigned char\x1b[m\x1b[K\xe2\x80\x99} [\x1b[01;31m\x1b[K\x1b]8;;https://gcc.gnu.org/onlinedocs/gcc/Warning-Options.html#index-fpermissive\x07-fpermissive\x1b]8;;\x07\x1b[m\x1b[K]\n'}
[12.161583] (quadruped_control) StderrLine: {'line': b'   52 |         front_right_lower_servo = \x1b[01;31m\x1b[Knew Servo(front_right_lower)\x1b[m\x1b[K;\n'}
[12.161782] (quadruped_control) StderrLine: {'line': b'      |                                   \x1b[01;31m\x1b[K^~~~~~~~~~~~~~~~~~~~~~~~~~~~\x1b[m\x1b[K\n'}
[12.162013] (quadruped_control) StderrLine: {'line': b'      |                                   \x1b[01;31m\x1b[K|\x1b[m\x1b[K\n'}
[12.162200] (quadruped_control) StderrLine: {'line': b'      |                                   \x1b[01;31m\x1b[KServo*\x1b[m\x1b[K\n'}
[12.162501] (quadruped_control) StderrLine: {'line': b'In file included from \x1b[01m\x1b[K/home/jonnydang2004/QUADRAPED/src/quadruped_control/src/motor_config.cpp:7\x1b[m\x1b[K:\n'}
[12.162759] (quadruped_control) StderrLine: {'line': b'\x1b[01m\x1b[K/home/jonnydang2004/QUADRAPED/src/quadruped_control/src/Servo.h:7:19:\x1b[m\x1b[K \x1b[01;36m\x1b[Knote: \x1b[m\x1b[K  initializing argument 1 of \xe2\x80\x98\x1b[01m\x1b[KServo::Servo(uint8_t)\x1b[m\x1b[K\xe2\x80\x99\n'}
[12.163055] (quadruped_control) StderrLine: {'line': b'    7 |     Servo(\x1b[01;36m\x1b[Kuint8_t gp\x1b[m\x1b[K);\n'}
[12.163407] (quadruped_control) StderrLine: {'line': b'      |           \x1b[01;36m\x1b[K~~~~~~~~^~\x1b[m\x1b[K\n'}
[12.163648] (quadruped_control) StderrLine: {'line': b'\x1b[01m\x1b[K/home/jonnydang2004/QUADRAPED/src/quadruped_control/src/motor_config.cpp:54:58:\x1b[m\x1b[K \x1b[01;31m\x1b[Kerror: \x1b[m\x1b[Kambiguous overload for \xe2\x80\x98\x1b[01m\x1b[Koperator=\x1b[m\x1b[K\xe2\x80\x99 (operand types are \xe2\x80\x98\x1b[01m\x1b[KServo\x1b[m\x1b[K\xe2\x80\x99 and \xe2\x80\x98\x1b[01m\x1b[KServo*\x1b[m\x1b[K\xe2\x80\x99)\n'}
[12.163878] (quadruped_control) StderrLine: {'line': b'   54 |         back_left_upper_servo = new Servo(back_left_upper\x1b[01;31m\x1b[K)\x1b[m\x1b[K;\n'}
[12.164090] (quadruped_control) StderrLine: {'line': b'      |                                                          \x1b[01;31m\x1b[K^\x1b[m\x1b[K\n'}
[12.169175] (quadruped_control) StderrLine: {'line': b'In file included from \x1b[01m\x1b[K/home/jonnydang2004/QUADRAPED/src/quadruped_control/src/motor_config.cpp:7\x1b[m\x1b[K:\n'}
[12.169589] (quadruped_control) StderrLine: {'line': b'\x1b[01m\x1b[K/home/jonnydang2004/QUADRAPED/src/quadruped_control/src/Servo.h:5:7:\x1b[m\x1b[K \x1b[01;36m\x1b[Knote: \x1b[m\x1b[Kcandidate: \xe2\x80\x98\x1b[01m\x1b[Kconstexpr Servo& Servo::operator=(const Servo&)\x1b[m\x1b[K\xe2\x80\x99 (near match)\n'}
[12.169764] (quadruped_control) StderrLine: {'line': b'    5 | class \x1b[01;36m\x1b[KServo\x1b[m\x1b[K {\n'}
[12.170340] (quadruped_control) StderrLine: {'line': b'      |       \x1b[01;36m\x1b[K^~~~~\x1b[m\x1b[K\n'}
[12.170689] (quadruped_control) StderrLine: {'line': b'\x1b[01m\x1b[K/home/jonnydang2004/QUADRAPED/src/quadruped_control/src/Servo.h:5:7:\x1b[m\x1b[K \x1b[01;36m\x1b[Knote: \x1b[m\x1b[K  conversion of argument 1 would be ill-formed:\n'}
[12.171516] (quadruped_control) StderrLine: {'line': b'\x1b[01m\x1b[K/home/jonnydang2004/QUADRAPED/src/quadruped_control/src/motor_config.cpp:54:33:\x1b[m\x1b[K \x1b[01;31m\x1b[Kerror: \x1b[m\x1b[Kinvalid user-defined conversion from \xe2\x80\x98\x1b[01m\x1b[KServo*\x1b[m\x1b[K\xe2\x80\x99 to \xe2\x80\x98\x1b[01m\x1b[Kconst Servo&\x1b[m\x1b[K\xe2\x80\x99 [\x1b[01;31m\x1b[K\x1b]8;;https://gcc.gnu.org/onlinedocs/gcc/Warning-Options.html#index-fpermissive\x07-fpermissive\x1b]8;;\x07\x1b[m\x1b[K]\n'}
[12.172539] (quadruped_control) StderrLine: {'line': b'   54 |         back_left_upper_servo = \x1b[01;31m\x1b[Knew Servo(back_left_upper)\x1b[m\x1b[K;\n'}
[12.172957] (quadruped_control) StderrLine: {'line': b'      |                                 \x1b[01;31m\x1b[K^~~~~~~~~~~~~~~~~~~~~~~~~~\x1b[m\x1b[K\n'}
[12.176606] (quadruped_control) StderrLine: {'line': b'In file included from \x1b[01m\x1b[K/home/jonnydang2004/QUADRAPED/src/quadruped_control/src/motor_config.cpp:7\x1b[m\x1b[K:\n'}
[12.176873] (quadruped_control) StderrLine: {'line': b'\x1b[01m\x1b[K/home/jonnydang2004/QUADRAPED/src/quadruped_control/src/Servo.h:7:5:\x1b[m\x1b[K \x1b[01;36m\x1b[Knote: \x1b[m\x1b[Kcandidate is: \xe2\x80\x98\x1b[01m\x1b[KServo::Servo(uint8_t)\x1b[m\x1b[K\xe2\x80\x99 (near match)\n'}
[12.177079] (quadruped_control) StderrLine: {'line': b'    7 |     \x1b[01;36m\x1b[KServo\x1b[m\x1b[K(uint8_t gp);\n'}
[12.177299] (quadruped_control) StderrLine: {'line': b'      |     \x1b[01;36m\x1b[K^~~~~\x1b[m\x1b[K\n'}
[12.178058] (quadruped_control) StderrLine: {'line': b'\x1b[01m\x1b[K/home/jonnydang2004/QUADRAPED/src/quadruped_control/src/Servo.h:7:5:\x1b[m\x1b[K \x1b[01;36m\x1b[Knote: \x1b[m\x1b[K  conversion of argument 1 would be ill-formed:\n'}
[12.178386] (quadruped_control) StderrLine: {'line': b'\x1b[01m\x1b[K/home/jonnydang2004/QUADRAPED/src/quadruped_control/src/motor_config.cpp:54:33:\x1b[m\x1b[K \x1b[01;31m\x1b[Kerror: \x1b[m\x1b[Kinvalid conversion from \xe2\x80\x98\x1b[01m\x1b[KServo*\x1b[m\x1b[K\xe2\x80\x99 to \xe2\x80\x98\x1b[01m\x1b[Kuint8_t\x1b[m\x1b[K\xe2\x80\x99 {aka \xe2\x80\x98\x1b[01m\x1b[Kunsigned char\x1b[m\x1b[K\xe2\x80\x99} [\x1b[01;31m\x1b[K\x1b]8;;https://gcc.gnu.org/onlinedocs/gcc/Warning-Options.html#index-fpermissive\x07-fpermissive\x1b]8;;\x07\x1b[m\x1b[K]\n'}
[12.178623] (quadruped_control) StderrLine: {'line': b'   54 |         back_left_upper_servo = \x1b[01;31m\x1b[Knew Servo(back_left_upper)\x1b[m\x1b[K;\n'}
[12.178824] (quadruped_control) StderrLine: {'line': b'      |                                 \x1b[01;31m\x1b[K^~~~~~~~~~~~~~~~~~~~~~~~~~\x1b[m\x1b[K\n'}
[12.179032] (quadruped_control) StderrLine: {'line': b'      |                                 \x1b[01;31m\x1b[K|\x1b[m\x1b[K\n'}
[12.179362] (quadruped_control) StderrLine: {'line': b'      |                                 \x1b[01;31m\x1b[KServo*\x1b[m\x1b[K\n'}
[12.179712] (quadruped_control) StderrLine: {'line': b'\x1b[01m\x1b[K/home/jonnydang2004/QUADRAPED/src/quadruped_control/src/motor_config.cpp:54:33:\x1b[m\x1b[K \x1b[01;31m\x1b[Kerror: \x1b[m\x1b[Kinvalid conversion from \xe2\x80\x98\x1b[01m\x1b[KServo*\x1b[m\x1b[K\xe2\x80\x99 to \xe2\x80\x98\x1b[01m\x1b[Kuint8_t\x1b[m\x1b[K\xe2\x80\x99 {aka \xe2\x80\x98\x1b[01m\x1b[Kunsigned char\x1b[m\x1b[K\xe2\x80\x99} [\x1b[01;31m\x1b[K\x1b]8;;https://gcc.gnu.org/onlinedocs/gcc/Warning-Options.html#index-fpermissive\x07-fpermissive\x1b]8;;\x07\x1b[m\x1b[K]\n'}
[12.184143] (quadruped_control) StderrLine: {'line': b'   54 |         back_left_upper_servo = \x1b[01;31m\x1b[Knew Servo(back_left_upper)\x1b[m\x1b[K;\n'}
[12.184597] (quadruped_control) StderrLine: {'line': b'      |                                 \x1b[01;31m\x1b[K^~~~~~~~~~~~~~~~~~~~~~~~~~\x1b[m\x1b[K\n'}
[12.184860] (quadruped_control) StderrLine: {'line': b'      |                                 \x1b[01;31m\x1b[K|\x1b[m\x1b[K\n'}
[12.185084] (quadruped_control) StderrLine: {'line': b'      |                                 \x1b[01;31m\x1b[KServo*\x1b[m\x1b[K\n'}
[12.185370] (quadruped_control) StderrLine: {'line': b'In file included from \x1b[01m\x1b[K/home/jonnydang2004/QUADRAPED/src/quadruped_control/src/motor_config.cpp:7\x1b[m\x1b[K:\n'}
[12.185585] (quadruped_control) StderrLine: {'line': b'\x1b[01m\x1b[K/home/jonnydang2004/QUADRAPED/src/quadruped_control/src/Servo.h:7:19:\x1b[m\x1b[K \x1b[01;36m\x1b[Knote: \x1b[m\x1b[K  initializing argument 1 of \xe2\x80\x98\x1b[01m\x1b[KServo::Servo(uint8_t)\x1b[m\x1b[K\xe2\x80\x99\n'}
[12.185800] (quadruped_control) StderrLine: {'line': b'    7 |     Servo(\x1b[01;36m\x1b[Kuint8_t gp\x1b[m\x1b[K);\n'}
[12.186007] (quadruped_control) StderrLine: {'line': b'      |           \x1b[01;36m\x1b[K~~~~~~~~^~\x1b[m\x1b[K\n'}
[12.186453] (quadruped_control) StderrLine: {'line': b'\x1b[01m\x1b[K/home/jonnydang2004/QUADRAPED/src/quadruped_control/src/Servo.h:5:7:\x1b[m\x1b[K \x1b[01;36m\x1b[Knote: \x1b[m\x1b[Kcandidate: \xe2\x80\x98\x1b[01m\x1b[Kconstexpr Servo& Servo::operator=(Servo&&)\x1b[m\x1b[K\xe2\x80\x99 (near match)\n'}
[12.186739] (quadruped_control) StderrLine: {'line': b'    5 | class \x1b[01;36m\x1b[KServo\x1b[m\x1b[K {\n'}
[12.186953] (quadruped_control) StderrLine: {'line': b'      |       \x1b[01;36m\x1b[K^~~~~\x1b[m\x1b[K\n'}
[12.187165] (quadruped_control) StderrLine: {'line': b'\x1b[01m\x1b[K/home/jonnydang2004/QUADRAPED/src/quadruped_control/src/Servo.h:5:7:\x1b[m\x1b[K \x1b[01;36m\x1b[Knote: \x1b[m\x1b[K  conversion of argument 1 would be ill-formed:\n'}
[12.189147] (quadruped_control) StderrLine: {'line': b'\x1b[01m\x1b[K/home/jonnydang2004/QUADRAPED/src/quadruped_control/src/motor_config.cpp:54:33:\x1b[m\x1b[K \x1b[01;31m\x1b[Kerror: \x1b[m\x1b[Kinvalid user-defined conversion from \xe2\x80\x98\x1b[01m\x1b[KServo*\x1b[m\x1b[K\xe2\x80\x99 to \xe2\x80\x98\x1b[01m\x1b[KServo&&\x1b[m\x1b[K\xe2\x80\x99 [\x1b[01;31m\x1b[K\x1b]8;;https://gcc.gnu.org/onlinedocs/gcc/Warning-Options.html#index-fpermissive\x07-fpermissive\x1b]8;;\x07\x1b[m\x1b[K]\n'}
[12.189403] (quadruped_control) StderrLine: {'line': b'   54 |         back_left_upper_servo = \x1b[01;31m\x1b[Knew Servo(back_left_upper)\x1b[m\x1b[K;\n'}
[12.189563] (quadruped_control) StderrLine: {'line': b'      |                                 \x1b[01;31m\x1b[K^~~~~~~~~~~~~~~~~~~~~~~~~~\x1b[m\x1b[K\n'}
[12.189759] (quadruped_control) StderrLine: {'line': b'In file included from \x1b[01m\x1b[K/home/jonnydang2004/QUADRAPED/src/quadruped_control/src/motor_config.cpp:7\x1b[m\x1b[K:\n'}
[12.189951] (quadruped_control) StderrLine: {'line': b'\x1b[01m\x1b[K/home/jonnydang2004/QUADRAPED/src/quadruped_control/src/Servo.h:7:5:\x1b[m\x1b[K \x1b[01;36m\x1b[Knote: \x1b[m\x1b[Kcandidate is: \xe2\x80\x98\x1b[01m\x1b[KServo::Servo(uint8_t)\x1b[m\x1b[K\xe2\x80\x99 (near match)\n'}
[12.190115] (quadruped_control) StderrLine: {'line': b'    7 |     \x1b[01;36m\x1b[KServo\x1b[m\x1b[K(uint8_t gp);\n'}
[12.190412] (quadruped_control) StderrLine: {'line': b'      |     \x1b[01;36m\x1b[K^~~~~\x1b[m\x1b[K\n'}
[12.191340] (quadruped_control) StderrLine: {'line': b'\x1b[01m\x1b[K/home/jonnydang2004/QUADRAPED/src/quadruped_control/src/Servo.h:7:5:\x1b[m\x1b[K \x1b[01;36m\x1b[Knote: \x1b[m\x1b[K  conversion of argument 1 would be ill-formed:\n'}
[12.191671] (quadruped_control) StderrLine: {'line': b'\x1b[01m\x1b[K/home/jonnydang2004/QUADRAPED/src/quadruped_control/src/motor_config.cpp:54:33:\x1b[m\x1b[K \x1b[01;31m\x1b[Kerror: \x1b[m\x1b[Kinvalid conversion from \xe2\x80\x98\x1b[01m\x1b[KServo*\x1b[m\x1b[K\xe2\x80\x99 to \xe2\x80\x98\x1b[01m\x1b[Kuint8_t\x1b[m\x1b[K\xe2\x80\x99 {aka \xe2\x80\x98\x1b[01m\x1b[Kunsigned char\x1b[m\x1b[K\xe2\x80\x99} [\x1b[01;31m\x1b[K\x1b]8;;https://gcc.gnu.org/onlinedocs/gcc/Warning-Options.html#index-fpermissive\x07-fpermissive\x1b]8;;\x07\x1b[m\x1b[K]\n'}
[12.191961] (quadruped_control) StderrLine: {'line': b'   54 |         back_left_upper_servo = \x1b[01;31m\x1b[Knew Servo(back_left_upper)\x1b[m\x1b[K;\n'}
[12.192260] (quadruped_control) StderrLine: {'line': b'      |                                 \x1b[01;31m\x1b[K^~~~~~~~~~~~~~~~~~~~~~~~~~\x1b[m\x1b[K\n'}
[12.192548] (quadruped_control) StderrLine: {'line': b'      |                                 \x1b[01;31m\x1b[K|\x1b[m\x1b[K\n'}
[12.193519] (quadruped_control) StderrLine: {'line': b'      |                                 \x1b[01;31m\x1b[KServo*\x1b[m\x1b[K\n'}
[12.193828] (quadruped_control) StderrLine: {'line': b'\x1b[01m\x1b[K/home/jonnydang2004/QUADRAPED/src/quadruped_control/src/motor_config.cpp:54:33:\x1b[m\x1b[K \x1b[01;31m\x1b[Kerror: \x1b[m\x1b[Kinvalid conversion from \xe2\x80\x98\x1b[01m\x1b[KServo*\x1b[m\x1b[K\xe2\x80\x99 to \xe2\x80\x98\x1b[01m\x1b[Kuint8_t\x1b[m\x1b[K\xe2\x80\x99 {aka \xe2\x80\x98\x1b[01m\x1b[Kunsigned char\x1b[m\x1b[K\xe2\x80\x99} [\x1b[01;31m\x1b[K\x1b]8;;https://gcc.gnu.org/onlinedocs/gcc/Warning-Options.html#index-fpermissive\x07-fpermissive\x1b]8;;\x07\x1b[m\x1b[K]\n'}
[12.194099] (quadruped_control) StderrLine: {'line': b'   54 |         back_left_upper_servo = \x1b[01;31m\x1b[Knew Servo(back_left_upper)\x1b[m\x1b[K;\n'}
[12.195060] (quadruped_control) StderrLine: {'line': b'      |                                 \x1b[01;31m\x1b[K^~~~~~~~~~~~~~~~~~~~~~~~~~\x1b[m\x1b[K\n'}
[12.195491] (quadruped_control) StderrLine: {'line': b'      |                                 \x1b[01;31m\x1b[K|\x1b[m\x1b[K\n'}
[12.195763] (quadruped_control) StderrLine: {'line': b'      |                                 \x1b[01;31m\x1b[KServo*\x1b[m\x1b[K\n'}
[12.201406] (quadruped_control) StderrLine: {'line': b'In file included from \x1b[01m\x1b[K/home/jonnydang2004/QUADRAPED/src/quadruped_control/src/motor_config.cpp:7\x1b[m\x1b[K:\n'}
[12.201855] (quadruped_control) StderrLine: {'line': b'\x1b[01m\x1b[K/home/jonnydang2004/QUADRAPED/src/quadruped_control/src/Servo.h:7:19:\x1b[m\x1b[K \x1b[01;36m\x1b[Knote: \x1b[m\x1b[K  initializing argument 1 of \xe2\x80\x98\x1b[01m\x1b[KServo::Servo(uint8_t)\x1b[m\x1b[K\xe2\x80\x99\n'}
[12.202104] (quadruped_control) StderrLine: {'line': b'    7 |     Servo(\x1b[01;36m\x1b[Kuint8_t gp\x1b[m\x1b[K);\n'}
[12.202657] (quadruped_control) StderrLine: {'line': b'      |           \x1b[01;36m\x1b[K~~~~~~~~^~\x1b[m\x1b[K\n'}
[12.202883] (quadruped_control) StderrLine: {'line': b'\x1b[01m\x1b[K/home/jonnydang2004/QUADRAPED/src/quadruped_control/src/motor_config.cpp:55:58:\x1b[m\x1b[K \x1b[01;31m\x1b[Kerror: \x1b[m\x1b[Kambiguous overload for \xe2\x80\x98\x1b[01m\x1b[Koperator=\x1b[m\x1b[K\xe2\x80\x99 (operand types are \xe2\x80\x98\x1b[01m\x1b[KServo\x1b[m\x1b[K\xe2\x80\x99 and \xe2\x80\x98\x1b[01m\x1b[KServo*\x1b[m\x1b[K\xe2\x80\x99)\n'}
[12.203060] (quadruped_control) StderrLine: {'line': b'   55 |         back_left_lower_servo = new Servo(back_left_lower\x1b[01;31m\x1b[K)\x1b[m\x1b[K;\n'}
[12.203203] (quadruped_control) StderrLine: {'line': b'      |                                                          \x1b[01;31m\x1b[K^\x1b[m\x1b[K\n'}
[12.203557] (quadruped_control) StderrLine: {'line': b'In file included from \x1b[01m\x1b[K/home/jonnydang2004/QUADRAPED/src/quadruped_control/src/motor_config.cpp:7\x1b[m\x1b[K:\n'}
[12.203860] (quadruped_control) StderrLine: {'line': b'\x1b[01m\x1b[K/home/jonnydang2004/QUADRAPED/src/quadruped_control/src/Servo.h:5:7:\x1b[m\x1b[K \x1b[01;36m\x1b[Knote: \x1b[m\x1b[Kcandidate: \xe2\x80\x98\x1b[01m\x1b[Kconstexpr Servo& Servo::operator=(const Servo&)\x1b[m\x1b[K\xe2\x80\x99 (near match)\n'}
[12.204132] (quadruped_control) StderrLine: {'line': b'    5 | class \x1b[01;36m\x1b[KServo\x1b[m\x1b[K {\n'}
[12.204586] (quadruped_control) StderrLine: {'line': b'      |       \x1b[01;36m\x1b[K^~~~~\x1b[m\x1b[K\n'}
[12.204798] (quadruped_control) StderrLine: {'line': b'\x1b[01m\x1b[K/home/jonnydang2004/QUADRAPED/src/quadruped_control/src/Servo.h:5:7:\x1b[m\x1b[K \x1b[01;36m\x1b[Knote: \x1b[m\x1b[K  conversion of argument 1 would be ill-formed:\n'}
[12.204993] (quadruped_control) StderrLine: {'line': b'\x1b[01m\x1b[K/home/jonnydang2004/QUADRAPED/src/quadruped_control/src/motor_config.cpp:55:33:\x1b[m\x1b[K \x1b[01;31m\x1b[Kerror: \x1b[m\x1b[Kinvalid user-defined conversion from \xe2\x80\x98\x1b[01m\x1b[KServo*\x1b[m\x1b[K\xe2\x80\x99 to \xe2\x80\x98\x1b[01m\x1b[Kconst Servo&\x1b[m\x1b[K\xe2\x80\x99 [\x1b[01;31m\x1b[K\x1b]8;;https://gcc.gnu.org/onlinedocs/gcc/Warning-Options.html#index-fpermissive\x07-fpermissive\x1b]8;;\x07\x1b[m\x1b[K]\n'}
[12.205187] (quadruped_control) StderrLine: {'line': b'   55 |         back_left_lower_servo = \x1b[01;31m\x1b[Knew Servo(back_left_lower)\x1b[m\x1b[K;\n'}
[12.205572] (quadruped_control) StderrLine: {'line': b'      |                                 \x1b[01;31m\x1b[K^~~~~~~~~~~~~~~~~~~~~~~~~~\x1b[m\x1b[K\n'}
[12.205800] (quadruped_control) StderrLine: {'line': b'In file included from \x1b[01m\x1b[K/home/jonnydang2004/QUADRAPED/src/quadruped_control/src/motor_config.cpp:7\x1b[m\x1b[K:\n'}
[12.205978] (quadruped_control) StderrLine: {'line': b'\x1b[01m\x1b[K/home/jonnydang2004/QUADRAPED/src/quadruped_control/src/Servo.h:7:5:\x1b[m\x1b[K \x1b[01;36m\x1b[Knote: \x1b[m\x1b[Kcandidate is: \xe2\x80\x98\x1b[01m\x1b[KServo::Servo(uint8_t)\x1b[m\x1b[K\xe2\x80\x99 (near match)\n'}
[12.206147] (quadruped_control) StderrLine: {'line': b'    7 |     \x1b[01;36m\x1b[KServo\x1b[m\x1b[K(uint8_t gp);\n'}
[12.206386] (quadruped_control) StderrLine: {'line': b'      |     \x1b[01;36m\x1b[K^~~~~\x1b[m\x1b[K\n'}
[12.206651] (quadruped_control) StderrLine: {'line': b'\x1b[01m\x1b[K/home/jonnydang2004/QUADRAPED/src/quadruped_control/src/Servo.h:7:5:\x1b[m\x1b[K \x1b[01;36m\x1b[Knote: \x1b[m\x1b[K  conversion of argument 1 would be ill-formed:\n'}
[12.206857] (quadruped_control) StderrLine: {'line': b'\x1b[01m\x1b[K/home/jonnydang2004/QUADRAPED/src/quadruped_control/src/motor_config.cpp:55:33:\x1b[m\x1b[K \x1b[01;31m\x1b[Kerror: \x1b[m\x1b[Kinvalid conversion from \xe2\x80\x98\x1b[01m\x1b[KServo*\x1b[m\x1b[K\xe2\x80\x99 to \xe2\x80\x98\x1b[01m\x1b[Kuint8_t\x1b[m\x1b[K\xe2\x80\x99 {aka \xe2\x80\x98\x1b[01m\x1b[Kunsigned char\x1b[m\x1b[K\xe2\x80\x99} [\x1b[01;31m\x1b[K\x1b]8;;https://gcc.gnu.org/onlinedocs/gcc/Warning-Options.html#index-fpermissive\x07-fpermissive\x1b]8;;\x07\x1b[m\x1b[K]\n'}
[12.207057] (quadruped_control) StderrLine: {'line': b'   55 |         back_left_lower_servo = \x1b[01;31m\x1b[Knew Servo(back_left_lower)\x1b[m\x1b[K;\n'}
[12.207331] (quadruped_control) StderrLine: {'line': b'      |                                 \x1b[01;31m\x1b[K^~~~~~~~~~~~~~~~~~~~~~~~~~\x1b[m\x1b[K\n'}
[12.207573] (quadruped_control) StderrLine: {'line': b'      |                                 \x1b[01;31m\x1b[K|\x1b[m\x1b[K\n'}
[12.207737] (quadruped_control) StderrLine: {'line': b'      |                                 \x1b[01;31m\x1b[KServo*\x1b[m\x1b[K\n'}
[12.207890] (quadruped_control) StderrLine: {'line': b'\x1b[01m\x1b[K/home/jonnydang2004/QUADRAPED/src/quadruped_control/src/motor_config.cpp:55:33:\x1b[m\x1b[K \x1b[01;31m\x1b[Kerror: \x1b[m\x1b[Kinvalid conversion from \xe2\x80\x98\x1b[01m\x1b[KServo*\x1b[m\x1b[K\xe2\x80\x99 to \xe2\x80\x98\x1b[01m\x1b[Kuint8_t\x1b[m\x1b[K\xe2\x80\x99 {aka \xe2\x80\x98\x1b[01m\x1b[Kunsigned char\x1b[m\x1b[K\xe2\x80\x99} [\x1b[01;31m\x1b[K\x1b]8;;https://gcc.gnu.org/onlinedocs/gcc/Warning-Options.html#index-fpermissive\x07-fpermissive\x1b]8;;\x07\x1b[m\x1b[K]\n'}
[12.208051] (quadruped_control) StderrLine: {'line': b'   55 |         back_left_lower_servo = \x1b[01;31m\x1b[Knew Servo(back_left_lower)\x1b[m\x1b[K;\n'}
[12.208199] (quadruped_control) StderrLine: {'line': b'      |                                 \x1b[01;31m\x1b[K^~~~~~~~~~~~~~~~~~~~~~~~~~\x1b[m\x1b[K\n'}
[12.208406] (quadruped_control) StderrLine: {'line': b'      |                                 \x1b[01;31m\x1b[K|\x1b[m\x1b[K\n'}
[12.208561] (quadruped_control) StderrLine: {'line': b'      |                                 \x1b[01;31m\x1b[KServo*\x1b[m\x1b[K\n'}
[12.208711] (quadruped_control) StderrLine: {'line': b'In file included from \x1b[01m\x1b[K/home/jonnydang2004/QUADRAPED/src/quadruped_control/src/motor_config.cpp:7\x1b[m\x1b[K:\n'}
[12.208858] (quadruped_control) StderrLine: {'line': b'\x1b[01m\x1b[K/home/jonnydang2004/QUADRAPED/src/quadruped_control/src/Servo.h:7:19:\x1b[m\x1b[K \x1b[01;36m\x1b[Knote: \x1b[m\x1b[K  initializing argument 1 of \xe2\x80\x98\x1b[01m\x1b[KServo::Servo(uint8_t)\x1b[m\x1b[K\xe2\x80\x99\n'}
[12.209021] (quadruped_control) StderrLine: {'line': b'    7 |     Servo(\x1b[01;36m\x1b[Kuint8_t gp\x1b[m\x1b[K);\n'}
[12.209174] (quadruped_control) StderrLine: {'line': b'      |           \x1b[01;36m\x1b[K~~~~~~~~^~\x1b[m\x1b[K\n'}
[12.209380] (quadruped_control) StderrLine: {'line': b'\x1b[01m\x1b[K/home/jonnydang2004/QUADRAPED/src/quadruped_control/src/Servo.h:5:7:\x1b[m\x1b[K \x1b[01;36m\x1b[Knote: \x1b[m\x1b[Kcandidate: \xe2\x80\x98\x1b[01m\x1b[Kconstexpr Servo& Servo::operator=(Servo&&)\x1b[m\x1b[K\xe2\x80\x99 (near match)\n'}
[12.209544] (quadruped_control) StderrLine: {'line': b'    5 | class \x1b[01;36m\x1b[KServo\x1b[m\x1b[K {\n'}
[12.209690] (quadruped_control) StderrLine: {'line': b'      |       \x1b[01;36m\x1b[K^~~~~\x1b[m\x1b[K\n'}
[12.209836] (quadruped_control) StderrLine: {'line': b'\x1b[01m\x1b[K/home/jonnydang2004/QUADRAPED/src/quadruped_control/src/Servo.h:5:7:\x1b[m\x1b[K \x1b[01;36m\x1b[Knote: \x1b[m\x1b[K  conversion of argument 1 would be ill-formed:\n'}
[12.209990] (quadruped_control) StderrLine: {'line': b'\x1b[01m\x1b[K/home/jonnydang2004/QUADRAPED/src/quadruped_control/src/motor_config.cpp:55:33:\x1b[m\x1b[K \x1b[01;31m\x1b[Kerror: \x1b[m\x1b[Kinvalid user-defined conversion from \xe2\x80\x98\x1b[01m\x1b[KServo*\x1b[m\x1b[K\xe2\x80\x99 to \xe2\x80\x98\x1b[01m\x1b[KServo&&\x1b[m\x1b[K\xe2\x80\x99 [\x1b[01;31m\x1b[K\x1b]8;;https://gcc.gnu.org/onlinedocs/gcc/Warning-Options.html#index-fpermissive\x07-fpermissive\x1b]8;;\x07\x1b[m\x1b[K]\n'}
[12.210158] (quadruped_control) StderrLine: {'line': b'   55 |         back_left_lower_servo = \x1b[01;31m\x1b[Knew Servo(back_left_lower)\x1b[m\x1b[K;\n'}
[12.210373] (quadruped_control) StderrLine: {'line': b'      |                                 \x1b[01;31m\x1b[K^~~~~~~~~~~~~~~~~~~~~~~~~~\x1b[m\x1b[K\n'}
[12.210544] (quadruped_control) StderrLine: {'line': b'In file included from \x1b[01m\x1b[K/home/jonnydang2004/QUADRAPED/src/quadruped_control/src/motor_config.cpp:7\x1b[m\x1b[K:\n'}
[12.210725] (quadruped_control) StderrLine: {'line': b'\x1b[01m\x1b[K/home/jonnydang2004/QUADRAPED/src/quadruped_control/src/Servo.h:7:5:\x1b[m\x1b[K \x1b[01;36m\x1b[Knote: \x1b[m\x1b[Kcandidate is: \xe2\x80\x98\x1b[01m\x1b[KServo::Servo(uint8_t)\x1b[m\x1b[K\xe2\x80\x99 (near match)\n'}
[12.210939] (quadruped_control) StderrLine: {'line': b'    7 |     \x1b[01;36m\x1b[KServo\x1b[m\x1b[K(uint8_t gp);\n'}
[12.211116] (quadruped_control) StderrLine: {'line': b'      |     \x1b[01;36m\x1b[K^~~~~\x1b[m\x1b[K\n'}
[12.211367] (quadruped_control) StderrLine: {'line': b'\x1b[01m\x1b[K/home/jonnydang2004/QUADRAPED/src/quadruped_control/src/Servo.h:7:5:\x1b[m\x1b[K \x1b[01;36m\x1b[Knote: \x1b[m\x1b[K  conversion of argument 1 would be ill-formed:\n'}
[12.211527] (quadruped_control) StderrLine: {'line': b'\x1b[01m\x1b[K/home/jonnydang2004/QUADRAPED/src/quadruped_control/src/motor_config.cpp:55:33:\x1b[m\x1b[K \x1b[01;31m\x1b[Kerror: \x1b[m\x1b[Kinvalid conversion from \xe2\x80\x98\x1b[01m\x1b[KServo*\x1b[m\x1b[K\xe2\x80\x99 to \xe2\x80\x98\x1b[01m\x1b[Kuint8_t\x1b[m\x1b[K\xe2\x80\x99 {aka \xe2\x80\x98\x1b[01m\x1b[Kunsigned char\x1b[m\x1b[K\xe2\x80\x99} [\x1b[01;31m\x1b[K\x1b]8;;https://gcc.gnu.org/onlinedocs/gcc/Warning-Options.html#index-fpermissive\x07-fpermissive\x1b]8;;\x07\x1b[m\x1b[K]\n'}
[12.211684] (quadruped_control) StderrLine: {'line': b'   55 |         back_left_lower_servo = \x1b[01;31m\x1b[Knew Servo(back_left_lower)\x1b[m\x1b[K;\n'}
[12.211864] (quadruped_control) StderrLine: {'line': b'      |                                 \x1b[01;31m\x1b[K^~~~~~~~~~~~~~~~~~~~~~~~~~\x1b[m\x1b[K\n'}
[12.212014] (quadruped_control) StderrLine: {'line': b'      |                                 \x1b[01;31m\x1b[K|\x1b[m\x1b[K\n'}
[12.212151] (quadruped_control) StderrLine: {'line': b'      |                                 \x1b[01;31m\x1b[KServo*\x1b[m\x1b[K\n'}
[12.212359] (quadruped_control) StderrLine: {'line': b'\x1b[01m\x1b[K/home/jonnydang2004/QUADRAPED/src/quadruped_control/src/motor_config.cpp:55:33:\x1b[m\x1b[K \x1b[01;31m\x1b[Kerror: \x1b[m\x1b[Kinvalid conversion from \xe2\x80\x98\x1b[01m\x1b[KServo*\x1b[m\x1b[K\xe2\x80\x99 to \xe2\x80\x98\x1b[01m\x1b[Kuint8_t\x1b[m\x1b[K\xe2\x80\x99 {aka \xe2\x80\x98\x1b[01m\x1b[Kunsigned char\x1b[m\x1b[K\xe2\x80\x99} [\x1b[01;31m\x1b[K\x1b]8;;https://gcc.gnu.org/onlinedocs/gcc/Warning-Options.html#index-fpermissive\x07-fpermissive\x1b]8;;\x07\x1b[m\x1b[K]\n'}
[12.212525] (quadruped_control) StderrLine: {'line': b'   55 |         back_left_lower_servo = \x1b[01;31m\x1b[Knew Servo(back_left_lower)\x1b[m\x1b[K;\n'}
[12.212663] (quadruped_control) StderrLine: {'line': b'      |                                 \x1b[01;31m\x1b[K^~~~~~~~~~~~~~~~~~~~~~~~~~\x1b[m\x1b[K\n'}
[12.212802] (quadruped_control) StderrLine: {'line': b'      |                                 \x1b[01;31m\x1b[K|\x1b[m\x1b[K\n'}
[12.212937] (quadruped_control) StderrLine: {'line': b'      |                                 \x1b[01;31m\x1b[KServo*\x1b[m\x1b[K\n'}
[12.213072] (quadruped_control) StderrLine: {'line': b'In file included from \x1b[01m\x1b[K/home/jonnydang2004/QUADRAPED/src/quadruped_control/src/motor_config.cpp:7\x1b[m\x1b[K:\n'}
[12.213204] (quadruped_control) StderrLine: {'line': b'\x1b[01m\x1b[K/home/jonnydang2004/QUADRAPED/src/quadruped_control/src/Servo.h:7:19:\x1b[m\x1b[K \x1b[01;36m\x1b[Knote: \x1b[m\x1b[K  initializing argument 1 of \xe2\x80\x98\x1b[01m\x1b[KServo::Servo(uint8_t)\x1b[m\x1b[K\xe2\x80\x99\n'}
[12.213408] (quadruped_control) StderrLine: {'line': b'    7 |     Servo(\x1b[01;36m\x1b[Kuint8_t gp\x1b[m\x1b[K);\n'}
[12.213546] (quadruped_control) StderrLine: {'line': b'      |           \x1b[01;36m\x1b[K~~~~~~~~^~\x1b[m\x1b[K\n'}
[12.213679] (quadruped_control) StderrLine: {'line': b'\x1b[01m\x1b[K/home/jonnydang2004/QUADRAPED/src/quadruped_control/src/motor_config.cpp:57:60:\x1b[m\x1b[K \x1b[01;31m\x1b[Kerror: \x1b[m\x1b[Kambiguous overload for \xe2\x80\x98\x1b[01m\x1b[Koperator=\x1b[m\x1b[K\xe2\x80\x99 (operand types are \xe2\x80\x98\x1b[01m\x1b[KServo\x1b[m\x1b[K\xe2\x80\x99 and \xe2\x80\x98\x1b[01m\x1b[KServo*\x1b[m\x1b[K\xe2\x80\x99)\n'}
[12.213824] (quadruped_control) StderrLine: {'line': b'   57 |         back_right_upper_servo = new Servo(back_right_upper\x1b[01;31m\x1b[K)\x1b[m\x1b[K;\n'}
[12.213959] (quadruped_control) StderrLine: {'line': b'      |                                                            \x1b[01;31m\x1b[K^\x1b[m\x1b[K\n'}
[12.214111] (quadruped_control) StderrLine: {'line': b'In file included from \x1b[01m\x1b[K/home/jonnydang2004/QUADRAPED/src/quadruped_control/src/motor_config.cpp:7\x1b[m\x1b[K:\n'}
[12.214292] (quadruped_control) StderrLine: {'line': b'\x1b[01m\x1b[K/home/jonnydang2004/QUADRAPED/src/quadruped_control/src/Servo.h:5:7:\x1b[m\x1b[K \x1b[01;36m\x1b[Knote: \x1b[m\x1b[Kcandidate: \xe2\x80\x98\x1b[01m\x1b[Kconstexpr Servo& Servo::operator=(const Servo&)\x1b[m\x1b[K\xe2\x80\x99 (near match)\n'}
[12.214449] (quadruped_control) StderrLine: {'line': b'    5 | class \x1b[01;36m\x1b[KServo\x1b[m\x1b[K {\n'}
[12.214587] (quadruped_control) StderrLine: {'line': b'      |       \x1b[01;36m\x1b[K^~~~~\x1b[m\x1b[K\n'}
[12.214723] (quadruped_control) StderrLine: {'line': b'\x1b[01m\x1b[K/home/jonnydang2004/QUADRAPED/src/quadruped_control/src/Servo.h:5:7:\x1b[m\x1b[K \x1b[01;36m\x1b[Knote: \x1b[m\x1b[K  conversion of argument 1 would be ill-formed:\n'}
[12.214860] (quadruped_control) StderrLine: {'line': b'\x1b[01m\x1b[K/home/jonnydang2004/QUADRAPED/src/quadruped_control/src/motor_config.cpp:57:34:\x1b[m\x1b[K \x1b[01;31m\x1b[Kerror: \x1b[m\x1b[Kinvalid user-defined conversion from \xe2\x80\x98\x1b[01m\x1b[KServo*\x1b[m\x1b[K\xe2\x80\x99 to \xe2\x80\x98\x1b[01m\x1b[Kconst Servo&\x1b[m\x1b[K\xe2\x80\x99 [\x1b[01;31m\x1b[K\x1b]8;;https://gcc.gnu.org/onlinedocs/gcc/Warning-Options.html#index-fpermissive\x07-fpermissive\x1b]8;;\x07\x1b[m\x1b[K]\n'}
[12.215003] (quadruped_control) StderrLine: {'line': b'   57 |         back_right_upper_servo = \x1b[01;31m\x1b[Knew Servo(back_right_upper)\x1b[m\x1b[K;\n'}
[12.215137] (quadruped_control) StderrLine: {'line': b'      |                                  \x1b[01;31m\x1b[K^~~~~~~~~~~~~~~~~~~~~~~~~~~\x1b[m\x1b[K\n'}
[12.215324] (quadruped_control) StderrLine: {'line': b'In file included from \x1b[01m\x1b[K/home/jonnydang2004/QUADRAPED/src/quadruped_control/src/motor_config.cpp:7\x1b[m\x1b[K:\n'}
[12.215478] (quadruped_control) StderrLine: {'line': b'\x1b[01m\x1b[K/home/jonnydang2004/QUADRAPED/src/quadruped_control/src/Servo.h:7:5:\x1b[m\x1b[K \x1b[01;36m\x1b[Knote: \x1b[m\x1b[Kcandidate is: \xe2\x80\x98\x1b[01m\x1b[KServo::Servo(uint8_t)\x1b[m\x1b[K\xe2\x80\x99 (near match)\n'}
[12.215666] (quadruped_control) StderrLine: {'line': b'    7 |     \x1b[01;36m\x1b[KServo\x1b[m\x1b[K(uint8_t gp);\n'}
[12.217792] (quadruped_control) StderrLine: {'line': b'      |     \x1b[01;36m\x1b[K^~~~~\x1b[m\x1b[K\n'}
[12.218133] (quadruped_control) StderrLine: {'line': b'\x1b[01m\x1b[K/home/jonnydang2004/QUADRAPED/src/quadruped_control/src/Servo.h:7:5:\x1b[m\x1b[K \x1b[01;36m\x1b[Knote: \x1b[m\x1b[K  conversion of argument 1 would be ill-formed:\n'}
[12.218356] (quadruped_control) StderrLine: {'line': b'\x1b[01m\x1b[K/home/jonnydang2004/QUADRAPED/src/quadruped_control/src/motor_config.cpp:57:34:\x1b[m\x1b[K \x1b[01;31m\x1b[Kerror: \x1b[m\x1b[Kinvalid conversion from \xe2\x80\x98\x1b[01m\x1b[KServo*\x1b[m\x1b[K\xe2\x80\x99 to \xe2\x80\x98\x1b[01m\x1b[Kuint8_t\x1b[m\x1b[K\xe2\x80\x99 {aka \xe2\x80\x98\x1b[01m\x1b[Kunsigned char\x1b[m\x1b[K\xe2\x80\x99} [\x1b[01;31m\x1b[K\x1b]8;;https://gcc.gnu.org/onlinedocs/gcc/Warning-Options.html#index-fpermissive\x07-fpermissive\x1b]8;;\x07\x1b[m\x1b[K]\n'}
[12.218540] (quadruped_control) StderrLine: {'line': b'   57 |         back_right_upper_servo = \x1b[01;31m\x1b[Knew Servo(back_right_upper)\x1b[m\x1b[K;\n'}
[12.218705] (quadruped_control) StderrLine: {'line': b'      |                                  \x1b[01;31m\x1b[K^~~~~~~~~~~~~~~~~~~~~~~~~~~\x1b[m\x1b[K\n'}
[12.218875] (quadruped_control) StderrLine: {'line': b'      |                                  \x1b[01;31m\x1b[K|\x1b[m\x1b[K\n'}
[12.219041] (quadruped_control) StderrLine: {'line': b'      |                                  \x1b[01;31m\x1b[KServo*\x1b[m\x1b[K\n'}
[12.219204] (quadruped_control) StderrLine: {'line': b'\x1b[01m\x1b[K/home/jonnydang2004/QUADRAPED/src/quadruped_control/src/motor_config.cpp:57:34:\x1b[m\x1b[K \x1b[01;31m\x1b[Kerror: \x1b[m\x1b[Kinvalid conversion from \xe2\x80\x98\x1b[01m\x1b[KServo*\x1b[m\x1b[K\xe2\x80\x99 to \xe2\x80\x98\x1b[01m\x1b[Kuint8_t\x1b[m\x1b[K\xe2\x80\x99 {aka \xe2\x80\x98\x1b[01m\x1b[Kunsigned char\x1b[m\x1b[K\xe2\x80\x99} [\x1b[01;31m\x1b[K\x1b]8;;https://gcc.gnu.org/onlinedocs/gcc/Warning-Options.html#index-fpermissive\x07-fpermissive\x1b]8;;\x07\x1b[m\x1b[K]\n'}
[12.219458] (quadruped_control) StderrLine: {'line': b'   57 |         back_right_upper_servo = \x1b[01;31m\x1b[Knew Servo(back_right_upper)\x1b[m\x1b[K;\n'}
[12.219634] (quadruped_control) StderrLine: {'line': b'      |                                  \x1b[01;31m\x1b[K^~~~~~~~~~~~~~~~~~~~~~~~~~~\x1b[m\x1b[K\n'}
[12.219810] (quadruped_control) StderrLine: {'line': b'      |                                  \x1b[01;31m\x1b[K|\x1b[m\x1b[K\n'}
[12.219969] (quadruped_control) StderrLine: {'line': b'      |                                  \x1b[01;31m\x1b[KServo*\x1b[m\x1b[K\n'}
[12.220131] (quadruped_control) StderrLine: {'line': b'In file included from \x1b[01m\x1b[K/home/jonnydang2004/QUADRAPED/src/quadruped_control/src/motor_config.cpp:7\x1b[m\x1b[K:\n'}
[12.220358] (quadruped_control) StderrLine: {'line': b'\x1b[01m\x1b[K/home/jonnydang2004/QUADRAPED/src/quadruped_control/src/Servo.h:7:19:\x1b[m\x1b[K \x1b[01;36m\x1b[Knote: \x1b[m\x1b[K  initializing argument 1 of \xe2\x80\x98\x1b[01m\x1b[KServo::Servo(uint8_t)\x1b[m\x1b[K\xe2\x80\x99\n'}
[12.220542] (quadruped_control) StderrLine: {'line': b'    7 |     Servo(\x1b[01;36m\x1b[Kuint8_t gp\x1b[m\x1b[K);\n'}
[12.220713] (quadruped_control) StderrLine: {'line': b'      |           \x1b[01;36m\x1b[K~~~~~~~~^~\x1b[m\x1b[K\n'}
[12.220892] (quadruped_control) StderrLine: {'line': b'\x1b[01m\x1b[K/home/jonnydang2004/QUADRAPED/src/quadruped_control/src/Servo.h:5:7:\x1b[m\x1b[K \x1b[01;36m\x1b[Knote: \x1b[m\x1b[Kcandidate: \xe2\x80\x98\x1b[01m\x1b[Kconstexpr Servo& Servo::operator=(Servo&&)\x1b[m\x1b[K\xe2\x80\x99 (near match)\n'}
[12.221065] (quadruped_control) StderrLine: {'line': b'    5 | class \x1b[01;36m\x1b[KServo\x1b[m\x1b[K {\n'}
[12.221272] (quadruped_control) StderrLine: {'line': b'      |       \x1b[01;36m\x1b[K^~~~~\x1b[m\x1b[K\n'}
[12.221479] (quadruped_control) StderrLine: {'line': b'\x1b[01m\x1b[K/home/jonnydang2004/QUADRAPED/src/quadruped_control/src/Servo.h:5:7:\x1b[m\x1b[K \x1b[01;36m\x1b[Knote: \x1b[m\x1b[K  conversion of argument 1 would be ill-formed:\n'}
[12.221665] (quadruped_control) StderrLine: {'line': b'\x1b[01m\x1b[K/home/jonnydang2004/QUADRAPED/src/quadruped_control/src/motor_config.cpp:57:34:\x1b[m\x1b[K \x1b[01;31m\x1b[Kerror: \x1b[m\x1b[Kinvalid user-defined conversion from \xe2\x80\x98\x1b[01m\x1b[KServo*\x1b[m\x1b[K\xe2\x80\x99 to \xe2\x80\x98\x1b[01m\x1b[KServo&&\x1b[m\x1b[K\xe2\x80\x99 [\x1b[01;31m\x1b[K\x1b]8;;https://gcc.gnu.org/onlinedocs/gcc/Warning-Options.html#index-fpermissive\x07-fpermissive\x1b]8;;\x07\x1b[m\x1b[K]\n'}
[12.221863] (quadruped_control) StderrLine: {'line': b'   57 |         back_right_upper_servo = \x1b[01;31m\x1b[Knew Servo(back_right_upper)\x1b[m\x1b[K;\n'}
[12.222008] (quadruped_control) StderrLine: {'line': b'      |                                  \x1b[01;31m\x1b[K^~~~~~~~~~~~~~~~~~~~~~~~~~~\x1b[m\x1b[K\n'}
[12.222136] (quadruped_control) StderrLine: {'line': b'In file included from \x1b[01m\x1b[K/home/jonnydang2004/QUADRAPED/src/quadruped_control/src/motor_config.cpp:7\x1b[m\x1b[K:\n'}
[12.222417] (quadruped_control) StderrLine: {'line': b'\x1b[01m\x1b[K/home/jonnydang2004/QUADRAPED/src/quadruped_control/src/Servo.h:7:5:\x1b[m\x1b[K \x1b[01;36m\x1b[Knote: \x1b[m\x1b[Kcandidate is: \xe2\x80\x98\x1b[01m\x1b[KServo::Servo(uint8_t)\x1b[m\x1b[K\xe2\x80\x99 (near match)\n'}
[12.222622] (quadruped_control) StderrLine: {'line': b'    7 |     \x1b[01;36m\x1b[KServo\x1b[m\x1b[K(uint8_t gp);\n'}
[12.222763] (quadruped_control) StderrLine: {'line': b'      |     \x1b[01;36m\x1b[K^~~~~\x1b[m\x1b[K\n'}
[12.222900] (quadruped_control) StderrLine: {'line': b'\x1b[01m\x1b[K/home/jonnydang2004/QUADRAPED/src/quadruped_control/src/Servo.h:7:5:\x1b[m\x1b[K \x1b[01;36m\x1b[Knote: \x1b[m\x1b[K  conversion of argument 1 would be ill-formed:\n'}
[12.223055] (quadruped_control) StderrLine: {'line': b'\x1b[01m\x1b[K/home/jonnydang2004/QUADRAPED/src/quadruped_control/src/motor_config.cpp:57:34:\x1b[m\x1b[K \x1b[01;31m\x1b[Kerror: \x1b[m\x1b[Kinvalid conversion from \xe2\x80\x98\x1b[01m\x1b[KServo*\x1b[m\x1b[K\xe2\x80\x99 to \xe2\x80\x98\x1b[01m\x1b[Kuint8_t\x1b[m\x1b[K\xe2\x80\x99 {aka \xe2\x80\x98\x1b[01m\x1b[Kunsigned char\x1b[m\x1b[K\xe2\x80\x99} [\x1b[01;31m\x1b[K\x1b]8;;https://gcc.gnu.org/onlinedocs/gcc/Warning-Options.html#index-fpermissive\x07-fpermissive\x1b]8;;\x07\x1b[m\x1b[K]\n'}
[12.223376] (quadruped_control) StderrLine: {'line': b'   57 |         back_right_upper_servo = \x1b[01;31m\x1b[Knew Servo(back_right_upper)\x1b[m\x1b[K;\n'}
[12.223614] (quadruped_control) StderrLine: {'line': b'      |                                  \x1b[01;31m\x1b[K^~~~~~~~~~~~~~~~~~~~~~~~~~~\x1b[m\x1b[K\n'}
[12.223792] (quadruped_control) StderrLine: {'line': b'      |                                  \x1b[01;31m\x1b[K|\x1b[m\x1b[K\n'}
[12.223958] (quadruped_control) StderrLine: {'line': b'      |                                  \x1b[01;31m\x1b[KServo*\x1b[m\x1b[K\n'}
[12.224150] (quadruped_control) StderrLine: {'line': b'\x1b[01m\x1b[K/home/jonnydang2004/QUADRAPED/src/quadruped_control/src/motor_config.cpp:57:34:\x1b[m\x1b[K \x1b[01;31m\x1b[Kerror: \x1b[m\x1b[Kinvalid conversion from \xe2\x80\x98\x1b[01m\x1b[KServo*\x1b[m\x1b[K\xe2\x80\x99 to \xe2\x80\x98\x1b[01m\x1b[Kuint8_t\x1b[m\x1b[K\xe2\x80\x99 {aka \xe2\x80\x98\x1b[01m\x1b[Kunsigned char\x1b[m\x1b[K\xe2\x80\x99} [\x1b[01;31m\x1b[K\x1b]8;;https://gcc.gnu.org/onlinedocs/gcc/Warning-Options.html#index-fpermissive\x07-fpermissive\x1b]8;;\x07\x1b[m\x1b[K]\n'}
[12.224567] (quadruped_control) StderrLine: {'line': b'   57 |         back_right_upper_servo = \x1b[01;31m\x1b[Knew Servo(back_right_upper)\x1b[m\x1b[K;\n'}
[12.224781] (quadruped_control) StderrLine: {'line': b'      |                                  \x1b[01;31m\x1b[K^~~~~~~~~~~~~~~~~~~~~~~~~~~\x1b[m\x1b[K\n'}
[12.224969] (quadruped_control) StderrLine: {'line': b'      |                                  \x1b[01;31m\x1b[K|\x1b[m\x1b[K\n'}
[12.225153] (quadruped_control) StderrLine: {'line': b'      |                                  \x1b[01;31m\x1b[KServo*\x1b[m\x1b[K\n'}
[12.225561] (quadruped_control) StderrLine: {'line': b'In file included from \x1b[01m\x1b[K/home/jonnydang2004/QUADRAPED/src/quadruped_control/src/motor_config.cpp:7\x1b[m\x1b[K:\n'}
[12.225778] (quadruped_control) StderrLine: {'line': b'\x1b[01m\x1b[K/home/jonnydang2004/QUADRAPED/src/quadruped_control/src/Servo.h:7:19:\x1b[m\x1b[K \x1b[01;36m\x1b[Knote: \x1b[m\x1b[K  initializing argument 1 of \xe2\x80\x98\x1b[01m\x1b[KServo::Servo(uint8_t)\x1b[m\x1b[K\xe2\x80\x99\n'}
[12.225967] (quadruped_control) StderrLine: {'line': b'    7 |     Servo(\x1b[01;36m\x1b[Kuint8_t gp\x1b[m\x1b[K);\n'}
[12.226150] (-) TimerEvent: {}
[12.226507] (quadruped_control) StderrLine: {'line': b'      |           \x1b[01;36m\x1b[K~~~~~~~~^~\x1b[m\x1b[K\n'}
[12.226844] (quadruped_control) StderrLine: {'line': b'\x1b[01m\x1b[K/home/jonnydang2004/QUADRAPED/src/quadruped_control/src/motor_config.cpp:58:60:\x1b[m\x1b[K \x1b[01;31m\x1b[Kerror: \x1b[m\x1b[Kambiguous overload for \xe2\x80\x98\x1b[01m\x1b[Koperator=\x1b[m\x1b[K\xe2\x80\x99 (operand types are \xe2\x80\x98\x1b[01m\x1b[KServo\x1b[m\x1b[K\xe2\x80\x99 and \xe2\x80\x98\x1b[01m\x1b[KServo*\x1b[m\x1b[K\xe2\x80\x99)\n'}
[12.227105] (quadruped_control) StderrLine: {'line': b'   58 |         back_right_lower_servo = new Servo(back_right_lower\x1b[01;31m\x1b[K)\x1b[m\x1b[K;\n'}
[12.227382] (quadruped_control) StderrLine: {'line': b'      |                                                            \x1b[01;31m\x1b[K^\x1b[m\x1b[K\n'}
[12.227608] (quadruped_control) StderrLine: {'line': b'In file included from \x1b[01m\x1b[K/home/jonnydang2004/QUADRAPED/src/quadruped_control/src/motor_config.cpp:7\x1b[m\x1b[K:\n'}
[12.227960] (quadruped_control) StderrLine: {'line': b'\x1b[01m\x1b[K/home/jonnydang2004/QUADRAPED/src/quadruped_control/src/Servo.h:5:7:\x1b[m\x1b[K \x1b[01;36m\x1b[Knote: \x1b[m\x1b[Kcandidate: \xe2\x80\x98\x1b[01m\x1b[Kconstexpr Servo& Servo::operator=(const Servo&)\x1b[m\x1b[K\xe2\x80\x99 (near match)\n'}
[12.228194] (quadruped_control) StderrLine: {'line': b'    5 | class \x1b[01;36m\x1b[KServo\x1b[m\x1b[K {\n'}
[12.228478] (quadruped_control) StderrLine: {'line': b'      |       \x1b[01;36m\x1b[K^~~~~\x1b[m\x1b[K\n'}
[12.228706] (quadruped_control) StderrLine: {'line': b'\x1b[01m\x1b[K/home/jonnydang2004/QUADRAPED/src/quadruped_control/src/Servo.h:5:7:\x1b[m\x1b[K \x1b[01;36m\x1b[Knote: \x1b[m\x1b[K  conversion of argument 1 would be ill-formed:\n'}
[12.229198] (quadruped_control) StderrLine: {'line': b'\x1b[01m\x1b[K/home/jonnydang2004/QUADRAPED/src/quadruped_control/src/motor_config.cpp:58:34:\x1b[m\x1b[K \x1b[01;31m\x1b[Kerror: \x1b[m\x1b[Kinvalid user-defined conversion from \xe2\x80\x98\x1b[01m\x1b[KServo*\x1b[m\x1b[K\xe2\x80\x99 to \xe2\x80\x98\x1b[01m\x1b[Kconst Servo&\x1b[m\x1b[K\xe2\x80\x99 [\x1b[01;31m\x1b[K\x1b]8;;https://gcc.gnu.org/onlinedocs/gcc/Warning-Options.html#index-fpermissive\x07-fpermissive\x1b]8;;\x07\x1b[m\x1b[K]\n'}
[12.229740] (quadruped_control) StderrLine: {'line': b'   58 |         back_right_lower_servo = \x1b[01;31m\x1b[Knew Servo(back_right_lower)\x1b[m\x1b[K;\n'}
[12.229976] (quadruped_control) StderrLine: {'line': b'      |                                  \x1b[01;31m\x1b[K^~~~~~~~~~~~~~~~~~~~~~~~~~~\x1b[m\x1b[K\n'}
[12.230158] (quadruped_control) StderrLine: {'line': b'In file included from \x1b[01m\x1b[K/home/jonnydang2004/QUADRAPED/src/quadruped_control/src/motor_config.cpp:7\x1b[m\x1b[K:\n'}
[12.230408] (quadruped_control) StderrLine: {'line': b'\x1b[01m\x1b[K/home/jonnydang2004/QUADRAPED/src/quadruped_control/src/Servo.h:7:5:\x1b[m\x1b[K \x1b[01;36m\x1b[Knote: \x1b[m\x1b[Kcandidate is: \xe2\x80\x98\x1b[01m\x1b[KServo::Servo(uint8_t)\x1b[m\x1b[K\xe2\x80\x99 (near match)\n'}
[12.230605] (quadruped_control) StderrLine: {'line': b'    7 |     \x1b[01;36m\x1b[KServo\x1b[m\x1b[K(uint8_t gp);\n'}
[12.230757] (quadruped_control) StderrLine: {'line': b'      |     \x1b[01;36m\x1b[K^~~~~\x1b[m\x1b[K\n'}
[12.230926] (quadruped_control) StderrLine: {'line': b'\x1b[01m\x1b[K/home/jonnydang2004/QUADRAPED/src/quadruped_control/src/Servo.h:7:5:\x1b[m\x1b[K \x1b[01;36m\x1b[Knote: \x1b[m\x1b[K  conversion of argument 1 would be ill-formed:\n'}
[12.231097] (quadruped_control) StderrLine: {'line': b'\x1b[01m\x1b[K/home/jonnydang2004/QUADRAPED/src/quadruped_control/src/motor_config.cpp:58:34:\x1b[m\x1b[K \x1b[01;31m\x1b[Kerror: \x1b[m\x1b[Kinvalid conversion from \xe2\x80\x98\x1b[01m\x1b[KServo*\x1b[m\x1b[K\xe2\x80\x99 to \xe2\x80\x98\x1b[01m\x1b[Kuint8_t\x1b[m\x1b[K\xe2\x80\x99 {aka \xe2\x80\x98\x1b[01m\x1b[Kunsigned char\x1b[m\x1b[K\xe2\x80\x99} [\x1b[01;31m\x1b[K\x1b]8;;https://gcc.gnu.org/onlinedocs/gcc/Warning-Options.html#index-fpermissive\x07-fpermissive\x1b]8;;\x07\x1b[m\x1b[K]\n'}
[12.231285] (quadruped_control) StderrLine: {'line': b'   58 |         back_right_lower_servo = \x1b[01;31m\x1b[Knew Servo(back_right_lower)\x1b[m\x1b[K;\n'}
[12.231527] (quadruped_control) StderrLine: {'line': b'      |                                  \x1b[01;31m\x1b[K^~~~~~~~~~~~~~~~~~~~~~~~~~~\x1b[m\x1b[K\n'}
[12.231719] (quadruped_control) StderrLine: {'line': b'      |                                  \x1b[01;31m\x1b[K|\x1b[m\x1b[K\n'}
[12.232933] (quadruped_control) StderrLine: {'line': b'      |                                  \x1b[01;31m\x1b[KServo*\x1b[m\x1b[K\n'}
[12.233139] (quadruped_control) StderrLine: {'line': b'\x1b[01m\x1b[K/home/jonnydang2004/QUADRAPED/src/quadruped_control/src/motor_config.cpp:58:34:\x1b[m\x1b[K \x1b[01;31m\x1b[Kerror: \x1b[m\x1b[Kinvalid conversion from \xe2\x80\x98\x1b[01m\x1b[KServo*\x1b[m\x1b[K\xe2\x80\x99 to \xe2\x80\x98\x1b[01m\x1b[Kuint8_t\x1b[m\x1b[K\xe2\x80\x99 {aka \xe2\x80\x98\x1b[01m\x1b[Kunsigned char\x1b[m\x1b[K\xe2\x80\x99} [\x1b[01;31m\x1b[K\x1b]8;;https://gcc.gnu.org/onlinedocs/gcc/Warning-Options.html#index-fpermissive\x07-fpermissive\x1b]8;;\x07\x1b[m\x1b[K]\n'}
[12.233407] (quadruped_control) StderrLine: {'line': b'   58 |         back_right_lower_servo = \x1b[01;31m\x1b[Knew Servo(back_right_lower)\x1b[m\x1b[K;\n'}
[12.233597] (quadruped_control) StderrLine: {'line': b'      |                                  \x1b[01;31m\x1b[K^~~~~~~~~~~~~~~~~~~~~~~~~~~\x1b[m\x1b[K\n'}
[12.233986] (quadruped_control) StderrLine: {'line': b'      |                                  \x1b[01;31m\x1b[K|\x1b[m\x1b[K\n'}
[12.236014] (quadruped_control) StderrLine: {'line': b'      |                                  \x1b[01;31m\x1b[KServo*\x1b[m\x1b[K\n'}
[12.236264] (quadruped_control) StderrLine: {'line': b'In file included from \x1b[01m\x1b[K/home/jonnydang2004/QUADRAPED/src/quadruped_control/src/motor_config.cpp:7\x1b[m\x1b[K:\n'}
[12.236702] (quadruped_control) StderrLine: {'line': b'\x1b[01m\x1b[K/home/jonnydang2004/QUADRAPED/src/quadruped_control/src/Servo.h:7:19:\x1b[m\x1b[K \x1b[01;36m\x1b[Knote: \x1b[m\x1b[K  initializing argument 1 of \xe2\x80\x98\x1b[01m\x1b[KServo::Servo(uint8_t)\x1b[m\x1b[K\xe2\x80\x99\n'}
[12.236864] (quadruped_control) StderrLine: {'line': b'    7 |     Servo(\x1b[01;36m\x1b[Kuint8_t gp\x1b[m\x1b[K);\n'}
[12.237000] (quadruped_control) StderrLine: {'line': b'      |           \x1b[01;36m\x1b[K~~~~~~~~^~\x1b[m\x1b[K\n'}
[12.237128] (quadruped_control) StderrLine: {'line': b'\x1b[01m\x1b[K/home/jonnydang2004/QUADRAPED/src/quadruped_control/src/Servo.h:5:7:\x1b[m\x1b[K \x1b[01;36m\x1b[Knote: \x1b[m\x1b[Kcandidate: \xe2\x80\x98\x1b[01m\x1b[Kconstexpr Servo& Servo::operator=(Servo&&)\x1b[m\x1b[K\xe2\x80\x99 (near match)\n'}
[12.237259] (quadruped_control) StderrLine: {'line': b'    5 | class \x1b[01;36m\x1b[KServo\x1b[m\x1b[K {\n'}
[12.237447] (quadruped_control) StderrLine: {'line': b'      |       \x1b[01;36m\x1b[K^~~~~\x1b[m\x1b[K\n'}
[12.237584] (quadruped_control) StderrLine: {'line': b'\x1b[01m\x1b[K/home/jonnydang2004/QUADRAPED/src/quadruped_control/src/Servo.h:5:7:\x1b[m\x1b[K \x1b[01;36m\x1b[Knote: \x1b[m\x1b[K  conversion of argument 1 would be ill-formed:\n'}
[12.237748] (quadruped_control) StderrLine: {'line': b'\x1b[01m\x1b[K/home/jonnydang2004/QUADRAPED/src/quadruped_control/src/motor_config.cpp:58:34:\x1b[m\x1b[K \x1b[01;31m\x1b[Kerror: \x1b[m\x1b[Kinvalid user-defined conversion from \xe2\x80\x98\x1b[01m\x1b[KServo*\x1b[m\x1b[K\xe2\x80\x99 to \xe2\x80\x98\x1b[01m\x1b[KServo&&\x1b[m\x1b[K\xe2\x80\x99 [\x1b[01;31m\x1b[K\x1b]8;;https://gcc.gnu.org/onlinedocs/gcc/Warning-Options.html#index-fpermissive\x07-fpermissive\x1b]8;;\x07\x1b[m\x1b[K]\n'}
[12.237892] (quadruped_control) StderrLine: {'line': b'   58 |         back_right_lower_servo = \x1b[01;31m\x1b[Knew Servo(back_right_lower)\x1b[m\x1b[K;\n'}
[12.238023] (quadruped_control) StderrLine: {'line': b'      |                                  \x1b[01;31m\x1b[K^~~~~~~~~~~~~~~~~~~~~~~~~~~\x1b[m\x1b[K\n'}
[12.238150] (quadruped_control) StderrLine: {'line': b'In file included from \x1b[01m\x1b[K/home/jonnydang2004/QUADRAPED/src/quadruped_control/src/motor_config.cpp:7\x1b[m\x1b[K:\n'}
[12.238281] (quadruped_control) StderrLine: {'line': b'\x1b[01m\x1b[K/home/jonnydang2004/QUADRAPED/src/quadruped_control/src/Servo.h:7:5:\x1b[m\x1b[K \x1b[01;36m\x1b[Knote: \x1b[m\x1b[Kcandidate is: \xe2\x80\x98\x1b[01m\x1b[KServo::Servo(uint8_t)\x1b[m\x1b[K\xe2\x80\x99 (near match)\n'}
[12.238462] (quadruped_control) StderrLine: {'line': b'    7 |     \x1b[01;36m\x1b[KServo\x1b[m\x1b[K(uint8_t gp);\n'}
[12.238595] (quadruped_control) StderrLine: {'line': b'      |     \x1b[01;36m\x1b[K^~~~~\x1b[m\x1b[K\n'}
[12.238785] (quadruped_control) StderrLine: {'line': b'\x1b[01m\x1b[K/home/jonnydang2004/QUADRAPED/src/quadruped_control/src/Servo.h:7:5:\x1b[m\x1b[K \x1b[01;36m\x1b[Knote: \x1b[m\x1b[K  conversion of argument 1 would be ill-formed:\n'}
[12.238947] (quadruped_control) StderrLine: {'line': b'\x1b[01m\x1b[K/home/jonnydang2004/QUADRAPED/src/quadruped_control/src/motor_config.cpp:58:34:\x1b[m\x1b[K \x1b[01;31m\x1b[Kerror: \x1b[m\x1b[Kinvalid conversion from \xe2\x80\x98\x1b[01m\x1b[KServo*\x1b[m\x1b[K\xe2\x80\x99 to \xe2\x80\x98\x1b[01m\x1b[Kuint8_t\x1b[m\x1b[K\xe2\x80\x99 {aka \xe2\x80\x98\x1b[01m\x1b[Kunsigned char\x1b[m\x1b[K\xe2\x80\x99} [\x1b[01;31m\x1b[K\x1b]8;;https://gcc.gnu.org/onlinedocs/gcc/Warning-Options.html#index-fpermissive\x07-fpermissive\x1b]8;;\x07\x1b[m\x1b[K]\n'}
[12.239119] (quadruped_control) StderrLine: {'line': b'   58 |         back_right_lower_servo = \x1b[01;31m\x1b[Knew Servo(back_right_lower)\x1b[m\x1b[K;\n'}
[12.239258] (quadruped_control) StderrLine: {'line': b'      |                                  \x1b[01;31m\x1b[K^~~~~~~~~~~~~~~~~~~~~~~~~~~\x1b[m\x1b[K\n'}
[12.239594] (quadruped_control) StderrLine: {'line': b'      |                                  \x1b[01;31m\x1b[K|\x1b[m\x1b[K\n'}
[12.239793] (quadruped_control) StderrLine: {'line': b'      |                                  \x1b[01;31m\x1b[KServo*\x1b[m\x1b[K\n'}
[12.239978] (quadruped_control) StderrLine: {'line': b'\x1b[01m\x1b[K/home/jonnydang2004/QUADRAPED/src/quadruped_control/src/motor_config.cpp:58:34:\x1b[m\x1b[K \x1b[01;31m\x1b[Kerror: \x1b[m\x1b[Kinvalid conversion from \xe2\x80\x98\x1b[01m\x1b[KServo*\x1b[m\x1b[K\xe2\x80\x99 to \xe2\x80\x98\x1b[01m\x1b[Kuint8_t\x1b[m\x1b[K\xe2\x80\x99 {aka \xe2\x80\x98\x1b[01m\x1b[Kunsigned char\x1b[m\x1b[K\xe2\x80\x99} [\x1b[01;31m\x1b[K\x1b]8;;https://gcc.gnu.org/onlinedocs/gcc/Warning-Options.html#index-fpermissive\x07-fpermissive\x1b]8;;\x07\x1b[m\x1b[K]\n'}
[12.240168] (quadruped_control) StderrLine: {'line': b'   58 |         back_right_lower_servo = \x1b[01;31m\x1b[Knew Servo(back_right_lower)\x1b[m\x1b[K;\n'}
[12.240395] (quadruped_control) StderrLine: {'line': b'      |                                  \x1b[01;31m\x1b[K^~~~~~~~~~~~~~~~~~~~~~~~~~~\x1b[m\x1b[K\n'}
[12.240602] (quadruped_control) StderrLine: {'line': b'      |                                  \x1b[01;31m\x1b[K|\x1b[m\x1b[K\n'}
[12.240798] (quadruped_control) StderrLine: {'line': b'      |                                  \x1b[01;31m\x1b[KServo*\x1b[m\x1b[K\n'}
[12.240984] (quadruped_control) StderrLine: {'line': b'In file included from \x1b[01m\x1b[K/home/jonnydang2004/QUADRAPED/src/quadruped_control/src/motor_config.cpp:7\x1b[m\x1b[K:\n'}
[12.241171] (quadruped_control) StderrLine: {'line': b'\x1b[01m\x1b[K/home/jonnydang2004/QUADRAPED/src/quadruped_control/src/Servo.h:7:19:\x1b[m\x1b[K \x1b[01;36m\x1b[Knote: \x1b[m\x1b[K  initializing argument 1 of \xe2\x80\x98\x1b[01m\x1b[KServo::Servo(uint8_t)\x1b[m\x1b[K\xe2\x80\x99\n'}
[12.241402] (quadruped_control) StderrLine: {'line': b'    7 |     Servo(\x1b[01;36m\x1b[Kuint8_t gp\x1b[m\x1b[K);\n'}
[12.241616] (quadruped_control) StderrLine: {'line': b'      |           \x1b[01;36m\x1b[K~~~~~~~~^~\x1b[m\x1b[K\n'}
[12.241829] (quadruped_control) StderrLine: {'line': b'\x1b[01m\x1b[K/home/jonnydang2004/QUADRAPED/src/quadruped_control/src/motor_config.cpp:68:9:\x1b[m\x1b[K \x1b[01;31m\x1b[Kerror: \x1b[m\x1b[K\xe2\x80\x98\x1b[01m\x1b[Ksubscription_angles_\x1b[m\x1b[K\xe2\x80\x99 was not declared in this scope; did you mean \xe2\x80\x98\x1b[01m\x1b[Ksubscription_\x1b[m\x1b[K\xe2\x80\x99?\n'}
[12.242051] (quadruped_control) StderrLine: {'line': b'   68 |         \x1b[01;31m\x1b[Ksubscription_angles_\x1b[m\x1b[K = this->create_subscription<quadruped_interfaces::msg::Pos>(\n'}
[12.242262] (quadruped_control) StderrLine: {'line': b'      |         \x1b[01;31m\x1b[K^~~~~~~~~~~~~~~~~~~~\x1b[m\x1b[K\n'}
[12.242601] (quadruped_control) StderrLine: {'line': b'      |         \x1b[32m\x1b[Ksubscription_\x1b[m\x1b[K\n'}
[12.243961] (quadruped_control) StderrLine: {'line': b'\x1b[01m\x1b[K/home/jonnydang2004/QUADRAPED/src/quadruped_control/src/motor_config.cpp:69:57:\x1b[m\x1b[K \x1b[01;31m\x1b[Kerror: \x1b[m\x1b[K\xe2\x80\x98\x1b[01m\x1b[Kangles_callback\x1b[m\x1b[K\xe2\x80\x99 is not a member of \xe2\x80\x98\x1b[01m\x1b[KMotorConfig\x1b[m\x1b[K\xe2\x80\x99\n'}
[12.244218] (quadruped_control) StderrLine: {'line': b'   69 |             "joint_angles", 10, std::bind(&MotorConfig::\x1b[01;31m\x1b[Kangles_callback\x1b[m\x1b[K, this, std::placeholders::_1)\n'}
[12.244525] (quadruped_control) StderrLine: {'line': b'      |                                                         \x1b[01;31m\x1b[K^~~~~~~~~~~~~~~\x1b[m\x1b[K\n'}
[12.326353] (-) TimerEvent: {}
[12.432134] (-) TimerEvent: {}
[12.532626] (-) TimerEvent: {}
[12.633121] (-) TimerEvent: {}
[12.733712] (-) TimerEvent: {}
[12.834212] (-) TimerEvent: {}
[12.934748] (-) TimerEvent: {}
[13.035347] (-) TimerEvent: {}
[13.135947] (-) TimerEvent: {}
[13.236567] (-) TimerEvent: {}
[13.337173] (-) TimerEvent: {}
[13.437740] (-) TimerEvent: {}
[13.538326] (-) TimerEvent: {}
[13.638971] (-) TimerEvent: {}
[13.739502] (-) TimerEvent: {}
[13.840224] (-) TimerEvent: {}
[13.940891] (-) TimerEvent: {}
[14.041467] (-) TimerEvent: {}
[14.142010] (-) TimerEvent: {}
[14.167819] (quadruped_control) StderrLine: {'line': b'In file included from \x1b[01m\x1b[K/usr/include/c++/11/bits/stl_algobase.h:71\x1b[m\x1b[K,\n'}
[14.168836] (quadruped_control) StderrLine: {'line': b'                 from \x1b[01m\x1b[K/usr/include/c++/11/memory:63\x1b[m\x1b[K,\n'}
[14.169245] (quadruped_control) StderrLine: {'line': b'                 from \x1b[01m\x1b[K/opt/ros/iron/include/rclcpp/rclcpp/rclcpp.hpp:165\x1b[m\x1b[K,\n'}
[14.169623] (quadruped_control) StderrLine: {'line': b'                 from \x1b[01m\x1b[K/home/jonnydang2004/QUADRAPED/src/quadruped_control/src/motor_config.cpp:1\x1b[m\x1b[K:\n'}
[14.169955] (quadruped_control) StderrLine: {'line': b'/usr/include/c++/11/bits/predefined_ops.h: In instantiation of \xe2\x80\x98\x1b[01m\x1b[Kbool __gnu_cxx::__ops::_Iter_equals_val<_Value>::operator()(_Iterator) [with _Iterator = __gnu_cxx::__normal_iterator<Servo*, std::vector<Servo> >; _Value = const Servo]\x1b[m\x1b[K\xe2\x80\x99:\n'}
[14.170201] (quadruped_control) StderrLine: {'line': b'\x1b[01m\x1b[K/usr/include/c++/11/bits/stl_algobase.h:2069:14:\x1b[m\x1b[K   required from \xe2\x80\x98\x1b[01m\x1b[K_RandomAccessIterator std::__find_if(_RandomAccessIterator, _RandomAccessIterator, _Predicate, std::random_access_iterator_tag) [with _RandomAccessIterator = __gnu_cxx::__normal_iterator<Servo*, std::vector<Servo> >; _Predicate = __gnu_cxx::__ops::_Iter_equals_val<const Servo>]\x1b[m\x1b[K\xe2\x80\x99\n'}
[14.170477] (quadruped_control) StderrLine: {'line': b'\x1b[01m\x1b[K/usr/include/c++/11/bits/stl_algobase.h:2114:23:\x1b[m\x1b[K   required from \xe2\x80\x98\x1b[01m\x1b[K_Iterator std::__find_if(_Iterator, _Iterator, _Predicate) [with _Iterator = __gnu_cxx::__normal_iterator<Servo*, std::vector<Servo> >; _Predicate = __gnu_cxx::__ops::_Iter_equals_val<const Servo>]\x1b[m\x1b[K\xe2\x80\x99\n'}
[14.171149] (quadruped_control) StderrLine: {'line': b'\x1b[01m\x1b[K/usr/include/c++/11/bits/stl_algo.h:3884:28:\x1b[m\x1b[K   required from \xe2\x80\x98\x1b[01m\x1b[K_IIter std::find(_IIter, _IIter, const _Tp&) [with _IIter = __gnu_cxx::__normal_iterator<Servo*, std::vector<Servo> >; _Tp = Servo]\x1b[m\x1b[K\xe2\x80\x99\n'}
[14.171932] (quadruped_control) StderrLine: {'line': b'\x1b[01m\x1b[K/home/jonnydang2004/QUADRAPED/src/quadruped_control/src/motor_config.cpp:110:22:\x1b[m\x1b[K   required from here\n'}
[14.172377] (quadruped_control) StderrLine: {'line': b'\x1b[01m\x1b[K/usr/include/c++/11/bits/predefined_ops.h:270:24:\x1b[m\x1b[K \x1b[01;31m\x1b[Kerror: \x1b[m\x1b[Kno match for \xe2\x80\x98\x1b[01m\x1b[Koperator==\x1b[m\x1b[K\xe2\x80\x99 (operand types are \xe2\x80\x98\x1b[01m\x1b[KServo\x1b[m\x1b[K\xe2\x80\x99 and \xe2\x80\x98\x1b[01m\x1b[Kconst Servo\x1b[m\x1b[K\xe2\x80\x99)\n'}
[14.172841] (quadruped_control) StderrLine: {'line': b'  270 |         { return \x1b[01;31m\x1b[K*__it == _M_value\x1b[m\x1b[K; }\n'}
[14.173206] (quadruped_control) StderrLine: {'line': b'      |                  \x1b[01;31m\x1b[K~~~~~~^~~~~~~~~~~\x1b[m\x1b[K\n'}
[14.173467] (quadruped_control) StderrLine: {'line': b'In file included from \x1b[01m\x1b[K/usr/include/c++/11/bits/stl_algobase.h:67\x1b[m\x1b[K,\n'}
[14.173772] (quadruped_control) StderrLine: {'line': b'                 from \x1b[01m\x1b[K/usr/include/c++/11/memory:63\x1b[m\x1b[K,\n'}
[14.174023] (quadruped_control) StderrLine: {'line': b'                 from \x1b[01m\x1b[K/opt/ros/iron/include/rclcpp/rclcpp/rclcpp.hpp:165\x1b[m\x1b[K,\n'}
[14.174268] (quadruped_control) StderrLine: {'line': b'                 from \x1b[01m\x1b[K/home/jonnydang2004/QUADRAPED/src/quadruped_control/src/motor_config.cpp:1\x1b[m\x1b[K:\n'}
[14.174535] (quadruped_control) StderrLine: {'line': b'\x1b[01m\x1b[K/usr/include/c++/11/bits/stl_iterator.h:1155:5:\x1b[m\x1b[K \x1b[01;36m\x1b[Knote: \x1b[m\x1b[Kcandidate: \xe2\x80\x98\x1b[01m\x1b[Ktemplate<class _IteratorL, class _IteratorR, class _Container> bool __gnu_cxx::operator==(const __gnu_cxx::__normal_iterator<_IteratorL, _Container>&, const __gnu_cxx::__normal_iterator<_IteratorR, _Container>&)\x1b[m\x1b[K\xe2\x80\x99\n'}
[14.174821] (quadruped_control) StderrLine: {'line': b' 1155 |     \x1b[01;36m\x1b[Koperator\x1b[m\x1b[K==(const __normal_iterator<_IteratorL, _Container>& __lhs,\n'}
[14.175063] (quadruped_control) StderrLine: {'line': b'      |     \x1b[01;36m\x1b[K^~~~~~~~\x1b[m\x1b[K\n'}
[14.175295] (quadruped_control) StderrLine: {'line': b'\x1b[01m\x1b[K/usr/include/c++/11/bits/stl_iterator.h:1155:5:\x1b[m\x1b[K \x1b[01;36m\x1b[Knote: \x1b[m\x1b[K  template argument deduction/substitution failed:\n'}
[14.175484] (quadruped_control) StderrLine: {'line': b'In file included from \x1b[01m\x1b[K/usr/include/c++/11/bits/stl_algobase.h:71\x1b[m\x1b[K,\n'}
[14.175730] (quadruped_control) StderrLine: {'line': b'                 from \x1b[01m\x1b[K/usr/include/c++/11/memory:63\x1b[m\x1b[K,\n'}
[14.175932] (quadruped_control) StderrLine: {'line': b'                 from \x1b[01m\x1b[K/opt/ros/iron/include/rclcpp/rclcpp/rclcpp.hpp:165\x1b[m\x1b[K,\n'}
[14.176221] (quadruped_control) StderrLine: {'line': b'                 from \x1b[01m\x1b[K/home/jonnydang2004/QUADRAPED/src/quadruped_control/src/motor_config.cpp:1\x1b[m\x1b[K:\n'}
[14.176420] (quadruped_control) StderrLine: {'line': b'\x1b[01m\x1b[K/usr/include/c++/11/bits/predefined_ops.h:270:24:\x1b[m\x1b[K \x1b[01;36m\x1b[Knote: \x1b[m\x1b[K  \xe2\x80\x98\x1b[01m\x1b[KServo\x1b[m\x1b[K\xe2\x80\x99 is not derived from \xe2\x80\x98\x1b[01m\x1b[Kconst __gnu_cxx::__normal_iterator<_IteratorL, _Container>\x1b[m\x1b[K\xe2\x80\x99\n'}
[14.176688] (quadruped_control) StderrLine: {'line': b'  270 |         { return \x1b[01;36m\x1b[K*__it == _M_value\x1b[m\x1b[K; }\n'}
[14.176950] (quadruped_control) StderrLine: {'line': b'      |                  \x1b[01;36m\x1b[K~~~~~~^~~~~~~~~~~\x1b[m\x1b[K\n'}
[14.177231] (quadruped_control) StderrLine: {'line': b'In file included from \x1b[01m\x1b[K/usr/include/c++/11/bits/stl_algobase.h:67\x1b[m\x1b[K,\n'}
[14.177650] (quadruped_control) StderrLine: {'line': b'                 from \x1b[01m\x1b[K/usr/include/c++/11/memory:63\x1b[m\x1b[K,\n'}
[14.188274] (quadruped_control) StderrLine: {'line': b'                 from \x1b[01m\x1b[K/opt/ros/iron/include/rclcpp/rclcpp/rclcpp.hpp:165\x1b[m\x1b[K,\n'}
[14.188615] (quadruped_control) StderrLine: {'line': b'                 from \x1b[01m\x1b[K/home/jonnydang2004/QUADRAPED/src/quadruped_control/src/motor_config.cpp:1\x1b[m\x1b[K:\n'}
[14.188848] (quadruped_control) StderrLine: {'line': b'\x1b[01m\x1b[K/usr/include/c++/11/bits/stl_iterator.h:1163:5:\x1b[m\x1b[K \x1b[01;36m\x1b[Knote: \x1b[m\x1b[Kcandidate: \xe2\x80\x98\x1b[01m\x1b[Ktemplate<class _Iterator, class _Container> bool __gnu_cxx::operator==(const __gnu_cxx::__normal_iterator<_Iterator, _Container>&, const __gnu_cxx::__normal_iterator<_Iterator, _Container>&)\x1b[m\x1b[K\xe2\x80\x99\n'}
[14.189069] (quadruped_control) StderrLine: {'line': b' 1163 |     \x1b[01;36m\x1b[Koperator\x1b[m\x1b[K==(const __normal_iterator<_Iterator, _Container>& __lhs,\n'}
[14.189287] (quadruped_control) StderrLine: {'line': b'      |     \x1b[01;36m\x1b[K^~~~~~~~\x1b[m\x1b[K\n'}
[14.189561] (quadruped_control) StderrLine: {'line': b'\x1b[01m\x1b[K/usr/include/c++/11/bits/stl_iterator.h:1163:5:\x1b[m\x1b[K \x1b[01;36m\x1b[Knote: \x1b[m\x1b[K  template argument deduction/substitution failed:\n'}
[14.189783] (quadruped_control) StderrLine: {'line': b'In file included from \x1b[01m\x1b[K/usr/include/c++/11/bits/stl_algobase.h:71\x1b[m\x1b[K,\n'}
[14.190078] (quadruped_control) StderrLine: {'line': b'                 from \x1b[01m\x1b[K/usr/include/c++/11/memory:63\x1b[m\x1b[K,\n'}
[14.190314] (quadruped_control) StderrLine: {'line': b'                 from \x1b[01m\x1b[K/opt/ros/iron/include/rclcpp/rclcpp/rclcpp.hpp:165\x1b[m\x1b[K,\n'}
[14.190489] (quadruped_control) StderrLine: {'line': b'                 from \x1b[01m\x1b[K/home/jonnydang2004/QUADRAPED/src/quadruped_control/src/motor_config.cpp:1\x1b[m\x1b[K:\n'}
[14.190847] (quadruped_control) StderrLine: {'line': b'\x1b[01m\x1b[K/usr/include/c++/11/bits/predefined_ops.h:270:24:\x1b[m\x1b[K \x1b[01;36m\x1b[Knote: \x1b[m\x1b[K  \xe2\x80\x98\x1b[01m\x1b[KServo\x1b[m\x1b[K\xe2\x80\x99 is not derived from \xe2\x80\x98\x1b[01m\x1b[Kconst __gnu_cxx::__normal_iterator<_Iterator, _Container>\x1b[m\x1b[K\xe2\x80\x99\n'}
[14.191203] (quadruped_control) StderrLine: {'line': b'  270 |         { return \x1b[01;36m\x1b[K*__it == _M_value\x1b[m\x1b[K; }\n'}
[14.191450] (quadruped_control) StderrLine: {'line': b'      |                  \x1b[01;36m\x1b[K~~~~~~^~~~~~~~~~~\x1b[m\x1b[K\n'}
[14.242159] (-) TimerEvent: {}
[14.345250] (-) TimerEvent: {}
[14.445884] (-) TimerEvent: {}
[14.546587] (-) TimerEvent: {}
[14.647216] (-) TimerEvent: {}
[14.747830] (-) TimerEvent: {}
[14.848539] (-) TimerEvent: {}
[14.949323] (-) TimerEvent: {}
[15.049932] (-) TimerEvent: {}
[15.150514] (-) TimerEvent: {}
[15.251380] (-) TimerEvent: {}
[15.352096] (-) TimerEvent: {}
[15.401879] (quadruped_control) StderrLine: {'line': b'gmake[2]: *** [CMakeFiles/motor_config.dir/build.make:76: CMakeFiles/motor_config.dir/src/motor_config.cpp.o] Error 1\n'}
[15.402603] (quadruped_control) StderrLine: {'line': b'gmake[1]: *** [CMakeFiles/Makefile2:165: CMakeFiles/motor_config.dir/all] Error 2\n'}
[15.403297] (quadruped_control) StderrLine: {'line': b'gmake: *** [Makefile:146: all] Error 2\n'}
[15.407620] (quadruped_control) CommandEnded: {'returncode': 2}
[15.452481] (-) TimerEvent: {}
[15.514659] (quadruped_control) JobEnded: {'identifier': 'quadruped_control', 'rc': 2}
[15.566543] (-) TimerEvent: {}
[15.566742] (-) EventReactorShutdown: {}
